recence,frequence,montant_total,montant_moyen,montant_std,anciennete_jours,freq_hebdo_moyenne,pct_achat_credit,pct_depot,pct_paiement_facture,pct_retrait,pct_transfert,cv_montant,cluster_kmeans,cluster_cha
7,3,508500.0,169500.0,25548.972582082435,161,0.13043478260869565,0.0,0.3333333333333333,0.0,0.3333333333333333,0.3333333333333333,0.15073140166420315,4,5
144,2,20500.0,10250.0,3181.9805153394636,157,0.089171974522293,0.5,0.0,0.0,0.5,0.0,0.31043712344775254,4,3
31,2,189000.0,94500.0,11313.70849898476,97,0.14432989690721648,0.0,0.5,0.0,0.0,0.5,0.1197217830580398,2,5
29,15,1817000.0,121133.33333333333,78085.91117358832,177,0.5932203389830508,0.0,0.0,0.6,0.26666666666666666,0.13333333333333333,0.6446277752360071,3,1
3,20,635500.0,31775.0,18733.220562187886,171,0.8187134502923977,0.15,0.15,0.05,0.4,0.25,0.5895584755999335,0,2
116,2,14000.0,7000.0,4242.640687119285,148,0.0945945945945946,0.5,0.0,0.0,0.0,0.5,0.6060915267313264,1,3
182,1,417000.0,417000.0,0.0,182,0.038461538461538464,0.0,0.0,0.0,0.0,1.0,0.0,6,6
86,2,141500.0,70750.0,37123.10601229374,160,0.0875,0.0,0.5,0.0,0.0,0.5,0.5247082121878974,2,5
7,19,913000.0,48052.63157894737,25129.605568400628,165,0.806060606060606,0.05263157894736842,0.3684210526315789,0.05263157894736842,0.15789473684210525,0.3684210526315789,0.5229600282580634,0,2
7,22,16512000.0,750545.4545454546,524355.0439551546,182,0.8461538461538461,0.045454545454545456,0.8181818181818182,0.0,0.045454545454545456,0.09090909090909091,0.698631962634048,5,0
48,1,17000.0,17000.0,0.0,48,0.14583333333333334,0.0,0.0,0.0,1.0,0.0,0.0,4,4
45,5,38500.0,7700.0,3684.426685388108,159,0.220125786163522,0.4,0.0,0.0,0.2,0.4,0.4784969721283257,1,3
16,14,1388000.0,99142.85714285714,32851.313386359325,176,0.5568181818181819,0.0,0.07142857142857142,0.5,0.21428571428571427,0.21428571428571427,0.3313533050497338,3,1
26,1,132000.0,132000.0,0.0,26,0.2692307692307692,0.0,0.0,1.0,0.0,0.0,0.0,2,6
22,4,54500.0,13625.0,9312.849546012578,171,0.16374269005847955,0.25,0.25,0.0,0.5,0.0,0.6835118932853268,4,5
88,4,75000.0,18750.0,6812.977811989898,166,0.1686746987951807,0.0,0.0,0.0,0.75,0.25,0.36335881663946124,4,5
3,16,16966000.0,1060375.0,639915.4501442619,153,0.7320261437908496,0.0,0.4375,0.1875,0.1875,0.1875,0.6034803254926436,5,0
18,18,731500.0,40638.88888888889,14987.058687566921,181,0.6961325966850829,0.16666666666666666,0.1111111111111111,0.05555555555555555,0.2777777777777778,0.3888888888888889,0.3687861331185298,0,2
79,2,222500.0,111250.0,92984.541726031,83,0.1686746987951807,0.0,0.0,0.5,0.0,0.5,0.8358161054025259,2,5
27,24,2604500.0,108520.83333333333,41106.82773252984,174,0.9655172413793103,0.0,0.08333333333333333,0.8333333333333334,0.0,0.08333333333333333,0.37879203900200276,3,1
12,3,255500.0,85166.66666666667,36387.95588286505,177,0.11864406779661017,0.0,0.3333333333333333,0.3333333333333333,0.0,0.3333333333333333,0.4272558420688655,2,5
88,3,31500.0,10500.0,866.0254037844386,135,0.15555555555555556,0.3333333333333333,0.0,0.0,0.0,0.6666666666666666,0.08247860988423225,6,3
10,5,30500.0,6100.0,2133.0729007701543,164,0.2134146341463415,0.2,0.4,0.2,0.0,0.2,0.3496840820934679,2,3
151,1,180500.0,180500.0,0.0,151,0.04635761589403973,0.0,0.0,0.0,0.0,1.0,0.0,6,6
14,2,822000.0,411000.0,197282.79195104676,39,0.358974358974359,0.0,0.0,0.5,0.0,0.5,0.4800067930682403,3,5
2,16,1310525.3202376454,81907.83251485284,165489.50769055673,181,0.6187845303867403,0.0625,0.25,0.1875,0.375,0.125,2.0204356849578153,0,0
4,15,11308000.0,753866.6666666666,378397.5359831182,170,0.6176470588235294,0.13333333333333333,0.4666666666666667,0.13333333333333333,0.13333333333333333,0.13333333333333333,0.5019422567869449,5,0
15,18,748000.0,41555.555555555555,20166.869226012375,181,0.6961325966850829,0.0,0.16666666666666666,0.05555555555555555,0.3333333333333333,0.4444444444444444,0.4852989920698165,0,2
2,18,620000.0,34444.444444444445,20036.649427023418,170,0.7411764705882353,0.16666666666666666,0.2222222222222222,0.05555555555555555,0.2222222222222222,0.3333333333333333,0.581709176913583,0,2
28,13,1290000.0,99230.76923076923,37223.768943498646,172,0.5290697674418604,0.15384615384615385,0.0,0.7692307692307693,0.07692307692307693,0.0,0.3751232529189786,3,1
39,19,1818500.0,95710.52631578948,41558.966070135975,175,0.76,0.0,0.10526315789473684,0.7368421052631579,0.05263157894736842,0.10526315789473684,0.43421520777156086,3,1
182,1,7500.0,7500.0,0.0,182,0.038461538461538464,1.0,0.0,0.0,0.0,0.0,0.0,1,3
95,2,74000.0,37000.0,8485.28137423857,113,0.12389380530973451,0.5,0.0,0.0,0.5,0.0,0.22933192903347485,4,3
58,2,37000.0,18500.0,3535.5339059327375,125,0.112,0.0,0.0,0.0,0.0,1.0,0.19110994086122907,6,5
1,16,16652500.0,1040781.25,1247415.86180859,173,0.6473988439306358,0.0,0.625,0.0625,0.1875,0.125,1.198537984623176,5,0
6,15,611500.0,40766.666666666664,15818.012637797576,179,0.5865921787709497,0.13333333333333333,0.4,0.06666666666666667,0.3333333333333333,0.06666666666666667,0.3880133925870215,0,2
15,19,742500.0,39078.94736842105,14458.045778019181,181,0.7348066298342542,0.21052631578947367,0.15789473684210525,0.10526315789473684,0.2631578947368421,0.2631578947368421,0.3699701949930834,0,2
7,16,9307500.0,581718.75,433398.468261791,164,0.6829268292682927,0.125,0.625,0.125,0.0625,0.0625,0.7450309419488215,5,0
82,2,24000.0,12000.0,2121.3203435596424,180,0.07777777777777778,0.0,0.0,0.0,0.0,1.0,0.17677669529663687,6,5
1,20,2062500.0,103125.0,42217.13140669942,181,0.7734806629834254,0.2,0.1,0.7,0.0,0.0,0.40937824394375194,3,1
25,2,21000.0,10500.0,4242.640687119285,70,0.2,0.0,0.0,0.0,0.5,0.5,0.40406101782088427,4,5
95,1,75000.0,75000.0,0.0,95,0.0736842105263158,0.0,1.0,0.0,0.0,0.0,0.0,2,6
1,25,2638500.0,105540.0,37979.413283163456,178,0.9831460674157304,0.08,0.2,0.48,0.04,0.2,0.35985799965097076,3,1
9,4,69000.0,17250.0,7686.568371733471,149,0.18791946308724833,0.25,0.25,0.0,0.25,0.25,0.4455981664773027,4,3
82,1,61000.0,61000.0,0.0,82,0.08536585365853659,1.0,0.0,0.0,0.0,0.0,0.0,1,3
12,2,278500.0,139250.0,20859.650045003153,97,0.14432989690721648,0.0,0.5,0.5,0.0,0.0,0.14980000032318241,2,5
42,3,55000.0,18333.333333333332,9278.110439811187,109,0.1926605504587156,0.0,0.0,0.3333333333333333,0.6666666666666666,0.0,0.5060787512624284,4,5
36,3,57000.0,19000.0,11258.330249197703,152,0.1381578947368421,0.0,0.0,0.0,0.6666666666666666,0.3333333333333333,0.5925436973261949,4,5
2,23,2581500.0,112239.13043478261,41531.98919486296,175,0.92,0.0,0.13043478260869565,0.7391304347826086,0.13043478260869565,0.0,0.37003128083743875,3,1
4,19,827500.0,43552.63157894737,35504.653347930674,182,0.7307692307692307,0.05263157894736842,0.2631578947368421,0.21052631578947367,0.2631578947368421,0.21052631578947367,0.815212584423786,0,2
3,19,1017000.0,53526.31578947369,28157.52992057489,172,0.7732558139534883,0.21052631578947367,0.21052631578947367,0.10526315789473684,0.2631578947368421,0.21052631578947367,0.5260502148386655,0,2
13,16,574000.0,35875.0,17925.30799363477,183,0.6120218579234973,0.0625,0.125,0.0625,0.375,0.375,0.49966015313267653,0,2
24,6,753500.0,125583.33333333333,48438.01881442579,161,0.2608695652173913,0.16666666666666666,0.16666666666666666,0.3333333333333333,0.3333333333333333,0.0,0.38570419759330427,0,5
24,15,1549000.0,103266.66666666667,33879.44312804841,182,0.5769230769230769,0.0,0.2,0.6,0.0,0.2,0.32807724139491684,3,1
14,18,1718500.0,95472.22222222222,37864.880602037236,177,0.711864406779661,0.05555555555555555,0.05555555555555555,0.8333333333333334,0.0,0.05555555555555555,0.3966062559421997,3,1
145,1,175000.0,175000.0,0.0,145,0.04827586206896552,0.0,0.0,0.0,0.0,1.0,0.0,6,6
4,13,8378500.0,644500.0,468789.3983442885,164,0.5548780487804879,0.07692307692307693,0.5384615384615384,0.0,0.23076923076923078,0.15384615384615385,0.7273691207824492,5,0
2,14,7094000.0,506714.28571428574,364437.69723347115,151,0.6490066225165563,0.0,0.42857142857142855,0.14285714285714285,0.21428571428571427,0.21428571428571427,0.7192173331362554,5,0
9,24,1143500.0,47645.833333333336,29201.131293848528,179,0.9385474860335195,0.08333333333333333,0.16666666666666666,0.041666666666666664,0.25,0.4583333333333333,0.6128790127261606,0,2
3,27,970000.0,35925.92592592593,20872.646667765417,181,1.0441988950276242,0.1111111111111111,0.25925925925925924,0.07407407407407407,0.2222222222222222,0.3333333333333333,0.5809911959068724,0,2
4,23,2588000.0,112521.73913043478,46238.629624646295,176,0.9147727272727273,0.043478260869565216,0.13043478260869565,0.6956521739130435,0.0,0.13043478260869565,0.41093063422212706,3,1
20,14,9096000.0,649714.2857142857,282485.44647915487,159,0.6163522012578616,0.0,0.5714285714285714,0.07142857142857142,0.21428571428571427,0.14285714285714285,0.4347841084771513,5,0
12,17,12643500.0,743735.2941176471,428802.0783840379,174,0.6839080459770115,0.058823529411764705,0.6470588235294118,0.058823529411764705,0.17647058823529413,0.058823529411764705,0.5765520095328543,5,0
129,2,595000.0,297500.0,395979.7974644666,142,0.09859154929577466,0.0,0.0,1.0,0.0,0.0,1.3310245292923246,3,5
25,21,2334000.0,111142.85714285714,37657.71596138793,182,0.8076923076923077,0.0,0.0,0.6666666666666666,0.23809523809523808,0.09523809523809523,0.3388226371847243,3,1
11,18,17487500.0,971527.7777777778,531406.7754062912,167,0.7544910179640718,0.0,0.7222222222222222,0.05555555555555555,0.1111111111111111,0.1111111111111111,0.5469805265082627,5,0
6,24,22389035.75834787,932876.4899311612,1591484.9962515752,183,0.9180327868852459,0.08333333333333333,0.625,0.125,0.08333333333333333,0.08333333333333333,1.705997539255185,5,0
8,1,49000.0,49000.0,0.0,8,0.875,0.0,0.0,0.0,0.0,1.0,0.0,6,6
16,13,709500.0,54576.92307692308,35004.6700181122,175,0.52,0.07692307692307693,0.23076923076923078,0.07692307692307693,0.23076923076923078,0.38461538461538464,0.6413822554410974,0,2
35,1,24000.0,24000.0,0.0,35,0.2,0.0,0.0,0.0,1.0,0.0,0.0,4,4
145,2,42000.0,21000.0,9192.388155425118,181,0.07734806629834254,0.5,0.0,0.0,0.0,0.5,0.437732769305958,1,3
10,4,148500.0,37125.0,24304.920626627576,125,0.224,0.0,0.25,0.0,0.25,0.5,0.654677996676837,0,5
129,2,384500.0,192250.0,105005.3570062023,143,0.0979020979020979,0.0,0.0,0.5,0.5,0.0,0.546191713946436,4,5
18,4,112000.0,28000.0,23607.908279501033,149,0.18791946308724833,0.0,0.0,0.25,0.5,0.25,0.8431395814107512,4,5
12,22,903000.0,41045.454545454544,19701.28657323406,182,0.8461538461538461,0.18181818181818182,0.22727272727272727,0.2727272727272727,0.13636363636363635,0.18181818181818182,0.4799870482958465,0,2
8,3,92000.0,30666.666666666668,7216.878364870322,73,0.2876712328767123,0.0,0.0,0.0,0.6666666666666666,0.3333333333333333,0.23533299015881484,4,5
134,2,34500.0,17250.0,5303.300858899106,141,0.09929078014184398,0.0,0.0,0.0,0.5,0.5,0.30743773095067284,4,5
2,20,2070500.0,103525.0,38694.64637252467,180,0.7777777777777778,0.05,0.1,0.75,0.1,0.0,0.3737710347502987,3,1
12,14,25592140.606026996,1828010.0432876425,4447808.54205086,168,0.5833333333333334,0.0,0.5,0.07142857142857142,0.21428571428571427,0.21428571428571427,2.4331422895530475,5,0
123,2,86500.0,43250.0,11667.261889578034,152,0.09210526315789473,0.0,0.0,0.0,0.0,1.0,0.26976328068388516,6,5
12,20,2383000.0,119150.0,57800.49626448766,173,0.8092485549132947,0.05,0.0,0.75,0.15,0.05,0.4851069766218016,3,1
51,3,45000.0,15000.0,5894.913061275798,108,0.19444444444444445,0.0,0.0,0.0,0.3333333333333333,0.6666666666666666,0.3929942040850532,6,5
40,2,358500.0,179250.0,126925.66722298528,92,0.15217391304347827,0.0,0.5,0.0,0.5,0.0,0.7080929831128886,4,5
4,17,817000.0,48058.82352941176,42843.42217341434,182,0.6538461538461539,0.058823529411764705,0.29411764705882354,0.058823529411764705,0.29411764705882354,0.29411764705882354,0.8914787967540316,0,2
26,13,525000.0,40384.61538461538,21914.753255658852,154,0.5909090909090909,0.23076923076923078,0.3076923076923077,0.07692307692307693,0.15384615384615385,0.23076923076923078,0.5426510329972668,0,2
14,22,1018500.0,46295.454545454544,24147.689966867034,159,0.9685534591194969,0.0,0.3181818181818182,0.13636363636363635,0.45454545454545453,0.09090909090909091,0.5215995869131809,0,2
1,15,1813500.0,120900.0,50517.74794211295,144,0.7291666666666666,0.0,0.13333333333333333,0.7333333333333333,0.0,0.13333333333333333,0.41784737751954465,3,1
7,21,12413500.0,591119.0476190476,333749.26609514456,182,0.8076923076923077,0.09523809523809523,0.6190476190476191,0.0,0.2857142857142857,0.0,0.5646058394488288,5,0
12,20,812500.0,40625.0,26549.791851696707,170,0.823529411764706,0.05,0.2,0.1,0.3,0.35,0.653533337887919,0,2
1,21,16150500.0,769071.4285714285,531921.0064876712,179,0.8212290502793296,0.0,0.5714285714285714,0.09523809523809523,0.19047619047619047,0.14285714285714285,0.691640576839175,5,0
17,17,539500.0,31735.29411764706,14726.801297993676,178,0.6685393258426967,0.11764705882352941,0.29411764705882354,0.058823529411764705,0.11764705882352941,0.4117647058823529,0.46405119938070893,0,2
18,15,1697500.0,113166.66666666667,50550.42272914479,162,0.6481481481481481,0.06666666666666667,0.2,0.6,0.06666666666666667,0.06666666666666667,0.44669003884369474,3,1
23,4,71000.0,17750.0,7193.747284969079,116,0.24137931034482757,0.0,0.0,0.25,0.0,0.75,0.40528153718135657,6,5
66,3,76500.0,25500.0,26286.878856189833,156,0.1346153846153846,0.3333333333333333,0.0,0.3333333333333333,0.0,0.3333333333333333,1.0308579943603855,1,3
75,3,47000.0,15666.666666666666,9609.02353693305,152,0.1381578947368421,0.0,0.0,0.0,0.6666666666666666,0.3333333333333333,0.6133419278893436,4,5
7,25,2500000.0,100000.0,37319.28679204182,183,0.9562841530054645,0.04,0.08,0.64,0.04,0.2,0.3731928679204182,3,1
94,1,9000.0,9000.0,0.0,94,0.07446808510638298,0.0,0.0,0.0,0.0,1.0,0.0,6,6
11,15,563500.0,37566.666666666664,24678.552477423636,154,0.6818181818181818,0.0,0.4666666666666667,0.3333333333333333,0.06666666666666667,0.13333333333333333,0.6569268627530693,0,2
23,15,715500.0,47700.0,33279.55185137822,182,0.5769230769230769,0.06666666666666667,0.3333333333333333,0.06666666666666667,0.4,0.13333333333333333,0.6976845251861262,0,2
34,4,32000.0,8000.0,2081.6659994661327,73,0.3835616438356164,0.75,0.25,0.0,0.0,0.0,0.2602082499332666,1,3
12,3,38000.0,12666.666666666666,8144.527815247077,121,0.17355371900826447,0.3333333333333333,0.0,0.0,0.6666666666666666,0.0,0.642989038045822,4,3
12,21,2047000.0,97476.19047619047,37875.94097526694,165,0.8909090909090909,0.0,0.047619047619047616,0.6666666666666666,0.14285714285714285,0.14285714285714285,0.3885660774209114,3,1
6,4,72000.0,18000.0,8669.871202426635,171,0.16374269005847955,0.25,0.0,0.0,0.5,0.25,0.48165951124592415,4,3
38,3,25500.0,8500.0,4092.676385936225,164,0.12804878048780488,0.6666666666666666,0.0,0.0,0.0,0.3333333333333333,0.4814913395219088,1,3
76,4,1054000.0,263500.0,191208.87357372654,156,0.1794871794871795,0.0,0.0,0.25,0.25,0.5,0.7256503740938388,4,5
1,9,728500.0,80944.44444444444,15583.333333333334,159,0.3962264150943396,0.0,0.0,0.8888888888888888,0.1111111111111111,0.0,0.19251887439945095,3,1
10,3,47500.0,15833.333333333334,3785.938897200182,95,0.22105263157894736,0.0,0.0,0.0,0.6666666666666666,0.3333333333333333,0.23911193034948516,4,5
181,1,9500.0,9500.0,0.0,181,0.03867403314917127,0.0,1.0,0.0,0.0,0.0,0.0,2,6
9,15,774000.0,51600.0,42232.01223175208,165,0.6363636363636364,0.06666666666666667,0.2,0.06666666666666667,0.4,0.26666666666666666,0.8184498494525597,0,2
62,4,27000.0,6750.0,2466.4414311581236,154,0.18181818181818182,0.75,0.0,0.0,0.25,0.0,0.3653987305419442,1,3
7,9,7724500.0,858277.7777777778,585074.5204197875,183,0.3442622950819672,0.0,0.2222222222222222,0.1111111111111111,0.3333333333333333,0.3333333333333333,0.6816843399285504,5,0
155,2,31000.0,15500.0,6363.961030678927,169,0.08284023668639054,0.0,0.0,0.5,0.5,0.0,0.41057813101154367,4,5
61,2,48000.0,24000.0,7778.174593052023,147,0.09523809523809523,0.0,0.0,0.0,0.5,0.5,0.32409060804383427,4,5
19,16,12718000.0,794875.0,448250.2091466327,182,0.6153846153846154,0.0,0.6875,0.1875,0.125,0.0,0.5639254085820194,5,0
11,14,443000.0,31642.85714285714,17296.54097414653,180,0.5444444444444444,0.07142857142857142,0.14285714285714285,0.14285714285714285,0.2857142857142857,0.35714285714285715,0.5466175477156917,0,2
71,1,133000.0,133000.0,0.0,71,0.09859154929577466,0.0,0.0,0.0,1.0,0.0,0.0,4,4
43,2,168500.0,84250.0,27223.611075682078,84,0.16666666666666666,0.0,0.0,0.0,0.0,1.0,0.32312891484489115,6,5
20,21,2525500.0,120261.90476190476,46826.172982536984,175,0.84,0.047619047619047616,0.047619047619047616,0.5714285714285714,0.23809523809523808,0.09523809523809523,0.3893682964297274,3,1
16,3,54500.0,18166.666666666668,11250.925887825115,147,0.14285714285714285,0.0,0.0,0.0,0.3333333333333333,0.6666666666666666,0.6193170213481715,6,5
15,16,1915000.0,119687.5,55341.02607168272,153,0.7320261437908496,0.0,0.0625,0.75,0.0625,0.125,0.4623793301028321,3,1
7,14,17437500.0,1245535.7142857143,1214954.422448173,170,0.5764705882352942,0.07142857142857142,0.2857142857142857,0.14285714285714285,0.2857142857142857,0.21428571428571427,0.9754472782379596,5,0
4,9,981500.0,109055.55555555556,36582.479109237225,159,0.3962264150943396,0.0,0.0,0.7777777777777778,0.2222222222222222,0.0,0.3354481018676872,3,1
45,12,473000.0,39416.666666666664,16895.175929743073,180,0.4666666666666667,0.08333333333333333,0.3333333333333333,0.16666666666666666,0.08333333333333333,0.3333333333333333,0.42863025614570166,0,2
129,2,68500.0,34250.0,35001.785668734105,163,0.08588957055214724,0.0,0.0,0.0,1.0,0.0,1.0219499465323827,4,4
10,16,600000.0,37500.0,27019.12902617946,183,0.6120218579234973,0.0,0.25,0.125,0.3125,0.3125,0.7205101073647856,0,2
8,25,15445500.0,617820.0,465924.61568369623,182,0.9615384615384616,0.08,0.52,0.12,0.2,0.08,0.754142979644065,5,0
6,5,64500.0,12900.0,4321.45808726638,136,0.2573529411764706,0.0,0.2,0.0,0.6,0.2,0.33499675095088216,4,5
6,24,1283500.0,53479.166666666664,36963.69522237669,158,1.0632911392405062,0.041666666666666664,0.20833333333333334,0.08333333333333333,0.5,0.16666666666666666,0.6911793419065373,0,2
3,13,435500.0,33500.0,15388.036478598127,148,0.6148648648648649,0.15384615384615385,0.15384615384615385,0.15384615384615385,0.15384615384615385,0.38461538461538464,0.4593443724954665,0,2
2,22,16611000.0,755045.4545454546,548526.0967245577,181,0.8508287292817679,0.0,0.45454545454545453,0.13636363636363635,0.2727272727272727,0.13636363636363635,0.726480893861915,5,0
2,21,772500.0,36785.71428571428,15832.380923736191,180,0.8166666666666667,0.047619047619047616,0.19047619047619047,0.14285714285714285,0.14285714285714285,0.47619047619047616,0.43039482122778,0,2
40,3,18500.0,6166.666666666667,2020.7259421636902,173,0.12138728323699421,0.3333333333333333,0.3333333333333333,0.0,0.0,0.3333333333333333,0.3276852879184362,1,3
7,15,20423970.891309112,1361598.0594206075,2250754.0690180208,183,0.5737704918032787,0.0,0.7333333333333333,0.06666666666666667,0.06666666666666667,0.13333333333333333,1.653023851969773,5,0
43,3,61000.0,20333.333333333332,4252.450274057691,49,0.42857142857142855,0.0,0.0,0.3333333333333333,0.6666666666666666,0.0,0.20913689872414876,4,5
5,15,9230500.0,615366.6666666666,489199.65492726216,168,0.625,0.0,0.5333333333333333,0.13333333333333333,0.06666666666666667,0.26666666666666666,0.7949726259583915,5,0
15,19,794000.0,41789.47368421053,19414.567690177686,180,0.7388888888888888,0.10526315789473684,0.3157894736842105,0.05263157894736842,0.21052631578947367,0.3157894736842105,0.46458033515538544,0,2
35,2,15000.0,7500.0,707.1067811865476,136,0.10294117647058824,1.0,0.0,0.0,0.0,0.0,0.09428090415820634,1,3
18,16,10799500.0,674968.75,692730.189630133,181,0.6187845303867403,0.0,0.5,0.0625,0.25,0.1875,1.0263144621586302,5,0
47,3,735500.0,245166.66666666666,158592.50717903837,143,0.14685314685314688,0.0,0.3333333333333333,0.3333333333333333,0.0,0.3333333333333333,0.6468763039253774,2,5
3,14,569500.0,40678.57142857143,24159.41219902086,172,0.5697674418604651,0.07142857142857142,0.21428571428571427,0.07142857142857142,0.42857142857142855,0.21428571428571427,0.5939100452788271,0,2
6,20,14386500.0,719325.0,647177.7042830298,177,0.7909604519774012,0.0,0.5,0.0,0.2,0.3,0.8997013926709482,5,0
8,24,18714500.0,779770.8333333334,610537.2007176508,183,0.9180327868852459,0.0,0.625,0.041666666666666664,0.20833333333333334,0.125,0.782970040194695,5,0
18,3,23500.0,7833.333333333333,4252.450274057691,111,0.18918918918918917,0.6666666666666666,0.3333333333333333,0.0,0.0,0.0,0.5428659924328967,1,3
9,19,10669500.0,561552.6315789474,354050.29047740455,175,0.76,0.05263157894736842,0.5263157894736842,0.2631578947368421,0.05263157894736842,0.10526315789473684,0.6304846074390258,5,0
12,14,8278000.0,591285.7142857143,432810.12510753993,181,0.5414364640883977,0.07142857142857142,0.6428571428571429,0.0,0.14285714285714285,0.14285714285714285,0.7319813664539211,5,0
26,2,28500.0,14250.0,1060.6601717798212,156,0.08974358974358974,0.0,0.0,0.0,1.0,0.0,0.07443229275647868,4,4
28,2,21500.0,10750.0,3181.9805153394636,53,0.2641509433962264,0.0,0.0,0.0,0.5,0.5,0.2959981874734385,4,5
6,19,14589500.0,767868.4210526316,562993.9027226885,178,0.7471910112359551,0.10526315789473684,0.5263157894736842,0.10526315789473684,0.05263157894736842,0.21052631578947367,0.7331905926680888,5,0
121,3,48500.0,16166.666666666666,6048.415770541352,142,0.14788732394366197,0.0,0.3333333333333333,0.0,0.3333333333333333,0.3333333333333333,0.3741288105489496,4,5
17,22,935000.0,42500.0,25904.58683414231,180,0.8555555555555555,0.09090909090909091,0.45454545454545453,0.09090909090909091,0.22727272727272727,0.13636363636363635,0.6095196902151131,0,2
25,2,1373000.0,686500.0,166170.09357883866,118,0.11864406779661017,0.0,0.5,0.0,0.5,0.0,0.24205403288978683,2,5
26,1,395000.0,395000.0,0.0,26,0.2692307692307692,0.0,0.0,0.0,0.0,1.0,0.0,6,6
14,13,577500.0,44423.07692307692,24875.39459808138,183,0.4972677595628415,0.23076923076923078,0.3076923076923077,0.07692307692307693,0.15384615384615385,0.23076923076923078,0.5599655926840831,0,2
3,11,14138000.0,1285272.7272727273,989156.4679977674,165,0.4666666666666666,0.18181818181818182,0.6363636363636364,0.09090909090909091,0.09090909090909091,0.0,0.7696082294508022,5,0
13,15,541000.0,36066.666666666664,19097.36955210125,147,0.7142857142857143,0.06666666666666667,0.4,0.06666666666666667,0.3333333333333333,0.13333333333333333,0.5295019284316428,0,2
21,13,1466500.0,112807.69230769231,40810.30224380566,170,0.5352941176470588,0.0,0.07692307692307693,0.7692307692307693,0.07692307692307693,0.07692307692307693,0.3617687890688534,3,1
2,3,61500.0,20500.0,4272.001872658766,152,0.1381578947368421,0.0,0.3333333333333333,0.3333333333333333,0.0,0.3333333333333333,0.20839033525164713,2,5
5,18,2344500.0,130250.0,53997.34470595862,179,0.7039106145251396,0.0,0.0,0.8333333333333334,0.16666666666666666,0.0,0.41456694591906806,3,1
15,14,1452000.0,103714.28571428571,24767.933895473587,169,0.5798816568047337,0.0,0.14285714285714285,0.6428571428571429,0.14285714285714285,0.07142857142857142,0.2388092799839051,3,1
58,1,55000.0,55000.0,0.0,58,0.12068965517241378,0.0,0.0,0.0,0.0,1.0,0.0,6,6
2,21,907000.0,43190.47619047619,22672.933307402127,183,0.8032786885245902,0.09523809523809523,0.2857142857142857,0.09523809523809523,0.23809523809523808,0.2857142857142857,0.5249521493444814,0,2
6,4,21000.0,5250.0,1190.2380714238084,146,0.1917808219178082,0.5,0.0,0.0,0.0,0.5,0.22671201360453494,1,3
144,1,13500.0,13500.0,0.0,144,0.048611111111111105,0.0,0.0,0.0,1.0,0.0,0.0,4,4
15,16,566000.0,35375.0,19988.74683415646,183,0.6120218579234973,0.0,0.4375,0.0625,0.375,0.125,0.5650529140397585,0,2
4,20,13583500.0,679175.0,342880.95505890273,176,0.7954545454545455,0.05,0.55,0.15,0.2,0.05,0.5048491994830533,5,0
121,2,43000.0,21500.0,7778.174593052023,149,0.09395973154362416,1.0,0.0,0.0,0.0,0.0,0.36177556246753595,1,3
169,1,138000.0,138000.0,0.0,169,0.04142011834319527,0.0,0.0,1.0,0.0,0.0,0.0,2,6
90,1,243000.0,243000.0,0.0,90,0.07777777777777778,0.0,0.0,1.0,0.0,0.0,0.0,2,6
20,2,43500.0,21750.0,10253.048327204939,109,0.12844036697247707,0.5,0.0,0.5,0.0,0.0,0.4714045207910317,1,3
43,1,9500.0,9500.0,0.0,43,0.1627906976744186,1.0,0.0,0.0,0.0,0.0,0.0,1,3
98,1,9500.0,9500.0,0.0,98,0.07142857142857142,0.0,0.0,0.0,1.0,0.0,0.0,4,4
22,19,16072000.0,845894.7368421053,574825.325617061,179,0.7430167597765363,0.05263157894736842,0.7894736842105263,0.10526315789473684,0.05263157894736842,0.0,0.6795471121655151,5,0
37,4,58000.0,14500.0,3291.402943021916,167,0.16766467065868262,0.0,0.25,0.0,0.0,0.75,0.22699330641530457,6,5
11,3,19000.0,6333.333333333333,4645.786621588784,143,0.14685314685314688,0.6666666666666666,0.0,0.0,0.3333333333333333,0.0,0.7335452560403344,1,3
39,12,1061058.3945874933,88421.53288229111,120987.91910188991,167,0.5029940119760479,0.16666666666666666,0.3333333333333333,0.16666666666666666,0.25,0.08333333333333333,1.368308319908364,0,0
27,15,720000.0,48000.0,34588.39607234112,163,0.6441717791411044,0.06666666666666667,0.3333333333333333,0.06666666666666667,0.26666666666666666,0.26666666666666666,0.7205915848404401,0,2
76,2,61000.0,30500.0,26162.95090390226,183,0.07650273224043716,0.0,0.5,0.0,0.5,0.0,0.857801668980402,4,5
12,3,29000.0,9666.666666666666,2843.1203515386637,139,0.1510791366906475,0.6666666666666666,0.0,0.3333333333333333,0.0,0.0,0.2941158984350342,1,3
83,3,642000.0,214000.0,200473.81375132265,118,0.17796610169491525,0.0,0.0,0.0,0.6666666666666666,0.3333333333333333,0.9367935222024423,4,5
6,18,2027000.0,112611.11111111111,38727.00667172244,182,0.6923076923076923,0.05555555555555555,0.0,0.8888888888888888,0.0,0.05555555555555555,0.34390040458362303,3,1
128,1,177000.0,177000.0,0.0,128,0.0546875,0.0,0.0,1.0,0.0,0.0,0.0,2,6
137,1,405500.0,405500.0,0.0,137,0.0510948905109489,0.0,0.0,0.0,1.0,0.0,0.0,4,4
10,12,9694000.0,807833.3333333334,563676.3390027252,172,0.4883720930232558,0.08333333333333333,0.5833333333333334,0.0,0.25,0.08333333333333333,0.6977631594834642,5,0
34,2,54500.0,27250.0,16617.009357883868,34,0.411764705882353,0.5,0.0,0.0,0.5,0.0,0.609798508546197,4,3
15,3,586000.0,195333.33333333334,99174.50949378744,122,0.17213114754098363,0.3333333333333333,0.0,0.0,0.3333333333333333,0.3333333333333333,0.5077193318794578,4,5
14,25,2526500.0,101060.0,46109.317568867424,180,0.9722222222222222,0.04,0.16,0.68,0.08,0.04,0.4562568530463826,3,1
78,4,69000.0,17250.0,9844.626283748239,154,0.18181818181818182,0.0,0.0,0.25,0.5,0.25,0.5707029729709124,4,5
7,24,1334000.0,55583.333333333336,40316.86093140584,183,0.9180327868852459,0.16666666666666666,0.16666666666666666,0.08333333333333333,0.4166666666666667,0.16666666666666666,0.725340826352129,0,2
27,14,1638000.0,117000.0,47128.302781629245,179,0.547486033519553,0.14285714285714285,0.07142857142857142,0.5714285714285714,0.07142857142857142,0.14285714285714285,0.40280600668059185,3,1
9,3,88000.0,29333.333333333332,28329.90175297707,77,0.2727272727272727,0.0,0.3333333333333333,0.0,0.0,0.6666666666666666,0.9657921052151275,6,5
128,3,24000.0,8000.0,1500.0,145,0.14482758620689654,1.0,0.0,0.0,0.0,0.0,0.1875,1,3
128,1,14000.0,14000.0,0.0,128,0.0546875,0.0,0.0,0.0,0.0,1.0,0.0,6,6
5,18,923500.0,51305.555555555555,28306.17210229895,176,0.7159090909090909,0.05555555555555555,0.16666666666666666,0.2777777777777778,0.2222222222222222,0.2777777777777778,0.5517174854806509,0,2
156,1,145500.0,145500.0,0.0,156,0.04487179487179487,0.0,1.0,0.0,0.0,0.0,0.0,2,6
26,13,433000.0,33307.692307692305,18627.419822153824,170,0.5352941176470588,0.0,0.07692307692307693,0.0,0.6153846153846154,0.3076923076923077,0.5592527891177823,0,2
8,26,1114000.0,42846.153846153844,33036.87915974184,176,1.0340909090909092,0.07692307692307693,0.23076923076923078,0.19230769230769232,0.3076923076923077,0.19230769230769232,0.7710582209634541,0,2
1,21,15494500.0,737833.3333333334,889527.7305027277,176,0.8352272727272727,0.0,0.8095238095238095,0.047619047619047616,0.09523809523809523,0.047619047619047616,1.2055943941758225,5,0
97,1,330500.0,330500.0,0.0,97,0.07216494845360824,0.0,0.0,0.0,1.0,0.0,0.0,4,4
10,17,563500.0,33147.05882352941,13265.044178547749,172,0.6918604651162791,0.058823529411764705,0.35294117647058826,0.11764705882352941,0.11764705882352941,0.35294117647058826,0.4001876682081841,0,2
133,1,12500.0,12500.0,0.0,133,0.05263157894736842,0.0,0.0,0.0,1.0,0.0,0.0,4,4
133,1,95500.0,95500.0,0.0,133,0.05263157894736842,0.0,1.0,0.0,0.0,0.0,0.0,2,6
63,2,10000.0,5000.0,1414.213562373095,97,0.14432989690721648,1.0,0.0,0.0,0.0,0.0,0.282842712474619,1,3
31,12,9050000.0,754166.6666666666,608742.1955196309,174,0.48275862068965514,0.08333333333333333,0.5,0.08333333333333333,0.16666666666666666,0.16666666666666666,0.8071719719597317,5,0
9,16,907000.0,56687.5,28001.711257230927,181,0.6187845303867403,0.0625,0.1875,0.0625,0.4375,0.25,0.4939662404803692,0,2
34,21,855000.0,40714.28571428572,30561.64730040391,172,0.8546511627906976,0.14285714285714285,0.3333333333333333,0.09523809523809523,0.2857142857142857,0.14285714285714285,0.7506369512379907,0,2
16,1,21000.0,21000.0,0.0,16,0.4375,0.0,0.0,0.0,1.0,0.0,0.0,4,4
4,18,661500.0,36750.0,20545.680811304355,183,0.6885245901639344,0.05555555555555555,0.2222222222222222,0.2222222222222222,0.2222222222222222,0.2777777777777778,0.5590661445252886,0,2
11,14,1498000.0,107000.0,55149.09860481019,180,0.5444444444444444,0.07142857142857142,0.0,0.7142857142857143,0.14285714285714285,0.07142857142857142,0.5154121364935532,3,1
27,15,666000.0,44400.0,32736.61122177606,180,0.5833333333333333,0.0,0.26666666666666666,0.2,0.3333333333333333,0.2,0.7373110635535148,0,2
13,19,16832000.0,885894.7368421053,604317.6725987787,172,0.7732558139534883,0.0,0.42105263157894735,0.05263157894736842,0.21052631578947367,0.3157894736842105,0.6821551675009978,5,0
25,17,2167000.0,127470.58823529411,48677.01927894058,178,0.6685393258426967,0.058823529411764705,0.23529411764705882,0.47058823529411764,0.11764705882352941,0.11764705882352941,0.3818686330143008,3,1
1,18,11413500.0,634083.3333333334,351806.0649746408,178,0.7078651685393259,0.0,0.3333333333333333,0.0,0.3888888888888889,0.2777777777777778,0.5548262294251136,5,0
4,16,1054500.0,65906.25,47991.3946279261,179,0.6256983240223464,0.0625,0.3125,0.1875,0.25,0.1875,0.7281766847290826,0,2
8,3,473500.0,157833.33333333334,193681.65461223564,164,0.12804878048780488,0.0,0.0,0.3333333333333333,0.3333333333333333,0.3333333333333333,1.2271276955368677,0,5
12,15,1434500.0,95633.33333333333,28831.695521884707,174,0.603448275862069,0.06666666666666667,0.06666666666666667,0.6666666666666666,0.06666666666666667,0.13333333333333333,0.30148165411521133,3,1
15,27,3121500.0,115611.11111111111,45851.41834341184,170,1.111764705882353,0.037037037037037035,0.037037037037037035,0.6296296296296297,0.1111111111111111,0.18518518518518517,0.3966004469877045,3,1
3,14,764000.0,54571.42857142857,24003.090460362633,170,0.5764705882352942,0.21428571428571427,0.2857142857142857,0.14285714285714285,0.2857142857142857,0.07142857142857142,0.43984720738884403,0,2
5,17,902500.0,53088.23529411765,35835.22851805436,177,0.672316384180791,0.058823529411764705,0.35294117647058826,0.0,0.4117647058823529,0.17647058823529413,0.6750126147445142,0,2
30,5,34000.0,6800.0,447.213595499958,171,0.20467836257309943,1.0,0.0,0.0,0.0,0.0,0.06576670522058206,1,3
89,2,25500.0,12750.0,3889.0872965260114,114,0.12280701754385966,0.0,0.0,0.0,0.0,1.0,0.3050264546294911,6,5
22,2,36500.0,18250.0,353.5533905932738,98,0.14285714285714285,0.0,1.0,0.0,0.0,0.0,0.019372788525658838,2,6
4,14,15424000.0,1101714.2857142857,704156.4706546658,180,0.5444444444444444,0.0,0.5,0.2857142857142857,0.07142857142857142,0.14285714285714285,0.6391461740900753,5,0
27,13,1215000.0,93461.53846153847,31364.431512504165,182,0.5,0.0,0.07692307692307693,0.7692307692307693,0.15384615384615385,0.0,0.33558651001033263,3,1
164,1,10000.0,10000.0,0.0,164,0.042682926829268296,1.0,0.0,0.0,0.0,0.0,0.0,1,3
94,1,7000.0,7000.0,0.0,94,0.07446808510638298,1.0,0.0,0.0,0.0,0.0,0.0,1,3
19,4,18500.0,4625.0,2286.737122335374,113,0.24778761061946902,0.5,0.0,0.0,0.25,0.25,0.4944296480725133,1,3
7,17,810500.0,47676.470588235294,17971.280192704853,174,0.6839080459770115,0.11764705882352941,0.23529411764705882,0.23529411764705882,0.17647058823529413,0.23529411764705882,0.3769423359358205,0,2
24,20,16787500.0,839375.0,854069.8984552543,179,0.7821229050279329,0.05,0.6,0.1,0.1,0.15,1.0175069527389478,5,0
4,15,1583000.0,105533.33333333333,44188.50313739773,154,0.6818181818181818,0.06666666666666667,0.13333333333333333,0.7333333333333333,0.06666666666666667,0.0,0.41871607521223375,3,1
7,23,1102500.0,47934.782608695656,44256.04846896022,179,0.8994413407821229,0.043478260869565216,0.43478260869565216,0.043478260869565216,0.34782608695652173,0.13043478260869565,0.9232554329125489,0,2
16,19,693500.0,36500.0,28570.57538408665,173,0.7687861271676301,0.05263157894736842,0.3157894736842105,0.0,0.5263157894736842,0.10526315789473684,0.7827554899749767,0,2
104,4,60500.0,15125.0,9104.714895774241,170,0.16470588235294117,0.0,0.0,0.0,0.25,0.75,0.6019646212082143,6,5
121,1,7000.0,7000.0,0.0,121,0.05785123966942149,1.0,0.0,0.0,0.0,0.0,0.0,1,3
1,17,11922000.0,701294.1176470588,533489.5166151209,169,0.7041420118343196,0.058823529411764705,0.6470588235294118,0.058823529411764705,0.058823529411764705,0.17647058823529413,0.7607215049871713,5,0
33,2,17500.0,8750.0,1060.6601717798212,36,0.38888888888888884,1.0,0.0,0.0,0.0,0.0,0.12121830534626528,1,3
118,2,520000.0,260000.0,115258.40533340725,133,0.10526315789473684,0.5,0.0,0.0,0.0,0.5,0.4433015589746433,1,5
15,14,14286500.0,1020464.2857142857,731444.4472382058,169,0.5798816568047337,0.0,0.5714285714285714,0.07142857142857142,0.14285714285714285,0.21428571428571427,0.7167761356059834,5,0
72,1,153500.0,153500.0,0.0,72,0.09722222222222221,0.0,0.0,1.0,0.0,0.0,0.0,2,6
2,21,841000.0,40047.619047619046,28930.479067025815,183,0.8032786885245902,0.14285714285714285,0.2857142857142857,0.09523809523809523,0.38095238095238093,0.09523809523809523,0.7224019743252582,0,2
8,15,684000.0,45600.0,28981.644437224644,178,0.5898876404494382,0.06666666666666667,0.26666666666666666,0.0,0.3333333333333333,0.3333333333333333,0.6355623780093124,0,2
20,1,45500.0,45500.0,0.0,20,0.35,0.0,1.0,0.0,0.0,0.0,0.0,2,6
42,1,180000.0,180000.0,0.0,42,0.16666666666666666,0.0,0.0,0.0,1.0,0.0,0.0,4,4
91,2,30500.0,15250.0,3889.0872965260114,149,0.09395973154362416,0.0,0.0,0.0,0.0,1.0,0.25502211780498435,6,5
1,17,8564500.0,503794.1176470588,406241.6560229087,180,0.6611111111111111,0.17647058823529413,0.5294117647058824,0.0,0.17647058823529413,0.11764705882352941,0.8063644290255646,5,0
3,14,2274745.430660127,162481.81647572338,197470.074192114,176,0.5568181818181819,0.21428571428571427,0.14285714285714285,0.42857142857142855,0.14285714285714285,0.07142857142857142,1.2153364510275417,3,0
11,2,328500.0,164250.0,137532.26894078348,122,0.11475409836065575,0.0,0.5,0.0,0.5,0.0,0.837334970720143,4,5
6,20,2451000.0,122550.0,55246.552643104966,176,0.7954545454545455,0.0,0.0,0.7,0.2,0.1,0.4508082631016317,3,1
89,3,55500.0,18500.0,6244.9979983983985,138,0.15217391304347824,0.0,0.3333333333333333,0.0,0.6666666666666666,0.0,0.3375674593728864,4,5
141,1,14000.0,14000.0,0.0,141,0.04964539007092199,0.0,0.0,0.0,0.0,1.0,0.0,6,6
81,2,48000.0,24000.0,4242.640687119285,172,0.0813953488372093,0.0,0.5,0.0,0.0,0.5,0.17677669529663687,2,5
8,21,2239000.0,106619.04761904762,47150.53148213303,146,1.0068493150684932,0.0,0.047619047619047616,0.7619047619047619,0.09523809523809523,0.09523809523809523,0.4422336583853478,3,1
61,2,176500.0,88250.0,13081.47545195113,110,0.1272727272727273,0.0,0.0,1.0,0.0,0.0,0.148232016452704,2,5
1,22,16702500.0,759204.5454545454,503266.0155020477,174,0.8850574712643678,0.045454545454545456,0.5,0.22727272727272727,0.09090909090909091,0.13636363636363635,0.662885935700946,5,0
15,1,17000.0,17000.0,0.0,15,0.4666666666666667,0.0,0.0,0.0,1.0,0.0,0.0,4,4
56,2,36000.0,18000.0,10606.601717798212,109,0.12844036697247707,0.0,0.0,0.0,0.5,0.5,0.5892556509887895,4,5
34,21,2066000.0,98380.95238095238,23919.60741834236,182,0.8076923076923077,0.047619047619047616,0.14285714285714285,0.7142857142857143,0.047619047619047616,0.047619047619047616,0.24313250522032406,3,1
157,1,166000.0,166000.0,0.0,157,0.0445859872611465,0.0,0.0,1.0,0.0,0.0,0.0,2,6
5,13,459500.0,35346.153846153844,14701.735463577954,127,0.7165354330708662,0.07692307692307693,0.15384615384615385,0.15384615384615385,0.23076923076923078,0.38461538461538464,0.4159359325930651,0,2
4,20,927500.0,46375.0,21233.584991210206,183,0.7650273224043715,0.1,0.1,0.05,0.55,0.2,0.4578670618050718,0,2
21,21,15775500.0,751214.2857142857,637010.2152130014,166,0.8855421686746987,0.09523809523809523,0.47619047619047616,0.19047619047619047,0.047619047619047616,0.19047619047619047,0.8479740432615783,5,0
5,13,443500.0,34115.38461538462,12881.11318648652,181,0.5027624309392265,0.07692307692307693,0.15384615384615385,0.23076923076923078,0.38461538461538464,0.15384615384615385,0.3775749073829194,0,2
113,1,77500.0,77500.0,0.0,113,0.061946902654867256,0.0,0.0,0.0,0.0,1.0,0.0,6,6
52,4,56000.0,14000.0,10376.254944182254,180,0.15555555555555556,0.0,0.25,0.0,0.25,0.5,0.7411610674415896,6,5
4,23,1376605.7662273375,59852.42461857989,78170.61776203442,168,0.9583333333333334,0.08695652173913043,0.34782608695652173,0.043478260869565216,0.2608695652173913,0.2608695652173913,1.3060559912182412,0,2
19,3,19000.0,6333.333333333333,2081.6659994661327,97,0.21649484536082472,0.6666666666666666,0.0,0.3333333333333333,0.0,0.0,0.3286841051788631,1,3
9,14,717000.0,51214.28571428572,38513.591150355,164,0.5975609756097562,0.14285714285714285,0.14285714285714285,0.07142857142857142,0.5,0.14285714285714285,0.7520087532844769,0,2
40,2,35000.0,17500.0,9192.388155425118,180,0.07777777777777778,0.0,0.5,0.0,0.5,0.0,0.5252793231671496,4,5
8,15,606000.0,40400.0,21786.46368734495,159,0.660377358490566,0.06666666666666667,0.0,0.3333333333333333,0.4,0.2,0.5392689031521027,0,2
3,16,750000.0,46875.0,36480.81687681898,177,0.632768361581921,0.0625,0.25,0.0625,0.625,0.0,0.7782574267054716,0,2
1,15,747500.0,49833.333333333336,17993.715834251954,182,0.5769230769230769,0.2,0.26666666666666666,0.0,0.26666666666666666,0.26666666666666666,0.3610779097174305,0,2
3,18,607000.0,33722.22222222222,23056.97688350613,153,0.8235294117647058,0.16666666666666666,0.2222222222222222,0.05555555555555555,0.2222222222222222,0.3333333333333333,0.6837324281764586,0,2
10,19,770000.0,40526.31578947369,19818.253149426084,182,0.7307692307692307,0.15789473684210525,0.42105263157894735,0.05263157894736842,0.21052631578947367,0.15789473684210525,0.4890218309598644,0,2
6,13,425500.0,32730.76923076923,16689.087483311992,174,0.5229885057471264,0.0,0.0,0.38461538461538464,0.46153846153846156,0.15384615384615385,0.509889864355008,0,2
5,17,15987000.0,940411.7647058824,703096.7713287703,177,0.672316384180791,0.17647058823529413,0.5294117647058824,0.11764705882352941,0.058823529411764705,0.11764705882352941,0.7476477833607991,5,0
17,19,1844000.0,97052.63157894737,33861.60343419229,153,0.869281045751634,0.10526315789473684,0.0,0.7894736842105263,0.05263157894736842,0.05263157894736842,0.3488993846256256,3,1
123,1,25500.0,25500.0,0.0,123,0.056910569105691054,0.0,0.0,0.0,1.0,0.0,0.0,4,4
13,5,99000.0,19800.0,16772.745750174596,124,0.282258064516129,0.0,0.0,0.0,0.0,1.0,0.8471083712209392,6,5
13,12,7860500.0,655041.6666666666,321948.2212980368,183,0.45901639344262296,0.0,0.6666666666666666,0.0,0.08333333333333333,0.25,0.49149273654047987,5,0
83,2,242500.0,121250.0,6010.407640085654,121,0.11570247933884298,0.0,0.0,0.5,0.5,0.0,0.04957037228936622,4,5
142,1,115500.0,115500.0,0.0,142,0.04929577464788733,0.0,0.0,0.0,1.0,0.0,0.0,4,4
15,22,749500.0,34068.181818181816,17885.412687801952,183,0.8415300546448088,0.0,0.045454545454545456,0.045454545454545456,0.45454545454545453,0.45454545454545453,0.5249887646853142,0,2
24,12,576000.0,48000.0,32889.62256893917,125,0.6719999999999999,0.08333333333333333,0.25,0.08333333333333333,0.4166666666666667,0.16666666666666666,0.6852004701862328,0,2
3,2,27500.0,13750.0,1060.6601717798212,53,0.2641509433962264,0.0,0.5,0.0,0.5,0.0,0.077138921583987,4,5
76,4,72000.0,18000.0,1224.744871391589,94,0.2978723404255319,0.0,0.25,0.0,0.25,0.5,0.06804138174397717,6,5
36,16,13534000.0,845875.0,621742.5646251563,172,0.6511627906976744,0.0625,0.5625,0.0,0.1875,0.1875,0.7350288927148294,5,0
50,2,33500.0,16750.0,5303.300858899106,146,0.0958904109589041,0.0,0.0,0.0,1.0,0.0,0.3166149766506929,4,4
2,13,749500.0,57653.846153846156,31966.378571467227,152,0.5986842105263157,0.07692307692307693,0.38461538461538464,0.07692307692307693,0.23076923076923078,0.23076923076923078,0.5544535309260493,0,2
34,3,47000.0,15666.666666666666,7285.830998131464,170,0.12352941176470589,0.0,0.0,0.0,0.6666666666666666,0.3333333333333333,0.46505304243392326,4,5
23,11,8251500.0,750136.3636363636,577622.7614502865,143,0.5384615384615385,0.0,0.6363636363636364,0.0,0.18181818181818182,0.18181818181818182,0.770023677628692,5,0
28,16,691000.0,43187.5,24486.646020501325,183,0.6120218579234973,0.1875,0.1875,0.1875,0.25,0.1875,0.5669845677684822,0,2
67,1,22000.0,22000.0,0.0,67,0.1044776119402985,0.0,1.0,0.0,0.0,0.0,0.0,2,6
3,9,341500.0,37944.444444444445,20421.25798715098,147,0.42857142857142855,0.1111111111111111,0.1111111111111111,0.1111111111111111,0.4444444444444444,0.2222222222222222,0.5381883510522952,0,2
17,4,30500.0,7625.0,2286.737122335374,163,0.17177914110429449,0.75,0.0,0.0,0.25,0.0,0.29989995047021295,1,3
1,24,1119500.0,46645.833333333336,29111.285413148576,182,0.9230769230769231,0.041666666666666664,0.375,0.16666666666666666,0.20833333333333334,0.20833333333333334,0.6240918712957265,0,2
57,3,231000.0,77000.0,56817.690906970165,131,0.16030534351145037,0.0,0.0,0.3333333333333333,0.0,0.6666666666666666,0.7378920897009112,6,5
6,2,13500.0,6750.0,4596.194077712559,149,0.09395973154362416,1.0,0.0,0.0,0.0,0.0,0.6809176411426013,1,3
106,2,19500.0,9750.0,353.5533905932738,173,0.08092485549132948,1.0,0.0,0.0,0.0,0.0,0.03626188621469475,1,3
9,4,713000.0,178250.0,75913.8766410112,115,0.24347826086956523,0.0,0.25,0.0,0.75,0.0,0.4258843009313391,4,5
16,3,494000.0,164666.66666666666,206780.8824174356,177,0.11864406779661017,0.0,0.0,0.3333333333333333,0.6666666666666666,0.0,1.2557543466645888,4,5
11,24,2351500.0,97979.16666666667,28399.892516126467,180,0.9333333333333333,0.041666666666666664,0.08333333333333333,0.625,0.041666666666666664,0.20833333333333334,0.2898564407344398,3,1
30,1,245500.0,245500.0,0.0,30,0.23333333333333334,1.0,0.0,0.0,0.0,0.0,0.0,1,3
4,22,881000.0,40045.454545454544,20093.181199997445,168,0.9166666666666666,0.13636363636363635,0.18181818181818182,0.09090909090909091,0.2727272727272727,0.3181818181818182,0.5017593489216161,0,2
3,19,14661000.0,771631.5789473684,536998.7544498607,180,0.7388888888888888,0.05263157894736842,0.631578947368421,0.0,0.21052631578947367,0.10526315789473684,0.6959263579938171,5,0
11,18,15027000.0,834833.3333333334,549566.112278319,180,0.7,0.05555555555555555,0.6111111111111112,0.16666666666666666,0.1111111111111111,0.05555555555555555,0.6582944048053331,5,0
14,1,154000.0,154000.0,0.0,14,0.5,0.0,1.0,0.0,0.0,0.0,0.0,2,6
9,15,12454000.0,830266.6666666666,619025.382201347,182,0.5769230769230769,0.06666666666666667,0.6,0.06666666666666667,0.2,0.06666666666666667,0.745574171593079,5,0
54,3,36000.0,12000.0,1000.0,91,0.23076923076923078,0.0,0.0,0.0,0.0,1.0,0.08333333333333333,6,5
4,11,1333000.0,121181.81818181818,56167.28261509218,162,0.47530864197530864,0.0,0.18181818181818182,0.6363636363636364,0.18181818181818182,0.0,0.4634959555634014,3,1
24,3,61500.0,20500.0,12439.855304624729,37,0.5675675675675675,0.0,0.6666666666666666,0.0,0.0,0.3333333333333333,0.6068222099816941,2,5
11,17,646000.0,38000.0,18029.48973210279,161,0.7391304347826086,0.058823529411764705,0.35294117647058826,0.0,0.35294117647058826,0.23529411764705882,0.47446025610796816,0,2
13,19,12928500.0,680447.3684210526,398963.9671399203,171,0.7777777777777778,0.0,0.631578947368421,0.21052631578947367,0.05263157894736842,0.10526315789473684,0.586325975608809,5,0
1,1,34500.0,34500.0,0.0,1,7.0,0.0,0.0,0.0,0.0,1.0,0.0,6,6
44,3,61000.0,20333.333333333332,13250.786140200638,161,0.13043478260869565,0.0,0.0,0.0,0.0,1.0,0.6516780068951133,6,5
30,2,27000.0,13500.0,707.1067811865476,72,0.19444444444444442,0.0,0.5,0.0,0.5,0.0,0.05237828008789241,4,5
145,1,15500.0,15500.0,0.0,145,0.04827586206896552,0.0,1.0,0.0,0.0,0.0,0.0,2,6
91,2,50500.0,25250.0,2474.8737341529163,170,0.08235294117647059,0.0,0.5,0.0,0.5,0.0,0.09801480135259075,4,5
94,2,40500.0,20250.0,4596.194077712559,164,0.08536585365853659,0.0,0.0,0.0,0.0,1.0,0.22697254704753378,6,5
4,20,2056000.0,102800.0,55357.30827042955,166,0.8433734939759036,0.0,0.15,0.75,0.05,0.05,0.5384952166384198,3,1
44,1,11500.0,11500.0,0.0,44,0.1590909090909091,0.0,0.0,0.0,0.0,1.0,0.0,6,6
137,1,7000.0,7000.0,0.0,137,0.0510948905109489,1.0,0.0,0.0,0.0,0.0,0.0,1,3
16,5,34000.0,6800.0,2970.6901555025897,87,0.40229885057471265,0.6,0.0,0.2,0.0,0.2,0.43686619933861615,1,3
2,22,16618500.0,755386.3636363636,634015.2831982872,183,0.8415300546448088,0.22727272727272727,0.36363636363636365,0.045454545454545456,0.09090909090909091,0.2727272727272727,0.8393258254573108,5,0
38,3,67500.0,22500.0,11169.153951844339,120,0.17500000000000002,0.0,0.0,0.0,0.3333333333333333,0.6666666666666666,0.49640684230419285,6,5
28,10,9248000.0,924800.0,493399.6689635425,181,0.3867403314917127,0.0,0.5,0.0,0.2,0.3,0.5335204032910278,5,0
24,3,299000.0,99666.66666666667,29598.704926623617,156,0.1346153846153846,0.3333333333333333,0.0,0.0,0.0,0.6666666666666666,0.29697697250792926,6,5
3,15,1571500.0,104766.66666666667,39432.97508189718,182,0.5769230769230769,0.06666666666666667,0.06666666666666667,0.8666666666666667,0.0,0.0,0.376388562665261,3,1
115,2,117000.0,58500.0,24041.630560342615,156,0.08974358974358974,0.0,0.0,0.0,1.0,0.0,0.41096804376654045,4,4
5,13,8167000.0,628230.7692307692,419238.9242914184,183,0.4972677595628415,0.07692307692307693,0.38461538461538464,0.07692307692307693,0.38461538461538464,0.07692307692307693,0.6673326822319626,5,0
21,14,1878000.0,134142.85714285713,35865.36178298186,174,0.5632183908045977,0.14285714285714285,0.14285714285714285,0.42857142857142855,0.07142857142857142,0.21428571428571427,0.26736691425013104,3,1
143,2,55500.0,27750.0,1767.7669529663688,144,0.09722222222222221,0.0,0.0,0.0,0.5,0.5,0.06370331362040968,4,5
3,21,2267000.0,107952.38095238095,46590.74606665597,159,0.9245283018867924,0.047619047619047616,0.047619047619047616,0.47619047619047616,0.19047619047619047,0.23809523809523808,0.4315860906042238,3,1
45,1,15000.0,15000.0,0.0,45,0.15555555555555556,0.0,0.0,1.0,0.0,0.0,0.0,2,6
23,12,1371000.0,114250.0,34281.9194328439,170,0.49411764705882355,0.0,0.0,0.5833333333333334,0.3333333333333333,0.08333333333333333,0.30006056396362274,3,1
134,1,103000.0,103000.0,0.0,134,0.05223880597014925,0.0,0.0,0.0,1.0,0.0,0.0,4,4
34,16,734500.0,45906.25,33251.17479127617,170,0.6588235294117647,0.125,0.25,0.125,0.25,0.25,0.724327837522694,0,2
25,13,1643000.0,126384.61538461539,43784.58340089287,175,0.52,0.0,0.07692307692307693,0.7692307692307693,0.15384615384615385,0.0,0.34643918698211035,3,1
18,18,669000.0,37166.666666666664,22850.537385880652,181,0.6961325966850829,0.1111111111111111,0.3333333333333333,0.1111111111111111,0.2777777777777778,0.16666666666666666,0.6148126650909593,0,2
2,11,1241000.0,112818.18181818182,47559.05419963307,182,0.4230769230769231,0.09090909090909091,0.09090909090909091,0.7272727272727273,0.09090909090909091,0.0,0.4215548720354261,3,1
3,18,864000.0,48000.0,25067.555783146796,176,0.7159090909090909,0.1111111111111111,0.3333333333333333,0.1111111111111111,0.3888888888888889,0.05555555555555555,0.5222407454822249,0,2
13,2,11500.0,5750.0,2474.8737341529163,75,0.18666666666666668,0.5,0.0,0.0,0.5,0.0,0.43041282333094194,4,3
20,14,670000.0,47857.142857142855,33659.16755416807,169,0.5798816568047337,0.0,0.21428571428571427,0.14285714285714285,0.2857142857142857,0.35714285714285715,0.7033258891915716,0,2
110,5,38500.0,7700.0,4381.780460041329,182,0.19230769230769232,0.6,0.0,0.2,0.0,0.2,0.5690623974079648,1,3
35,2,235000.0,117500.0,117379.72567696689,95,0.1473684210526316,0.0,0.0,0.0,0.5,0.5,0.9989763887401437,4,5
32,13,9706500.0,746653.8461538461,843142.049731622,156,0.5833333333333334,0.07692307692307693,0.46153846153846156,0.07692307692307693,0.23076923076923078,0.15384615384615385,1.129227491527439,5,0
34,1,87500.0,87500.0,0.0,34,0.2058823529411765,0.0,0.0,0.0,1.0,0.0,0.0,4,4
10,3,483000.0,161000.0,165420.67585401773,170,0.12352941176470589,0.0,0.6666666666666666,0.3333333333333333,0.0,0.0,1.0274576140001102,2,5
28,2,21000.0,10500.0,1414.213562373095,28,0.5,0.5,0.0,0.0,0.5,0.0,0.13468700594029479,4,3
47,2,27000.0,13500.0,3535.5339059327375,100,0.13999999999999999,0.0,0.0,0.0,0.0,1.0,0.261891400439462,6,5
1,23,11178500.0,486021.73913043475,224953.9083224944,171,0.9415204678362573,0.0,0.7391304347826086,0.08695652173913043,0.13043478260869565,0.043478260869565216,0.46284742062149403,5,0
23,15,723000.0,48200.0,38379.12378959612,167,0.6287425149700598,0.13333333333333333,0.13333333333333333,0.0,0.3333333333333333,0.4,0.7962473815268903,0,2
22,20,2230000.0,111500.0,37154.3721306262,180,0.7777777777777778,0.05,0.15,0.65,0.05,0.1,0.33322306843610944,3,1
18,19,923000.0,48578.94736842105,39009.35185521214,163,0.8159509202453988,0.05263157894736842,0.3684210526315789,0.05263157894736842,0.3157894736842105,0.21052631578947367,0.8030094098039335,0,2
1,18,13093000.0,727388.8888888889,820156.0926676515,167,0.7544910179640718,0.1111111111111111,0.5555555555555556,0.2222222222222222,0.1111111111111111,0.0,1.127534535096443,5,0
12,23,19702500.0,856630.4347826086,622482.7346527062,183,0.8797814207650273,0.0,0.4782608695652174,0.13043478260869565,0.21739130434782608,0.17391304347826086,0.7266642759554495,5,0
5,16,14489000.0,905562.5,590299.2426162626,175,0.64,0.0,0.6875,0.0625,0.1875,0.0625,0.6518591953799574,5,0
8,19,13540500.0,712657.8947368421,416066.8032844265,178,0.7471910112359551,0.05263157894736842,0.631578947368421,0.05263157894736842,0.15789473684210525,0.10526315789473684,0.5838240288323255,5,0
44,2,211500.0,105750.0,4596.194077712559,77,0.18181818181818182,0.0,0.0,0.5,0.5,0.0,0.04346282815803838,4,5
139,2,156000.0,78000.0,30405.591591021544,179,0.0782122905027933,0.0,0.0,0.5,0.5,0.0,0.3898152768079685,4,5
17,12,7431000.0,619250.0,338761.6150306611,183,0.45901639344262296,0.0,0.4166666666666667,0.0,0.16666666666666666,0.4166666666666667,0.5470514574576684,5,0
14,11,10882000.0,989272.7272727273,970854.8388826303,135,0.5703703703703704,0.0,0.6363636363636364,0.09090909090909091,0.18181818181818182,0.09090909090909091,0.9813823954887827,5,0
23,6,49500.0,8250.0,2876.629972728505,168,0.25,0.5,0.16666666666666666,0.16666666666666666,0.16666666666666666,0.0,0.3486824209367885,1,3
7,24,1092500.0,45520.833333333336,26046.98061724933,179,0.9385474860335195,0.041666666666666664,0.375,0.125,0.16666666666666666,0.2916666666666667,0.572199116534539,0,2
3,19,761500.0,40078.94736842105,20594.135598578338,181,0.7348066298342542,0.10526315789473684,0.21052631578947367,0.05263157894736842,0.3684210526315789,0.2631578947368421,0.5138392335823879,0,2
22,21,811500.0,38642.857142857145,18473.726517099127,168,0.875,0.23809523809523808,0.23809523809523808,0.0,0.42857142857142855,0.09523809523809523,0.47806316310422875,0,2
19,14,1434500.0,102464.28571428571,41849.301200725095,178,0.550561797752809,0.0,0.0,1.0,0.0,0.0,0.40842817484151367,3,1
85,1,17000.0,17000.0,0.0,85,0.08235294117647059,0.0,0.0,0.0,0.0,1.0,0.0,6,6
150,1,272500.0,272500.0,0.0,150,0.04666666666666667,0.0,0.0,0.0,0.0,1.0,0.0,6,6
18,32,3680000.0,115000.0,44369.053440723816,181,1.2375690607734806,0.09375,0.125,0.5,0.21875,0.0625,0.38581785600629404,3,1
46,1,19500.0,19500.0,0.0,46,0.15217391304347827,0.0,0.0,0.0,0.0,1.0,0.0,6,6
34,1,85000.0,85000.0,0.0,34,0.2058823529411765,0.0,0.0,1.0,0.0,0.0,0.0,2,6
73,1,34000.0,34000.0,0.0,73,0.0958904109589041,0.0,0.0,1.0,0.0,0.0,0.0,2,6
39,2,33500.0,16750.0,3889.0872965260114,43,0.3255813953488372,0.0,0.0,0.0,0.5,0.5,0.23218431621050814,4,5
179,1,13500.0,13500.0,0.0,179,0.03910614525139665,0.0,0.0,0.0,0.0,1.0,0.0,6,6
17,4,51500.0,12875.0,5281.650625830274,136,0.2058823529411765,0.0,0.0,0.25,0.25,0.5,0.4102252913266232,6,5
4,18,767500.0,42638.88888888889,22577.191480859587,146,0.863013698630137,0.05555555555555555,0.2222222222222222,0.0,0.3888888888888889,0.3333333333333333,0.5294976503654365,0,2
13,14,631500.0,45107.142857142855,17513.92695435942,151,0.6490066225165563,0.07142857142857142,0.21428571428571427,0.21428571428571427,0.07142857142857142,0.42857142857142855,0.38827391506101644,0,2
15,3,21500.0,7166.666666666667,3403.4296427770228,96,0.21875,0.6666666666666666,0.0,0.0,0.3333333333333333,0.0,0.47489715945725897,1,3
3,4,70000.0,17500.0,12536.613046060991,164,0.17073170731707318,0.0,0.0,0.0,0.5,0.5,0.7163778883463423,4,5
69,3,36500.0,12166.666666666666,2753.785273643051,142,0.14788732394366197,0.0,0.0,0.0,0.3333333333333333,0.6666666666666666,0.2263385156418946,6,5
7,22,4973689.689100802,226076.80405003644,375433.0394423348,181,0.8508287292817679,0.045454545454545456,0.045454545454545456,0.8181818181818182,0.09090909090909091,0.0,1.6606437843983413,3,0
16,13,11373000.0,874846.1538461539,682620.910676129,180,0.5055555555555555,0.0,0.3076923076923077,0.23076923076923078,0.23076923076923078,0.23076923076923078,0.7802753749045702,5,0
23,6,59500.0,9916.666666666666,4684.193278107412,177,0.23728813559322035,0.6666666666666666,0.16666666666666666,0.0,0.0,0.16666666666666666,0.4723556246831004,1,3
27,1,97000.0,97000.0,0.0,27,0.25925925925925924,0.0,0.0,1.0,0.0,0.0,0.0,2,6
4,19,12872000.0,677473.6842105263,348321.9883991523,181,0.7348066298342542,0.0,0.7368421052631579,0.10526315789473684,0.05263157894736842,0.10526315789473684,0.514148366965809,5,0
110,2,39000.0,19500.0,4949.747468305833,180,0.07777777777777778,0.0,0.0,0.0,0.5,0.5,0.2538332035028632,4,5
23,7,53500.0,7642.857142857143,2478.478796128211,183,0.2677595628415301,0.7142857142857143,0.2857142857142857,0.0,0.0,0.0,0.3242869452878033,1,3
3,20,4069597.4035416543,203479.87017708272,321114.3081935167,179,0.7821229050279329,0.05,0.1,0.6,0.1,0.15,1.5781133923176778,3,0
6,3,28000.0,9333.333333333334,4481.443219916251,158,0.13291139240506328,1.0,0.0,0.0,0.0,0.0,0.4801546307053126,1,3
7,17,757500.0,44558.82352941176,45419.187283893705,181,0.6574585635359116,0.058823529411764705,0.23529411764705882,0.11764705882352941,0.23529411764705882,0.35294117647058826,1.0193084934999248,0,2
150,2,300500.0,150250.0,87327.68747653862,159,0.0880503144654088,0.0,0.5,0.0,0.0,0.5,0.5812158900268793,2,5
5,24,2574500.0,107270.83333333333,41722.94206941232,183,0.9180327868852459,0.0,0.041666666666666664,0.9166666666666666,0.0,0.041666666666666664,0.38894954735517406,3,1
5,20,850500.0,42525.0,18367.215501081213,171,0.8187134502923977,0.0,0.3,0.1,0.35,0.25,0.43191570843224486,0,2
2,22,12706500.0,577568.1818181818,281938.7511775996,180,0.8555555555555555,0.0,0.45454545454545453,0.09090909090909091,0.13636363636363635,0.3181818181818182,0.4881479971595004,5,0
1,17,1862000.0,109529.41176470589,51462.20414908744,157,0.7579617834394905,0.23529411764705882,0.17647058823529413,0.47058823529411764,0.058823529411764705,0.058823529411764705,0.4698482655931721,3,1
9,18,696500.0,38694.444444444445,17955.941904372565,161,0.782608695652174,0.05555555555555555,0.2777777777777778,0.1111111111111111,0.2222222222222222,0.3333333333333333,0.4640444426112077,0,2
27,21,18937668.635166347,901793.7445317308,1658800.2027933388,169,0.8698224852071006,0.14285714285714285,0.6666666666666666,0.09523809523809523,0.0,0.09523809523809523,1.8394452310763083,5,0
26,2,573500.0,286750.0,184201.31649909564,27,0.5185185185185185,0.0,0.0,0.5,0.5,0.0,0.6423759947658086,3,5
139,1,9000.0,9000.0,0.0,139,0.050359712230215826,0.0,0.0,0.0,1.0,0.0,0.0,4,4
2,18,16956000.0,942000.0,582867.2283482346,175,0.72,0.0,0.5,0.1111111111111111,0.2777777777777778,0.1111111111111111,0.618755019477956,5,0
13,4,79500.0,19875.0,13591.51083090716,123,0.22764227642276422,0.25,0.0,0.0,0.0,0.75,0.6838496015550772,6,5
16,1,16000.0,16000.0,0.0,16,0.4375,0.0,0.0,1.0,0.0,0.0,0.0,2,6
12,2,15500.0,7750.0,1767.7669529663688,46,0.30434782608695654,0.5,0.0,0.0,0.0,0.5,0.22809896167307983,1,3
85,3,514000.0,171333.33333333334,151525.85037983893,111,0.18918918918918917,0.0,0.3333333333333333,0.3333333333333333,0.0,0.3333333333333333,0.8843921228395267,2,5
1,18,663500.0,36861.11111111111,19580.00597515047,176,0.7159090909090909,0.1111111111111111,0.2777777777777778,0.0,0.3888888888888889,0.2222222222222222,0.5311832819181741,0,2
54,2,15500.0,7750.0,1060.6601717798212,158,0.08860759493670886,1.0,0.0,0.0,0.0,0.0,0.1368593770038479,1,3
118,1,115500.0,115500.0,0.0,118,0.059322033898305086,0.0,0.0,0.0,1.0,0.0,0.0,4,4
2,5,69500.0,13900.0,6218.922736294446,140,0.25,0.2,0.0,0.0,0.4,0.4,0.4474045134024781,4,3
93,2,171500.0,85750.0,44901.28060534577,164,0.08536585365853659,0.5,0.0,0.0,0.5,0.0,0.5236300945229827,4,3
18,16,2498727.046160223,156170.44038501394,452798.45516886614,164,0.6829268292682927,0.0625,0.25,0.25,0.25,0.1875,2.8993864271149006,5,0
75,3,23500.0,7833.333333333333,6211.548384528074,115,0.18260869565217394,0.6666666666666666,0.0,0.0,0.3333333333333333,0.0,0.7929636235567754,1,3
9,14,1590000.0,113571.42857142857,36264.44388253996,178,0.550561797752809,0.0,0.2857142857142857,0.42857142857142855,0.0,0.2857142857142857,0.31930956877708144,3,1
4,12,1109500.0,92458.33333333333,26711.810746060124,183,0.45901639344262296,0.0,0.08333333333333333,0.75,0.08333333333333333,0.08333333333333333,0.2889064704395868,3,1
10,17,782000.0,46000.0,32115.514163718442,133,0.8947368421052632,0.058823529411764705,0.35294117647058826,0.058823529411764705,0.17647058823529413,0.35294117647058826,0.6981633513851835,0,2
122,2,511500.0,255750.0,10253.048327204939,177,0.07909604519774012,0.0,0.5,0.0,0.0,0.5,0.0400901205364807,2,5
6,14,492000.0,35142.857142857145,21435.438460130037,182,0.5384615384615384,0.07142857142857142,0.5714285714285714,0.0,0.21428571428571427,0.14285714285714285,0.6099515008980092,0,2
3,1,11000.0,11000.0,0.0,3,2.3333333333333335,0.0,0.0,0.0,0.0,1.0,0.0,6,6
9,24,959500.0,39979.166666666664,19855.718246929504,166,1.0120481927710843,0.125,0.25,0.08333333333333333,0.20833333333333334,0.3333333333333333,0.4966516288966213,0,2
160,2,156500.0,78250.0,71064.23150924803,182,0.07692307692307693,0.0,0.0,0.5,0.0,0.5,0.9081690927699428,2,5
27,16,856000.0,53500.0,36706.493521809825,150,0.7466666666666667,0.0,0.3125,0.1875,0.1875,0.3125,0.6861026826506509,0,2
21,3,26500.0,8833.333333333334,2753.7852736430514,129,0.16279069767441862,0.6666666666666666,0.0,0.0,0.3333333333333333,0.0,0.31174927626147747,1,3
15,17,1651500.0,97147.05882352941,29755.128080027207,177,0.672316384180791,0.0,0.4117647058823529,0.5294117647058824,0.058823529411764705,0.0,0.30628954124157587,3,1
15,16,702500.0,43906.25,16388.226210707897,171,0.6549707602339182,0.1875,0.0625,0.125,0.25,0.375,0.37325497419405884,0,2
9,22,798000.0,36272.72727272727,19707.218445900955,177,0.8700564971751413,0.0,0.3181818181818182,0.09090909090909091,0.3181818181818182,0.2727272727272727,0.5433067741977707,0,2
4,19,1006500.0,52973.68421052631,48883.21504821765,121,1.0991735537190084,0.15789473684210525,0.42105263157894735,0.15789473684210525,0.21052631578947367,0.05263157894736842,0.9227829964392801,0,2
5,24,2232000.0,93000.0,30044.893945126732,170,0.9882352941176471,0.041666666666666664,0.041666666666666664,0.625,0.16666666666666666,0.125,0.32306337575405086,3,1
58,3,612500.0,204166.66666666666,54959.83381828345,168,0.125,0.0,0.3333333333333333,0.0,0.3333333333333333,0.3333333333333333,0.26919102278342916,2,5
52,3,26500.0,8833.333333333334,3329.164059239697,89,0.2359550561797753,0.0,0.0,0.3333333333333333,0.3333333333333333,0.3333333333333333,0.3768864972724185,4,5
3,3,248500.0,82833.33333333333,31005.37587795596,46,0.4565217391304348,0.0,0.0,0.3333333333333333,0.3333333333333333,0.3333333333333333,0.37431037277210416,0,5
8,21,918500.0,43738.09523809524,33482.315872568855,182,0.8076923076923077,0.09523809523809523,0.2857142857142857,0.047619047619047616,0.23809523809523808,0.3333333333333333,0.7655183814087599,0,2
3,2,85500.0,42750.0,5303.300858899106,6,2.3333333333333335,0.0,0.5,0.0,0.5,0.0,0.12405382126079781,0,5
79,5,38500.0,7700.0,2949.5762407505254,176,0.19886363636363638,0.6,0.0,0.0,0.4,0.0,0.38306184944812016,1,3
38,3,307000.0,102333.33333333333,50856.00587279081,129,0.16279069767441862,0.3333333333333333,0.0,0.0,0.0,0.6666666666666666,0.4969642267699428,6,5
5,19,2020000.0,106315.78947368421,55669.214144882375,174,0.764367816091954,0.0,0.05263157894736842,0.6842105263157895,0.10526315789473684,0.15789473684210525,0.5236213211647351,3,1
173,2,384000.0,192000.0,707.1067811865476,179,0.0782122905027933,0.0,0.0,0.0,0.5,0.5,0.003682847818679935,4,5
10,21,1130500.0,53833.333333333336,36787.33930761144,182,0.8076923076923077,0.19047619047619047,0.2857142857142857,0.047619047619047616,0.38095238095238093,0.09523809523809523,0.683356148129005,0,2
3,6,154000.0,25666.666666666668,14500.57470125466,140,0.3,0.16666666666666666,0.16666666666666666,0.0,0.16666666666666666,0.5,0.5649574558930387,0,2
7,18,753500.0,41861.11111111111,21151.974984658857,182,0.6923076923076923,0.2222222222222222,0.1111111111111111,0.05555555555555555,0.2222222222222222,0.3888888888888889,0.5052893825134166,0,2
5,13,8563500.0,658730.7692307692,440301.10981882876,182,0.5,0.07692307692307693,0.6153846153846154,0.15384615384615385,0.07692307692307693,0.07692307692307693,0.6684082942307203,5,0
3,14,1396000.0,99714.28571428571,44516.94331103879,175,0.56,0.0,0.07142857142857142,0.42857142857142855,0.14285714285714285,0.35714285714285715,0.4464449902253174,3,1
9,12,1298500.0,108208.33333333333,61855.57163606397,182,0.46153846153846156,0.0,0.0,0.75,0.25,0.0,0.5716340852004372,3,1
49,1,61500.0,61500.0,0.0,49,0.14285714285714285,0.0,1.0,0.0,0.0,0.0,0.0,2,6
1,20,894000.0,44700.0,32710.6131175543,175,0.8,0.05,0.25,0.15,0.25,0.3,0.7317810540839889,0,2
6,16,1638000.0,102375.0,55580.722077593295,167,0.6706586826347305,0.0,0.0625,0.625,0.1875,0.125,0.5429130361669675,3,1
5,16,663000.0,41437.5,24405.51508710002,175,0.64,0.0,0.3125,0.0625,0.5,0.125,0.5889717064760186,0,2
21,1,24500.0,24500.0,0.0,21,0.3333333333333333,1.0,0.0,0.0,0.0,0.0,0.0,1,3
13,20,2366500.0,118325.0,69422.67091406167,180,0.7777777777777778,0.05,0.25,0.4,0.2,0.1,0.5867117761594056,3,1
17,1,7500.0,7500.0,0.0,17,0.411764705882353,0.0,1.0,0.0,0.0,0.0,0.0,2,6
3,24,2344500.0,97687.5,33083.495326876786,180,0.9333333333333333,0.041666666666666664,0.041666666666666664,0.75,0.08333333333333333,0.08333333333333333,0.33866661882919297,3,1
1,18,787500.0,43750.0,25840.14774133688,153,0.8235294117647058,0.2222222222222222,0.2222222222222222,0.1111111111111111,0.4444444444444444,0.0,0.5906319483734144,0,2
2,19,2280500.0,120026.31578947368,43684.94327575404,175,0.76,0.05263157894736842,0.05263157894736842,0.6842105263157895,0.15789473684210525,0.05263157894736842,0.3639613778729782,3,1
6,13,605500.0,46576.92307692308,26098.248786912693,150,0.6066666666666667,0.15384615384615385,0.15384615384615385,0.0,0.38461538461538464,0.3076923076923077,0.56032573778673,0,2
30,1,174500.0,174500.0,0.0,30,0.23333333333333334,1.0,0.0,0.0,0.0,0.0,0.0,1,3
37,15,1686000.0,112400.0,59086.861000201585,182,0.5769230769230769,0.0,0.06666666666666667,0.8666666666666667,0.06666666666666667,0.0,0.5256838167277721,3,1
1,20,800500.0,40025.0,30890.92653361603,181,0.7734806629834254,0.2,0.1,0.05,0.35,0.3,0.771790794094092,0,2
1,17,573000.0,33705.882352941175,24053.36438495235,168,0.7083333333333334,0.058823529411764705,0.23529411764705882,0.17647058823529413,0.29411764705882354,0.23529411764705882,0.7136251213685689,0,2
24,11,436500.0,39681.818181818184,21559.53701644904,163,0.4723926380368098,0.0,0.09090909090909091,0.09090909090909091,0.36363636363636365,0.45454545454545453,0.5433102111819919,0,2
3,6,35500.0,5916.666666666667,2557.6682088704674,172,0.2441860465116279,0.5,0.16666666666666666,0.3333333333333333,0.0,0.0,0.43228195079500853,1,3
5,20,16317500.0,815875.0,672287.7061708188,170,0.823529411764706,0.1,0.45,0.05,0.1,0.3,0.8240082196057225,5,0
123,3,742500.0,247500.0,305713.5096785878,149,0.14093959731543626,0.0,0.3333333333333333,0.6666666666666666,0.0,0.0,1.2352060997114658,2,5
9,13,1433000.0,110230.76923076923,51924.871763850395,173,0.5260115606936416,0.0,0.15384615384615385,0.6923076923076923,0.07692307692307693,0.07692307692307693,0.4710560592673099,3,1
28,18,14050000.0,780555.5555555555,553231.3867815722,180,0.7,0.0,0.5555555555555556,0.0,0.1111111111111111,0.3333333333333333,0.7087661894710534,5,0
7,12,461500.0,38458.333333333336,19662.444975746086,179,0.4692737430167597,0.3333333333333333,0.08333333333333333,0.0,0.3333333333333333,0.25,0.5112661748839719,0,2
67,3,24000.0,8000.0,3000.0,162,0.12962962962962962,1.0,0.0,0.0,0.0,0.0,0.375,1,3
52,1,10500.0,10500.0,0.0,52,0.1346153846153846,0.0,0.0,0.0,1.0,0.0,0.0,4,4
8,17,11500500.0,676500.0,501793.2841320218,181,0.6574585635359116,0.058823529411764705,0.4117647058823529,0.17647058823529413,0.17647058823529413,0.17647058823529413,0.7417491265809635,5,0
16,18,2049500.0,113861.11111111111,40932.08347392471,171,0.736842105263158,0.0,0.0,0.7222222222222222,0.1111111111111111,0.16666666666666666,0.35949134058582327,3,1
29,14,1523500.0,108821.42857142857,49841.90665835988,168,0.5833333333333334,0.07142857142857142,0.0,0.8571428571428571,0.07142857142857142,0.0,0.45801555183264747,3,1
23,2,13500.0,6750.0,1060.6601717798212,169,0.08284023668639054,1.0,0.0,0.0,0.0,0.0,0.15713484026367722,1,3
23,16,946000.0,59125.0,31575.570725905596,164,0.6829268292682927,0.3125,0.375,0.0,0.125,0.1875,0.5340477078377268,0,2
6,19,12503500.0,658078.947368421,359986.0052510489,180,0.7388888888888888,0.0,0.5263157894736842,0.0,0.10526315789473684,0.3684210526315789,0.5470255608245634,5,0
4,3,98000.0,32666.666666666668,19237.55008657114,63,0.3333333333333333,0.0,0.6666666666666666,0.0,0.3333333333333333,0.0,0.5889045944868716,0,5
7,15,20014870.964917,1334324.7309944667,2664232.141308454,178,0.5898876404494382,0.06666666666666667,0.5333333333333333,0.13333333333333333,0.2,0.06666666666666667,1.9966894710276506,5,0
6,18,889500.0,49416.666666666664,35757.86626743828,163,0.7730061349693251,0.0,0.3333333333333333,0.0,0.5,0.16666666666666666,0.7235993173849231,0,2
37,13,532500.0,40961.53846153846,19129.45104899504,178,0.5112359550561798,0.23076923076923078,0.0,0.07692307692307693,0.38461538461538464,0.3076923076923077,0.4670100725576254,0,2
2,2,37000.0,18500.0,13435.028842544403,105,0.13333333333333333,0.0,0.0,0.0,1.0,0.0,0.7262177752726704,4,4
17,3,64000.0,21333.333333333332,19328.303943526273,118,0.17796610169491525,0.0,0.3333333333333333,0.0,0.3333333333333333,0.3333333333333333,0.9060142473527941,4,5
27,3,35500.0,11833.333333333334,4310.839052125854,130,0.16153846153846152,0.0,0.0,0.3333333333333333,0.6666666666666666,0.0,0.3642962579261285,4,5
10,18,1828000.0,101555.55555555556,24336.422044098774,176,0.7159090909090909,0.05555555555555555,0.1111111111111111,0.3333333333333333,0.2777777777777778,0.2222222222222222,0.2396365409156334,3,1
19,18,2102000.0,116777.77777777778,45284.467607955245,160,0.7875,0.0,0.05555555555555555,0.7222222222222222,0.05555555555555555,0.16666666666666666,0.38778326210427894,3,1
56,4,60000.0,15000.0,4490.731195102493,179,0.1564245810055866,0.5,0.0,0.0,0.25,0.25,0.29938207967349956,1,3
56,3,47000.0,15666.666666666666,2254.624876411447,163,0.12883435582822086,0.0,0.0,0.0,0.6666666666666666,0.3333333333333333,0.14391222615392216,4,5
27,2,41500.0,20750.0,6010.407640085654,135,0.10370370370370371,0.0,0.5,0.0,0.0,0.5,0.2896581995222002,2,5
9,22,15976500.0,726204.5454545454,543682.2789594539,180,0.8555555555555555,0.045454545454545456,0.45454545454545453,0.09090909090909091,0.22727272727272727,0.18181818181818182,0.7486627319568108,5,0
19,4,66000.0,16500.0,4743.416490252569,147,0.19047619047619047,0.0,0.25,0.0,0.25,0.5,0.28747978728803447,6,5
2,14,490000.0,35000.0,26160.74569626438,175,0.56,0.14285714285714285,0.0,0.14285714285714285,0.42857142857142855,0.2857142857142857,0.7474498770361252,0,2
77,3,39500.0,13166.666666666666,3883.7267325770144,164,0.12804878048780488,0.0,0.0,0.0,0.6666666666666666,0.3333333333333333,0.29496658728433023,4,5
10,15,11622500.0,774833.3333333334,368650.0792789566,177,0.5932203389830508,0.06666666666666667,0.6666666666666666,0.06666666666666667,0.13333333333333333,0.06666666666666667,0.47577983989540534,5,0
38,2,39500.0,19750.0,4596.194077712559,106,0.1320754716981132,0.0,0.0,0.5,0.0,0.5,0.23271868747911692,6,5
6,27,19796500.0,733203.7037037037,421949.87533289695,173,1.092485549132948,0.037037037037037035,0.6296296296296297,0.07407407407407407,0.18518518518518517,0.07407407407407407,0.5754879212986244,5,0
19,18,14057000.0,780944.4444444445,715888.4831183122,172,0.7325581395348837,0.0,0.7222222222222222,0.05555555555555555,0.05555555555555555,0.16666666666666666,0.9166957882997524,5,0
2,17,1613000.0,94882.35294117648,36998.11203450315,166,0.716867469879518,0.11764705882352941,0.11764705882352941,0.5882352941176471,0.058823529411764705,0.11764705882352941,0.38993670464138475,3,1
4,23,2634000.0,114521.73913043478,49345.599016452215,179,0.8994413407821229,0.0,0.0,0.7391304347826086,0.13043478260869565,0.13043478260869565,0.43088412201154175,3,1
4,15,1579500.0,105300.0,65830.35556858031,179,0.5865921787709497,0.0,0.0,0.8,0.13333333333333333,0.06666666666666667,0.6251695685525196,3,1
14,4,72000.0,18000.0,5400.617248673217,170,0.16470588235294117,0.25,0.0,0.0,0.0,0.75,0.30003429159295647,6,5
167,1,34000.0,34000.0,0.0,167,0.041916167664670656,1.0,0.0,0.0,0.0,0.0,0.0,1,3
55,15,12054500.0,803633.3333333334,261008.65247471523,180,0.5833333333333333,0.0,0.6666666666666666,0.0,0.13333333333333333,0.2,0.32478574699246987,5,0
16,3,82500.0,27500.0,29904.013108611358,179,0.11731843575418993,0.0,0.0,0.6666666666666666,0.0,0.3333333333333333,1.0874186584949586,3,5
1,24,2534000.0,105583.33333333333,44326.031871229745,173,0.9710982658959537,0.0,0.041666666666666664,0.75,0.125,0.08333333333333333,0.4198203492144885,3,1
3,3,51000.0,17000.0,12489.995996796797,136,0.15441176470588236,0.0,0.0,0.0,0.0,1.0,0.7347056468703999,6,5
1,28,20734500.0,740517.8571428572,493278.1966587838,182,1.0769230769230769,0.0,0.6071428571428571,0.07142857142857142,0.17857142857142858,0.14285714285714285,0.6661259980441268,5,0
5,25,2930500.0,117220.0,56028.653383782126,183,0.9562841530054645,0.08,0.04,0.52,0.16,0.2,0.47797861613873166,3,1
156,1,61000.0,61000.0,0.0,156,0.04487179487179487,0.0,0.0,1.0,0.0,0.0,0.0,2,6
79,1,8000.0,8000.0,0.0,79,0.08860759493670886,0.0,0.0,0.0,1.0,0.0,0.0,4,4
7,15,8061000.0,537400.0,241671.64855291927,174,0.603448275862069,0.0,0.6666666666666666,0.06666666666666667,0.2,0.06666666666666667,0.44970533783572625,5,0
1,23,16590000.0,721304.3478260869,540485.5085756113,179,0.8994413407821229,0.08695652173913043,0.4782608695652174,0.08695652173913043,0.13043478260869565,0.21739130434782608,0.7493168593875262,5,0
46,1,48000.0,48000.0,0.0,46,0.15217391304347827,1.0,0.0,0.0,0.0,0.0,0.0,1,3
45,2,28000.0,14000.0,4242.640687119285,118,0.11864406779661017,0.0,0.5,0.0,0.0,0.5,0.3030457633656632,2,5
133,2,434000.0,217000.0,127986.3273947651,172,0.0813953488372093,0.0,0.0,0.5,0.5,0.0,0.5897987437546779,4,5
15,18,17216500.0,956472.2222222222,1125826.3562721936,177,0.711864406779661,0.0,0.6666666666666666,0.0,0.05555555555555555,0.2777777777777778,1.1770612152818218,5,0
3,14,862500.0,61607.142857142855,59031.99216442809,152,0.6447368421052632,0.21428571428571427,0.14285714285714285,0.0,0.5,0.14285714285714285,0.9582004525240502,0,2
8,24,987500.0,41145.833333333336,23449.05632970383,175,0.96,0.08333333333333333,0.08333333333333333,0.08333333333333333,0.3333333333333333,0.4166666666666667,0.5699011158611563,0,2
1,2,243000.0,121500.0,53740.11537017761,11,1.2727272727272727,0.0,0.0,0.5,0.0,0.5,0.4423054762977581,3,1
27,15,640500.0,42700.0,21242.47766017084,180,0.5833333333333333,0.0,0.3333333333333333,0.06666666666666667,0.3333333333333333,0.26666666666666666,0.4974819124161789,0,2
40,2,45000.0,22500.0,10606.601717798212,65,0.21538461538461537,0.0,0.0,0.0,0.0,1.0,0.4714045207910316,6,5
48,5,80500.0,16100.0,6358.065743604732,176,0.19886363636363638,0.0,0.4,0.0,0.4,0.2,0.3949109157518467,4,5
9,16,508500.0,31781.25,19934.031830013715,176,0.6363636363636364,0.125,0.1875,0.0625,0.375,0.25,0.6272261736090844,0,2
19,5,130000.0,26000.0,24761.361028828767,159,0.220125786163522,0.0,0.0,0.0,0.4,0.6,0.9523600395703372,4,5
1,23,2320500.0,100891.30434782608,45012.10860367038,181,0.8895027624309392,0.08695652173913043,0.08695652173913043,0.6956521739130435,0.08695652173913043,0.043478260869565216,0.4461445799975948,3,1
5,21,1014000.0,48285.71428571428,30505.561553826305,183,0.8032786885245902,0.19047619047619047,0.19047619047619047,0.14285714285714285,0.38095238095238093,0.09523809523809523,0.6317719848425567,0,2
156,2,260500.0,130250.0,54800.77554195743,177,0.07909604519774012,0.0,0.0,0.5,0.5,0.0,0.420735320859558,4,5
52,2,764000.0,382000.0,293449.3141924172,96,0.14583333333333334,0.0,0.0,0.5,0.0,0.5,0.7681919219696786,2,5
54,1,15500.0,15500.0,0.0,54,0.12962962962962962,0.0,0.0,0.0,0.0,1.0,0.0,6,6
3,20,973000.0,48650.0,31537.404692473385,182,0.7692307692307693,0.05,0.2,0.2,0.3,0.25,0.64825086726564,0,2
2,17,1971000.0,115941.17647058824,60803.18719877611,169,0.7041420118343196,0.058823529411764705,0.11764705882352941,0.6470588235294118,0.0,0.17647058823529413,0.52443134570228,3,1
10,14,565000.0,40357.142857142855,19504.85991848084,168,0.5833333333333334,0.0,0.21428571428571427,0.07142857142857142,0.5,0.21428571428571427,0.4833062634667819,0,2
30,2,46000.0,23000.0,18384.776310850237,30,0.4666666666666667,0.0,0.0,0.5,0.0,0.5,0.7993381004717495,6,5
95,1,9000.0,9000.0,0.0,95,0.0736842105263158,0.0,0.0,0.0,1.0,0.0,0.0,4,4
43,4,27000.0,6750.0,1322.8756555322952,180,0.15555555555555556,0.5,0.0,0.0,0.25,0.25,0.19598157859737708,1,3
34,3,389000.0,129666.66666666667,71802.39086084344,175,0.12,0.0,0.0,0.3333333333333333,0.0,0.6666666666666666,0.5537459449422373,6,5
9,3,44000.0,14666.666666666666,3055.050463303893,119,0.17647058823529413,0.3333333333333333,0.0,0.0,0.3333333333333333,0.3333333333333333,0.20829889522526546,4,3
11,19,3506424.114835364,184548.6376229139,406041.23359451955,178,0.7471910112359551,0.05263157894736842,0.15789473684210525,0.6842105263157895,0.05263157894736842,0.05263157894736842,2.2001854840249697,3,0
7,14,1516500.0,108321.42857142857,38047.34254485161,182,0.5384615384615384,0.0,0.0,0.8571428571428571,0.14285714285714285,0.0,0.3512448372093126,3,1
180,1,7500.0,7500.0,0.0,180,0.03888888888888889,0.0,1.0,0.0,0.0,0.0,0.0,2,6
28,19,3627843.905994851,190939.15294709743,374651.5044880284,180,0.7388888888888888,0.0,0.10526315789473684,0.7368421052631579,0.15789473684210525,0.0,1.9621512859221244,3,0
5,5,188000.0,37600.0,13930.183056945089,148,0.23648648648648649,0.0,0.4,0.0,0.4,0.2,0.37048359194002894,0,2
70,2,33500.0,16750.0,7424.621202458749,168,0.08333333333333333,0.0,0.0,0.0,1.0,0.0,0.4432609673109701,4,4
3,19,15041500.0,791657.8947368421,585629.3161261933,181,0.7348066298342542,0.0,0.3684210526315789,0.15789473684210525,0.05263157894736842,0.42105263157894735,0.7397504907354766,5,0
9,12,474000.0,39500.0,14485.102064472374,178,0.4719101123595506,0.0,0.25,0.0,0.3333333333333333,0.4166666666666667,0.3667114446701867,0,2
29,12,439000.0,36583.333333333336,19135.679826550255,179,0.4692737430167597,0.25,0.0,0.08333333333333333,0.4166666666666667,0.25,0.5230709747576379,0,2
151,2,523000.0,261500.0,35355.33905932738,181,0.07734806629834254,0.0,0.0,0.0,0.5,0.5,0.13520206141234178,4,5
18,4,31000.0,7750.0,1443.3756729740644,133,0.21052631578947367,0.25,0.0,0.0,0.5,0.25,0.18624202231923412,4,3
22,21,12208500.0,581357.1428571428,301511.282660249,179,0.8212290502793296,0.09523809523809523,0.5238095238095238,0.047619047619047616,0.0,0.3333333333333333,0.5186334878048269,5,0
61,3,322500.0,107500.0,59831.01202553739,142,0.14788732394366197,0.0,0.6666666666666666,0.3333333333333333,0.0,0.0,0.5565675537259293,2,5
47,3,62490.23028420832,20830.076761402775,21362.17167860642,179,0.11731843575418993,0.6666666666666666,0.0,0.0,0.3333333333333333,0.0,1.0255445490335202,1,3
3,12,603500.0,50291.666666666664,29536.155296466222,169,0.4970414201183432,0.16666666666666666,0.25,0.0,0.08333333333333333,0.5,0.5872972055635372,0,2
18,4,68500.0,17125.0,7087.253817006039,158,0.17721518987341772,0.0,0.25,0.0,0.25,0.5,0.41385423748940375,6,5
96,4,59500.0,14875.0,6142.407237123461,163,0.17177914110429449,0.0,0.0,0.0,0.25,0.75,0.4129349403108209,6,5
16,22,801500.0,36431.818181818184,17095.87492332403,183,0.8415300546448088,0.13636363636363635,0.2727272727272727,0.09090909090909091,0.18181818181818182,0.3181818181818182,0.4692567040712772,0,2
138,1,245000.0,245000.0,0.0,138,0.05072463768115942,0.0,1.0,0.0,0.0,0.0,0.0,2,6
26,3,27500.0,9166.666666666666,4368.4474740270525,131,0.16030534351145037,0.0,0.0,0.0,0.0,1.0,0.47655790625749667,6,5
1,17,14068500.0,827558.8235294118,453416.1610193547,174,0.6839080459770115,0.0,0.5882352941176471,0.058823529411764705,0.17647058823529413,0.17647058823529413,0.5478959901431588,5,0
37,14,503000.0,35928.57142857143,12720.149283801578,182,0.5384615384615384,0.2857142857142857,0.21428571428571427,0.21428571428571427,0.14285714285714285,0.14285714285714285,0.3540399403046165,0,2
3,11,446500.0,40590.90909090909,19150.480649083176,175,0.44,0.0,0.5454545454545454,0.0,0.36363636363636365,0.09090909090909091,0.4717923564163829,0,2
19,6,41500.0,6916.666666666667,2311.20459212651,169,0.2485207100591716,0.6666666666666666,0.0,0.0,0.16666666666666666,0.16666666666666666,0.33415006151226645,1,3
1,15,744000.0,49600.0,26856.895895521084,182,0.5769230769230769,0.06666666666666667,0.26666666666666666,0.13333333333333333,0.4,0.13333333333333333,0.5414696753129251,0,2
23,2,35500.0,17750.0,10960.155108391487,140,0.1,0.0,0.0,0.0,0.0,1.0,0.6174735272333233,6,5
65,4,34000.0,8500.0,3341.656275960571,181,0.15469613259668508,0.25,0.25,0.0,0.25,0.25,0.3931360324659495,4,3
1,17,10654500.0,626735.2941176471,243436.28001280045,172,0.6918604651162791,0.0,0.7058823529411765,0.11764705882352941,0.058823529411764705,0.11764705882352941,0.38841961239078393,5,0
9,11,7173000.0,652090.9090909091,385816.78412050835,128,0.6015625,0.0,0.5454545454545454,0.2727272727272727,0.09090909090909091,0.09090909090909091,0.5916610379653691,5,0
12,24,23599500.0,983312.5,726349.8051229683,172,0.9767441860465116,0.041666666666666664,0.7083333333333334,0.041666666666666664,0.125,0.08333333333333333,0.7386764686943045,5,0
5,19,973500.0,51236.84210526316,27326.91409431604,172,0.7732558139534883,0.21052631578947367,0.10526315789473684,0.10526315789473684,0.21052631578947367,0.3684210526315789,0.5333450105721671,0,2
28,2,14500.0,7250.0,3889.0872965260114,31,0.45161290322580644,0.0,0.0,0.0,0.0,1.0,0.5364258340035878,6,5
13,1,55000.0,55000.0,0.0,13,0.5384615384615384,1.0,0.0,0.0,0.0,0.0,0.0,1,3
4,18,2032500.0,112916.66666666667,29140.75880153795,180,0.7,0.05555555555555555,0.05555555555555555,0.6666666666666666,0.16666666666666666,0.05555555555555555,0.2580731406778269,3,1
1,18,1930000.0,107222.22222222222,54497.226648869946,175,0.72,0.0,0.1111111111111111,0.5555555555555556,0.2777777777777778,0.05555555555555555,0.5082642899894606,3,1
23,18,1907500.0,105972.22222222222,54784.73172395169,182,0.6923076923076923,0.1111111111111111,0.1111111111111111,0.6111111111111112,0.0,0.16666666666666666,0.5169725667266739,3,1
175,1,183000.0,183000.0,0.0,175,0.04,1.0,0.0,0.0,0.0,0.0,0.0,1,3
3,17,644500.0,37911.76470588235,19768.373806187916,159,0.7484276729559748,0.17647058823529413,0.058823529411764705,0.23529411764705882,0.23529411764705882,0.29411764705882354,0.5214311166876565,0,2
81,2,70000.0,35000.0,20506.096654409877,166,0.08433734939759036,0.5,0.5,0.0,0.0,0.0,0.5858884758402823,2,3
54,20,11129500.0,556475.0,311081.53758510936,164,0.853658536585366,0.0,0.6,0.25,0.1,0.05,0.5590215869268329,5,0
18,4,70500.0,17625.0,5328.774092916055,105,0.26666666666666666,0.0,0.25,0.0,0.0,0.75,0.3023417925058755,6,5
128,2,143000.0,71500.0,35355.33905932738,179,0.0782122905027933,0.0,0.0,0.0,0.5,0.5,0.4944802665640193,4,5
16,17,13238500.0,778735.2941176471,495764.1865609804,181,0.6574585635359116,0.058823529411764705,0.7058823529411765,0.11764705882352941,0.11764705882352941,0.0,0.6366273498913522,5,0
95,1,416500.0,416500.0,0.0,95,0.0736842105263158,0.0,0.0,1.0,0.0,0.0,0.0,2,6
38,2,361500.0,180750.0,89449.00782009827,53,0.2641509433962264,0.0,0.0,1.0,0.0,0.0,0.49487694506278435,3,5
12,26,19608500.0,754173.0769230769,679900.0947537468,181,1.005524861878453,0.038461538461538464,0.46153846153846156,0.2692307692307692,0.038461538461538464,0.19230769230769232,0.901517324813087,5,0
169,1,5500.0,5500.0,0.0,169,0.04142011834319527,1.0,0.0,0.0,0.0,0.0,0.0,1,3
6,17,27412708.420388274,1612512.2600228395,3118955.2399376845,138,0.8623188405797101,0.058823529411764705,0.5294117647058824,0.23529411764705882,0.058823529411764705,0.11764705882352941,1.9342211016079394,5,0
173,1,301000.0,301000.0,0.0,173,0.04046242774566474,0.0,0.0,0.0,0.0,1.0,0.0,6,6
14,4,98000.0,24500.0,7560.864148142504,134,0.208955223880597,0.0,0.0,0.0,0.5,0.5,0.3086066999241838,4,5
13,23,15394000.0,669304.3478260869,436137.71644689236,160,1.0062499999999999,0.043478260869565216,0.5652173913043478,0.08695652173913043,0.08695652173913043,0.21739130434782608,0.6516283927685154,5,0
20,15,14485000.0,965666.6666666666,901559.9509949937,167,0.6287425149700598,0.13333333333333333,0.26666666666666666,0.06666666666666667,0.3333333333333333,0.2,0.9336140327873598,5,0
16,19,814000.0,42842.10526315789,20704.972987974375,171,0.7777777777777778,0.10526315789473684,0.3684210526315789,0.10526315789473684,0.21052631578947367,0.21052631578947367,0.4832856102844142,0,2
10,2,34500.0,17250.0,2474.8737341529163,138,0.10144927536231883,0.0,0.5,0.0,0.0,0.5,0.143470941110314,6,5
23,7,65500.0,9357.142857142857,4525.062483125562,127,0.38582677165354334,0.5714285714285714,0.14285714285714285,0.0,0.14285714285714285,0.14285714285714285,0.4835944638454799,1,3
9,19,1915500.0,100815.78947368421,59554.41268432959,173,0.7687861271676301,0.10526315789473684,0.21052631578947367,0.47368421052631576,0.15789473684210525,0.05263157894736842,0.5907250540340706,3,1
6,17,735000.0,43235.294117647056,19153.261510003675,181,0.6574585635359116,0.11764705882352941,0.35294117647058826,0.0,0.17647058823529413,0.35294117647058826,0.44300060635382654,0,2
93,2,32000.0,16000.0,10606.601717798212,103,0.13592233009708737,0.0,0.0,0.5,0.0,0.5,0.6629126073623882,6,5
8,24,1500143.924133317,62505.99683888821,94678.61509429304,159,1.0566037735849056,0.0,0.375,0.16666666666666666,0.20833333333333334,0.25,1.5147125057189486,0,2
5,21,761500.0,36261.90476190476,21839.53928521562,165,0.8909090909090909,0.19047619047619047,0.3333333333333333,0.047619047619047616,0.2857142857142857,0.14285714285714285,0.6022722586861825,0,2
157,2,15500.0,7750.0,1060.6601717798212,177,0.07909604519774012,1.0,0.0,0.0,0.0,0.0,0.1368593770038479,1,3
39,2,47500.0,23750.0,1767.7669529663688,118,0.11864406779661017,0.0,0.0,0.5,0.0,0.5,0.07443229275647868,6,5
13,2,27500.0,13750.0,10253.048327204939,162,0.08641975308641975,0.0,0.5,0.5,0.0,0.0,0.745676241978541,2,5
8,18,10977000.0,609833.3333333334,274898.2164579551,165,0.7636363636363636,0.1111111111111111,0.5555555555555556,0.16666666666666666,0.05555555555555555,0.1111111111111111,0.4507759767006642,5,0
1,21,1004000.0,47809.52380952381,40154.849081548105,181,0.8121546961325967,0.19047619047619047,0.19047619047619047,0.09523809523809523,0.3333333333333333,0.19047619047619047,0.8398922616658469,0,2
127,2,335805.1755152353,167902.58775761764,221186.66079707106,153,0.0915032679738562,0.0,0.0,0.0,0.5,0.5,1.3173511126366542,4,5
10,22,2453000.0,111500.0,43692.64948532669,177,0.8700564971751413,0.0,0.045454545454545456,0.7727272727272727,0.13636363636363635,0.045454545454545456,0.3918623272226609,3,1
10,20,2166500.0,108325.0,62879.43245860119,156,0.8974358974358975,0.0,0.1,0.55,0.15,0.2,0.5804701819395448,3,1
22,4,149692.63354858576,37423.15838714644,63209.10068925435,118,0.23728813559322035,0.5,0.25,0.0,0.25,0.0,1.6890370405231347,0,3
3,23,3890536.880930371,169153.77743175527,292767.60588459944,181,0.8895027624309392,0.043478260869565216,0.0,0.8695652173913043,0.0,0.08695652173913043,1.7307778184422509,3,0
16,17,13512500.0,794852.9411764706,587118.5933412933,180,0.6611111111111111,0.058823529411764705,0.5882352941176471,0.11764705882352941,0.0,0.23529411764705882,0.7386505892175382,5,0
51,2,441500.0,220750.0,274710.9844909737,174,0.08045977011494253,0.5,0.0,0.5,0.0,0.0,1.244443870853788,2,5
32,4,39000.0,9750.0,3774.917217635375,137,0.2043795620437956,1.0,0.0,0.0,0.0,0.0,0.38717099668055127,1,3
8,14,1575000.0,112500.0,43000.0,169,0.5798816568047337,0.14285714285714285,0.0,0.5714285714285714,0.14285714285714285,0.14285714285714285,0.38222222222222224,3,1
45,3,24000.0,8000.0,3041.38126514911,163,0.12883435582822086,0.6666666666666666,0.0,0.0,0.0,0.3333333333333333,0.3801726581436387,1,3
101,1,52500.0,52500.0,0.0,101,0.0693069306930693,0.0,0.0,0.0,0.0,1.0,0.0,6,6
3,1,150000.0,150000.0,0.0,3,2.3333333333333335,0.0,0.0,1.0,0.0,0.0,0.0,3,6
20,24,1104500.0,46020.833333333336,35643.91501415399,183,0.9180327868852459,0.08333333333333333,0.25,0.08333333333333333,0.25,0.3333333333333333,0.774516940099317,0,2
7,15,1384500.0,92300.0,35753.02185030758,136,0.7720588235294118,0.0,0.13333333333333333,0.7333333333333333,0.13333333333333333,0.0,0.38735668310192395,3,1
28,3,56500.0,18833.333333333332,5107.184482014854,124,0.1693548387096774,0.0,0.0,0.0,0.6666666666666666,0.3333333333333333,0.27117793709813387,4,5
19,17,15016000.0,883294.1176470588,405267.9691737743,183,0.6502732240437159,0.17647058823529413,0.7647058823529411,0.0,0.0,0.058823529411764705,0.45881429648069816,5,0
4,14,1658500.0,118464.28571428571,50761.30578339337,173,0.5664739884393063,0.07142857142857142,0.14285714285714285,0.5,0.07142857142857142,0.21428571428571427,0.4284945920817047,3,1
21,2,17000.0,8500.0,4242.640687119285,144,0.09722222222222221,1.0,0.0,0.0,0.0,0.0,0.49913419848462176,1,3
5,2,23000.0,11500.0,707.1067811865476,9,1.5555555555555554,1.0,0.0,0.0,0.0,0.0,0.06148754619013457,1,3
29,2,48500.0,24250.0,2474.8737341529163,78,0.1794871794871795,0.0,0.5,0.0,0.5,0.0,0.10205664883104809,4,5
9,13,1407000.0,108230.76923076923,41827.33126827052,180,0.5055555555555555,0.07692307692307693,0.15384615384615385,0.46153846153846156,0.07692307692307693,0.23076923076923078,0.38646432586177454,3,1
6,22,2542500.0,115568.18181818182,39459.23015158613,178,0.8651685393258427,0.09090909090909091,0.09090909090909091,0.5454545454545454,0.13636363636363635,0.13636363636363635,0.3414367997384051,3,1
32,2,21500.0,10750.0,2474.8737341529163,86,0.1627906976744186,0.5,0.0,0.0,0.5,0.0,0.23022081247934106,4,3
8,15,603000.0,40200.0,20941.92650436644,161,0.6521739130434783,0.13333333333333333,0.13333333333333333,0.2,0.4666666666666667,0.06666666666666667,0.5209434453822498,0,2
5,20,687500.0,34375.0,14647.502930713588,183,0.7650273224043715,0.05,0.3,0.15,0.25,0.25,0.42610917616621347,0,2
1,5,804500.0,160900.0,104911.51033132637,124,0.282258064516129,0.0,0.2,0.0,0.2,0.6,0.6520292748994803,0,2
5,16,11564500.0,722781.25,376255.76269119565,169,0.6627218934911243,0.0625,0.5,0.125,0.1875,0.125,0.5205665790184729,5,0
35,2,14500.0,7250.0,2474.8737341529163,177,0.07909604519774012,0.0,0.0,0.0,0.0,1.0,0.3413618943659195,6,5
41,12,8519000.0,709916.6666666666,424375.7893731222,162,0.5185185185185185,0.08333333333333333,0.5,0.08333333333333333,0.25,0.08333333333333333,0.5977825416689126,5,0
62,4,40500.0,10125.0,4922.313141874119,130,0.21538461538461537,0.75,0.0,0.25,0.0,0.0,0.486154384382629,1,3
67,1,45000.0,45000.0,0.0,67,0.1044776119402985,0.0,0.0,0.0,1.0,0.0,0.0,4,4
31,1,280500.0,280500.0,0.0,31,0.22580645161290322,0.0,0.0,1.0,0.0,0.0,0.0,2,6
41,13,765000.0,58846.153846153844,38627.70196341427,183,0.4972677595628415,0.0,0.23076923076923078,0.15384615384615385,0.38461538461538464,0.23076923076923078,0.6564184647377589,0,2
17,16,13549000.0,846812.5,692730.6805919118,181,0.6187845303867403,0.0,0.5,0.0625,0.0625,0.375,0.8180449398088854,5,0
101,2,149500.0,74750.0,66821.59082212874,107,0.1308411214953271,0.0,0.0,0.5,0.5,0.0,0.8939343253796487,4,5
44,4,33500.0,8375.0,750.0,163,0.17177914110429449,0.75,0.0,0.0,0.0,0.25,0.08955223880597014,1,3
146,1,91000.0,91000.0,0.0,146,0.04794520547945205,1.0,0.0,0.0,0.0,0.0,0.0,1,3
32,14,549500.0,39250.0,31463.501443369638,174,0.5632183908045977,0.0,0.2857142857142857,0.14285714285714285,0.42857142857142855,0.14285714285714285,0.8016178711686532,0,2
28,2,38500.0,19250.0,11667.261889578034,36,0.38888888888888884,0.0,0.0,0.0,0.0,1.0,0.6060915267313265,6,5
20,18,878000.0,48777.77777777778,43862.15782299007,176,0.7159090909090909,0.1111111111111111,0.3333333333333333,0.05555555555555555,0.3888888888888889,0.1111111111111111,0.8992241922708669,0,2
7,13,880000.0,67692.30769230769,40602.000392806214,178,0.5112359550561798,0.07692307692307693,0.23076923076923078,0.0,0.38461538461538464,0.3076923076923077,0.5998022785300918,0,2
3,17,1707500.0,100441.17647058824,45386.83810896516,168,0.7083333333333334,0.0,0.23529411764705882,0.5882352941176471,0.11764705882352941,0.058823529411764705,0.45187481572615384,3,1
23,18,1765000.0,98055.55555555556,39553.71957257805,174,0.7241379310344828,0.0,0.16666666666666666,0.6111111111111112,0.16666666666666666,0.05555555555555555,0.40338070952204236,3,1
101,2,221500.0,110750.0,10960.155108391487,136,0.10294117647058824,0.0,0.0,0.0,0.0,1.0,0.09896302580940394,6,5
19,3,1673000.0,557666.6666666666,447125.91440592357,99,0.21212121212121213,0.0,0.0,0.3333333333333333,0.0,0.6666666666666666,0.8017798823776275,3,5
7,17,1732500.0,101911.76470588235,40883.68993793462,173,0.6878612716763005,0.058823529411764705,0.17647058823529413,0.5882352941176471,0.11764705882352941,0.058823529411764705,0.40116752031451003,3,1
142,1,158500.0,158500.0,0.0,142,0.04929577464788733,0.0,1.0,0.0,0.0,0.0,0.0,2,6
3,21,817500.0,38928.57142857143,29814.54582677963,182,0.8076923076923077,0.0,0.5238095238095238,0.0,0.23809523809523808,0.23809523809523808,0.7658782414218621,0,2
113,3,47500.0,15833.333333333334,8736.894948054105,146,0.14383561643835616,0.0,0.0,0.0,0.6666666666666666,0.3333333333333333,0.5518038914560487,4,5
5,14,1523000.0,108785.71428571429,37095.36270298397,176,0.5568181818181819,0.0,0.2857142857142857,0.6428571428571429,0.0,0.07142857142857142,0.34099479832027285,3,1
143,1,45000.0,45000.0,0.0,143,0.04895104895104895,0.0,0.0,0.0,0.0,1.0,0.0,6,6
16,20,743000.0,37150.0,21456.259054914,182,0.7692307692307693,0.05,0.35,0.0,0.2,0.4,0.5775574442776312,0,2
4,22,16514000.0,750636.3636363636,387898.8325955678,174,0.8850574712643678,0.09090909090909091,0.5,0.09090909090909091,0.18181818181818182,0.13636363636363635,0.5167599804470444,5,0
6,19,2807718.906832651,147774.67930698162,164595.17473201038,179,0.7430167597765363,0.10526315789473684,0.15789473684210525,0.7368421052631579,0.0,0.0,1.1138252879580708,3,0
8,16,753000.0,47062.5,48099.50623447189,180,0.6222222222222222,0.25,0.1875,0.0625,0.1875,0.3125,1.0220346610246351,0,2
15,2,25500.0,12750.0,9545.941546018392,68,0.2058823529411765,0.0,0.0,0.0,0.5,0.5,0.7487012977269327,4,5
51,3,303000.0,101000.0,20168.044030098703,163,0.12883435582822086,0.3333333333333333,0.0,0.0,0.3333333333333333,0.3333333333333333,0.199683604258403,4,5
6,19,1950000.0,102631.57894736843,37944.71201090665,177,0.7514124293785311,0.10526315789473684,0.10526315789473684,0.47368421052631576,0.15789473684210525,0.15789473684210525,0.3697177067729366,3,1
59,2,58500.0,29250.0,20152.543263816606,183,0.07650273224043716,0.0,0.0,0.0,0.0,1.0,0.6889758380792002,6,5
29,4,443000.0,110750.0,37493.33274063537,181,0.15469613259668508,0.25,0.75,0.0,0.0,0.0,0.3385402504797776,2,5
144,1,16500.0,16500.0,0.0,144,0.048611111111111105,1.0,0.0,0.0,0.0,0.0,0.0,1,3
30,3,373000.0,124333.33333333333,95101.69994975555,149,0.14093959731543626,0.3333333333333333,0.0,0.0,0.3333333333333333,0.3333333333333333,0.7648930290865058,4,5
27,3,42000.0,14000.0,5678.908345800273,151,0.1390728476821192,0.3333333333333333,0.0,0.0,0.3333333333333333,0.3333333333333333,0.40563631041430526,4,3
17,15,8051000.0,536733.3333333334,288809.55580418307,183,0.5737704918032787,0.0,0.7333333333333333,0.06666666666666667,0.13333333333333333,0.06666666666666667,0.5380876086278408,5,0
24,3,62500.0,20833.333333333332,13316.656236958785,175,0.12,0.0,0.0,0.0,0.6666666666666666,0.3333333333333333,0.6391994993740217,4,5
89,1,9000.0,9000.0,0.0,89,0.07865168539325842,0.0,0.0,0.0,0.0,1.0,0.0,6,6
24,3,257500.0,85833.33333333333,26001.602514716924,149,0.14093959731543626,0.3333333333333333,0.0,0.0,0.3333333333333333,0.3333333333333333,0.30293129143359526,4,5
1,19,744500.0,39184.21052631579,21720.58069506877,174,0.764367816091954,0.21052631578947367,0.2631578947368421,0.0,0.21052631578947367,0.3157894736842105,0.5543197222381553,0,2
16,14,640500.0,45750.0,23006.479020551513,173,0.5664739884393063,0.14285714285714285,0.07142857142857142,0.07142857142857142,0.35714285714285715,0.35714285714285715,0.5028738583727107,0,2
134,2,25000.0,12500.0,6363.961030678927,150,0.09333333333333334,0.0,0.0,0.0,0.5,0.5,0.5091168824543142,4,5
12,22,2569000.0,116772.72727272728,53206.41012060558,180,0.8555555555555555,0.0,0.09090909090909091,0.6363636363636364,0.13636363636363635,0.13636363636363635,0.45564072504995046,3,1
119,2,460000.0,230000.0,286378.2463805518,183,0.07650273224043716,0.5,0.5,0.0,0.0,0.0,1.2451228103502252,2,5
40,4,34500.0,8625.0,3092.3292192132453,154,0.18181818181818182,1.0,0.0,0.0,0.0,0.0,0.35853092396675307,1,3
32,2,17500.0,8750.0,4596.194077712559,80,0.175,0.0,0.0,0.0,0.0,1.0,0.5252793231671496,6,5
2,2,26500.0,13250.0,1767.7669529663688,101,0.1386138613861386,0.0,0.0,0.5,0.5,0.0,0.13341637380878255,4,5
6,17,751500.0,44205.882352941175,25693.541761214892,178,0.6685393258426967,0.058823529411764705,0.4117647058823529,0.11764705882352941,0.23529411764705882,0.17647058823529413,0.5812244975923528,0,2
18,17,12854500.0,756147.0588235294,501647.4971501989,179,0.6648044692737429,0.0,0.8823529411764706,0.0,0.0,0.11764705882352941,0.6634258393211234,5,0
39,3,25500.0,8500.0,2179.449471770337,110,0.19090909090909092,0.6666666666666666,0.0,0.0,0.0,0.3333333333333333,0.2564058202082749,1,3
20,16,1881000.0,117562.5,63770.127541558715,183,0.6120218579234973,0.0625,0.1875,0.4375,0.0625,0.25,0.5424359599494628,3,1
10,16,12973000.0,810812.5,633286.9248347598,183,0.6120218579234973,0.0625,0.5,0.125,0.125,0.1875,0.7810522467706896,5,0
39,2,29000.0,14500.0,7071.067811865475,83,0.1686746987951807,0.0,0.0,0.0,0.0,1.0,0.4876598490941707,6,5
17,2,17500.0,8750.0,353.5533905932738,137,0.1021897810218978,0.5,0.0,0.0,0.5,0.0,0.04040610178208843,4,3
1,24,19365500.0,806895.8333333334,658920.757575972,179,0.9385474860335195,0.0,0.6666666666666666,0.08333333333333333,0.16666666666666666,0.08333333333333333,0.8166119223269901,5,0
8,19,777000.0,40894.73684210526,27448.72945216247,174,0.764367816091954,0.05263157894736842,0.3157894736842105,0.0,0.2631578947368421,0.3684210526315789,0.6712044524981815,0,2
87,2,20500.0,10250.0,353.5533905932738,106,0.1320754716981132,0.0,0.5,0.0,0.0,0.5,0.034493013716416956,6,5
2,18,780500.0,43361.11111111111,17820.0197692136,170,0.7411764705882353,0.1111111111111111,0.2222222222222222,0.1111111111111111,0.3888888888888889,0.16666666666666666,0.410967784555855,0,2
58,1,14000.0,14000.0,0.0,58,0.12068965517241378,0.0,0.0,0.0,1.0,0.0,0.0,4,4
6,18,694500.0,38583.333333333336,29317.35583133609,176,0.7159090909090909,0.2777777777777778,0.1111111111111111,0.16666666666666666,0.2222222222222222,0.2222222222222222,0.759845075542188,0,2
13,25,23334000.0,933360.0,981964.4481853709,177,0.9887005649717514,0.0,0.52,0.04,0.24,0.2,1.052074706635565,5,0
6,18,2167500.0,120416.66666666667,47975.86709512828,165,0.7636363636363636,0.05555555555555555,0.16666666666666666,0.4444444444444444,0.3333333333333333,0.0,0.3984155052882625,3,1
31,1,11000.0,11000.0,0.0,31,0.22580645161290322,0.0,0.0,0.0,0.0,1.0,0.0,6,6
75,1,17500.0,17500.0,0.0,75,0.09333333333333334,1.0,0.0,0.0,0.0,0.0,0.0,1,3
67,2,11500.0,5750.0,353.5533905932738,84,0.16666666666666666,1.0,0.0,0.0,0.0,0.0,0.06148754619013457,1,3
117,1,43000.0,43000.0,0.0,117,0.059829059829059825,0.0,0.0,0.0,0.0,1.0,0.0,6,6
2,24,20812500.0,867187.5,614941.6694235952,182,0.9230769230769231,0.08333333333333333,0.7083333333333334,0.0,0.08333333333333333,0.125,0.7091219251010827,5,0
9,2,19000.0,9500.0,4949.747468305833,85,0.16470588235294117,0.0,0.0,0.0,0.5,0.5,0.5210260492953508,4,5
158,1,142500.0,142500.0,0.0,158,0.04430379746835443,0.0,0.0,0.0,0.0,1.0,0.0,6,6
73,1,21500.0,21500.0,0.0,73,0.0958904109589041,0.0,0.0,0.0,1.0,0.0,0.0,4,4
1,3,49000.0,16333.333333333334,7112.196097783956,160,0.13125,0.3333333333333333,0.0,0.0,0.3333333333333333,0.3333333333333333,0.43544057741534425,4,5
18,4,34000.0,8500.0,1414.213562373095,115,0.24347826086956523,0.5,0.0,0.0,0.25,0.25,0.1663780661615406,1,3
1,25,27422338.456694096,1096893.5382677638,1157480.8277522672,181,0.9668508287292817,0.04,0.6,0.04,0.2,0.12,1.0552353417818325,5,0
11,16,1447000.0,90437.5,36126.11013288496,169,0.6627218934911243,0.0,0.125,0.875,0.0,0.0,0.3994594071362539,3,1
17,22,17396000.0,790727.2727272727,474589.1889501891,183,0.8415300546448088,0.0,0.4090909090909091,0.13636363636363635,0.13636363636363635,0.3181818181818182,0.6001932718385928,5,0
7,9,906500.0,100722.22222222222,35199.53045772691,165,0.3818181818181818,0.0,0.0,1.0,0.0,0.0,0.3494713448643599,3,1
12,4,67500.0,16875.0,5250.0,179,0.1564245810055866,0.0,0.25,0.0,0.25,0.5,0.3111111111111111,6,5
11,2,41500.0,20750.0,1060.6601717798212,13,1.0769230769230769,0.0,0.0,0.0,0.0,1.0,0.05111615285685885,6,6
62,3,66000.0,22000.0,7000.0,120,0.17500000000000002,0.0,0.0,0.3333333333333333,0.3333333333333333,0.3333333333333333,0.3181818181818182,4,5
2,23,915500.0,39804.34782608696,17669.143063566793,180,0.8944444444444444,0.08695652173913043,0.21739130434782608,0.13043478260869565,0.21739130434782608,0.34782608695652173,0.44389982573679543,0,2
66,1,47500.0,47500.0,0.0,66,0.10606060606060606,0.0,1.0,0.0,0.0,0.0,0.0,2,6
17,6,129500.0,21583.333333333332,11517.016396040543,122,0.34426229508196726,0.16666666666666666,0.16666666666666666,0.0,0.16666666666666666,0.5,0.5336069372682877,0,3
38,15,16428000.0,1095200.0,1272317.104453805,161,0.6521739130434783,0.13333333333333333,0.6,0.13333333333333333,0.0,0.13333333333333333,1.161721242196681,5,0
76,1,114000.0,114000.0,0.0,76,0.09210526315789473,1.0,0.0,0.0,0.0,0.0,0.0,1,3
49,2,201000.0,100500.0,49497.474683058324,142,0.09859154929577466,0.0,0.0,0.0,0.0,1.0,0.49251218590107787,6,5
103,1,20000.0,20000.0,0.0,103,0.06796116504854369,0.0,0.0,0.0,0.0,1.0,0.0,6,6
5,23,17392500.0,756195.6521739131,422673.22266977746,179,0.8994413407821229,0.08695652173913043,0.391304347826087,0.13043478260869565,0.13043478260869565,0.2608695652173913,0.5589469093807607,5,0
42,5,33500.0,6700.0,3914.715826212677,176,0.19886363636363638,0.6,0.2,0.0,0.2,0.0,0.5842859442108472,1,3
2,15,1695000.0,113000.0,34734.70886591681,181,0.580110497237569,0.13333333333333333,0.13333333333333333,0.6,0.0,0.13333333333333333,0.3073868041231576,3,1
43,1,122500.0,122500.0,0.0,43,0.1627906976744186,0.0,0.0,1.0,0.0,0.0,0.0,2,6
58,2,11000.0,5500.0,2121.3203435596424,66,0.21212121212121213,1.0,0.0,0.0,0.0,0.0,0.385694607919935,1,3
111,3,663000.0,221000.0,164563.81740832338,167,0.12574850299401197,0.3333333333333333,0.0,0.3333333333333333,0.0,0.3333333333333333,0.7446326579562144,2,5
11,18,1037500.0,57638.88888888889,46436.16920523824,183,0.6885245901639344,0.05555555555555555,0.2222222222222222,0.05555555555555555,0.2222222222222222,0.4444444444444444,0.8056395621149767,0,2
2,23,17743000.0,771434.7826086957,686266.2533983145,177,0.9096045197740114,0.043478260869565216,0.6521739130434783,0.043478260869565216,0.13043478260869565,0.13043478260869565,0.8895972399346915,5,0
4,19,627500.0,33026.31578947369,18413.064266235393,163,0.8159509202453988,0.15789473684210525,0.15789473684210525,0.21052631578947367,0.21052631578947367,0.2631578947368421,0.5575270455115099,0,2
5,14,1996000.0,142571.42857142858,63509.49569911609,137,0.7153284671532846,0.07142857142857142,0.0,0.6428571428571429,0.14285714285714285,0.14285714285714285,0.44545738466313883,3,1
5,4,32000.0,8000.0,1471.9601443879744,152,0.18421052631578946,0.5,0.0,0.0,0.25,0.25,0.1839950180484968,1,3
10,30,22617000.0,753900.0,547570.9590294338,180,1.1666666666666665,0.13333333333333333,0.5,0.16666666666666666,0.13333333333333333,0.06666666666666667,0.7263177596888629,5,0
70,3,49000.0,16333.333333333334,12271.240089466644,131,0.16030534351145037,0.0,0.0,0.0,0.3333333333333333,0.6666666666666666,0.7513004136408149,6,5
37,14,698000.0,49857.142857142855,33905.087303455584,153,0.6405228758169934,0.0,0.14285714285714285,0.0,0.42857142857142855,0.42857142857142855,0.6800447310148685,0,2
87,2,19500.0,9750.0,1767.7669529663688,117,0.11965811965811965,1.0,0.0,0.0,0.0,0.0,0.18130943107347372,1,3
1,16,497500.0,31093.75,14476.669448921368,159,0.7044025157232704,0.0625,0.3125,0.1875,0.0625,0.375,0.46558132901053645,0,2
6,16,854000.0,53375.0,32553.801621316055,178,0.6292134831460674,0.0,0.3125,0.0,0.375,0.3125,0.6099072903291064,0,2
57,2,52000.0,26000.0,0.0,144,0.09722222222222221,0.5,0.0,0.0,0.5,0.0,0.0,4,3
1,19,952500.0,50131.57894736842,43844.68867657973,171,0.7777777777777778,0.05263157894736842,0.15789473684210525,0.15789473684210525,0.42105263157894735,0.21052631578947367,0.8745922150708818,0,2
13,10,7959000.0,795900.0,470469.3755531101,170,0.411764705882353,0.3,0.5,0.0,0.1,0.1,0.5911161899147005,5,0
12,19,16284000.0,857052.6315789474,834651.7053826976,162,0.8209876543209876,0.05263157894736842,0.5789473684210527,0.05263157894736842,0.21052631578947367,0.10526315789473684,0.9738628348238304,5,0
76,2,23500.0,11750.0,6010.407640085654,111,0.12612612612612611,0.0,0.5,0.0,0.5,0.0,0.5115240544753747,4,5
17,25,1210500.0,48420.0,21552.107398891025,182,0.9615384615384616,0.08,0.28,0.08,0.36,0.2,0.4451075464454982,0,2
7,23,937000.0,40739.13043478261,22531.225587664187,161,1.0,0.043478260869565216,0.21739130434782608,0.17391304347826086,0.30434782608695654,0.2608695652173913,0.5530610336353002,0,2
7,2,20000.0,10000.0,4242.640687119285,146,0.0958904109589041,0.0,0.5,0.0,0.0,0.5,0.4242640687119285,6,5
38,11,540000.0,49090.90909090909,25775.781444815777,177,0.43502824858757067,0.0,0.36363636363636365,0.09090909090909091,0.18181818181818182,0.36363636363636365,0.5250622146166177,0,2
1,23,2342500.0,101847.82608695653,50687.19463143273,183,0.8797814207650273,0.0,0.21739130434782608,0.5652173913043478,0.13043478260869565,0.08695652173913043,0.49767576372377914,3,1
22,2,18500.0,9250.0,1060.6601717798212,25,0.5599999999999999,0.0,0.0,0.0,0.0,1.0,0.11466596451673743,6,5
28,4,64000.0,16000.0,6164.414002968976,137,0.2043795620437956,0.5,0.0,0.0,0.25,0.25,0.385275875185561,1,3
10,3,33500.0,11166.666666666666,1040.8329997330663,166,0.12650602409638553,0.3333333333333333,0.0,0.3333333333333333,0.0,0.3333333333333333,0.09320892534922982,1,3
17,1,19000.0,19000.0,0.0,17,0.411764705882353,0.0,1.0,0.0,0.0,0.0,0.0,2,6
7,16,757000.0,47312.5,34514.18790391376,164,0.6829268292682927,0.0625,0.25,0.0625,0.3125,0.3125,0.7294940640193133,0,2
33,17,984500.0,57911.76470588235,43930.78195230739,181,0.6574585635359116,0.23529411764705882,0.29411764705882354,0.11764705882352941,0.17647058823529413,0.17647058823529413,0.7585813033917986,0,2
16,2,265500.0,132750.0,64700.270478569095,63,0.2222222222222222,0.0,0.0,0.0,0.0,1.0,0.4873843350551344,6,5
8,17,987000.0,58058.82352941176,52032.70676727679,182,0.6538461538461539,0.11764705882352941,0.17647058823529413,0.058823529411764705,0.23529411764705882,0.4117647058823529,0.8962067021719407,0,2
3,19,14442000.0,760105.2631578947,490135.34352335805,167,0.7964071856287425,0.15789473684210525,0.5263157894736842,0.15789473684210525,0.15789473684210525,0.0,0.6448256146616675,5,0
18,11,6695000.0,608636.3636363636,593442.2503878996,162,0.47530864197530864,0.0,0.5454545454545454,0.09090909090909091,0.09090909090909091,0.2727272727272727,0.9750358109435243,5,0
110,1,28000.0,28000.0,0.0,110,0.06363636363636364,0.0,0.0,0.0,0.0,1.0,0.0,6,6
85,2,202937.9695507895,101468.98477539475,120164.29065043629,159,0.0880503144654088,0.0,0.5,0.0,0.5,0.0,1.184246505633463,4,5
31,2,320000.0,160000.0,2828.42712474619,134,0.1044776119402985,0.5,0.0,0.0,0.0,0.5,0.017677669529663688,1,5
16,3,273500.0,91166.66666666667,48047.71933539961,149,0.14093959731543626,0.3333333333333333,0.0,0.3333333333333333,0.3333333333333333,0.0,0.5270316563297947,4,5
49,4,78000.0,19500.0,3188.521078284832,138,0.20289855072463767,0.0,0.0,0.0,0.0,1.0,0.1635139014505042,6,5
10,3,59500.0,19833.333333333332,8129.1655988381335,99,0.21212121212121213,0.0,0.0,0.0,0.3333333333333333,0.6666666666666666,0.40987389573973787,6,5
147,1,12000.0,12000.0,0.0,147,0.047619047619047616,0.0,0.0,0.0,1.0,0.0,0.0,4,4
6,25,20395000.0,815800.0,777526.5670702192,183,0.9562841530054645,0.16,0.48,0.0,0.16,0.2,0.9530847843469222,5,0
13,22,2248500.0,102204.54545454546,36848.67998246635,180,0.8555555555555555,0.09090909090909091,0.18181818181818182,0.6363636363636364,0.045454545454545456,0.045454545454545456,0.36053856331521444,3,1
67,2,41000.0,20500.0,8485.28137423857,70,0.2,0.0,0.0,0.0,0.5,0.5,0.4139161645970034,4,5
167,1,16000.0,16000.0,0.0,167,0.041916167664670656,0.0,0.0,0.0,0.0,1.0,0.0,6,6
18,2,16000.0,8000.0,4242.640687119285,120,0.11666666666666667,0.5,0.0,0.5,0.0,0.0,0.5303300858899106,1,3
19,22,848500.0,38568.181818181816,26077.857536225125,176,0.875,0.09090909090909091,0.22727272727272727,0.09090909090909091,0.3181818181818182,0.2727272727272727,0.676149517733592,0,2
15,19,19884000.0,1046526.3157894737,832479.7373857785,174,0.764367816091954,0.05263157894736842,0.631578947368421,0.05263157894736842,0.2631578947368421,0.0,0.7954694734625725,5,0
11,14,1593500.0,113821.42857142857,36990.958948857275,176,0.5568181818181819,0.0,0.21428571428571427,0.7857142857142857,0.0,0.0,0.3249911674201455,3,1
2,10,603500.0,60350.0,23035.05782256448,174,0.40229885057471265,0.1,0.4,0.1,0.3,0.1,0.3816910989654429,0,2
10,22,754500.0,34295.454545454544,26270.415684943782,173,0.8901734104046243,0.18181818181818182,0.22727272727272727,0.0,0.3181818181818182,0.2727272727272727,0.7660028430334834,0,2
5,13,799000.0,61461.53846153846,59177.50893796193,171,0.5321637426900585,0.07692307692307693,0.23076923076923078,0.07692307692307693,0.15384615384615385,0.46153846153846156,0.9628380678266647,0,2
12,4,29000.0,7250.0,2629.9556396765834,119,0.23529411764705882,0.25,0.0,0.0,0.25,0.5,0.3627525020243563,6,3
30,22,1011500.0,45977.27272727273,28538.811197888823,180,0.8555555555555555,0.09090909090909091,0.36363636363636365,0.045454545454545456,0.22727272727272727,0.2727272727272727,0.6207156167608049,0,2
15,20,745500.0,37275.0,26167.715645529,178,0.7865168539325843,0.25,0.25,0.2,0.1,0.2,0.7020178576936016,0,2
20,15,608000.0,40533.333333333336,20037.880792805077,178,0.5898876404494382,0.06666666666666667,0.26666666666666666,0.06666666666666667,0.26666666666666666,0.3333333333333333,0.4943556116645989,0,2
7,19,1020500.0,53710.52631578947,25464.744577047477,183,0.726775956284153,0.05263157894736842,0.5263157894736842,0.0,0.3157894736842105,0.10526315789473684,0.47411087404595986,0,2
2,19,2004500.0,105500.0,37717.88553046007,182,0.7307692307692307,0.05263157894736842,0.10526315789473684,0.631578947368421,0.10526315789473684,0.10526315789473684,0.35751550265838933,3,1
7,3,54500.0,18166.666666666668,4163.3319989322645,107,0.19626168224299065,0.0,0.3333333333333333,0.0,0.6666666666666666,0.0,0.22917423847333565,4,5
7,18,12248000.0,680444.4444444445,417196.34568111115,171,0.736842105263158,0.05555555555555555,0.4444444444444444,0.1111111111111111,0.2222222222222222,0.16666666666666666,0.6131233035809929,5,0
36,19,18627500.0,980394.7368421053,891694.9151124654,173,0.7687861271676301,0.05263157894736842,0.5789473684210527,0.10526315789473684,0.10526315789473684,0.15789473684210525,0.909526419924136,5,0
81,2,423000.0,211500.0,153442.1715174808,98,0.14285714285714285,0.0,0.0,0.5,0.0,0.5,0.7254949007918714,2,5
18,20,804500.0,40225.0,18871.08272351893,176,0.7954545454545455,0.15,0.1,0.05,0.35,0.35,0.46913816590475904,0,2
42,2,220000.0,110000.0,32526.911934581185,178,0.07865168539325842,0.0,0.0,0.5,0.5,0.0,0.2956991994052835,4,5
11,18,1982000.0,110111.11111111111,40523.61532110394,179,0.7039106145251396,0.05555555555555555,0.16666666666666666,0.5,0.16666666666666666,0.1111111111111111,0.36802476073656454,3,1
3,21,810000.0,38571.42857142857,20457.447124632705,180,0.8166666666666667,0.09523809523809523,0.42857142857142855,0.09523809523809523,0.23809523809523808,0.14285714285714285,0.5303782587867738,0,2
97,4,942000.0,235500.0,141157.71321468762,162,0.1728395061728395,0.0,0.0,0.0,0.5,0.5,0.5993958098288222,4,5
19,2,312000.0,156000.0,42426.40687119285,116,0.12068965517241378,0.0,0.5,0.5,0.0,0.0,0.27196414661021057,2,5
38,3,45500.0,15166.666666666666,6331.139971074193,173,0.12138728323699421,0.0,0.3333333333333333,0.0,0.3333333333333333,0.3333333333333333,0.4174378002906062,4,5
131,1,5500.0,5500.0,0.0,131,0.05343511450381679,1.0,0.0,0.0,0.0,0.0,0.0,1,3
19,15,7804000.0,520266.6666666667,360313.5968781057,175,0.6,0.0,0.6,0.06666666666666667,0.26666666666666666,0.06666666666666667,0.6925556065058414,5,0
1,18,1780500.0,98916.66666666667,25164.31296615951,183,0.6885245901639344,0.05555555555555555,0.05555555555555555,0.8333333333333334,0.05555555555555555,0.0,0.2543991201296665,3,1
4,3,17500.0,5833.333333333333,2081.6659994661327,157,0.1337579617834395,1.0,0.0,0.0,0.0,0.0,0.35685702847990847,1,3
16,6,122000.0,20333.333333333332,2750.757471437035,166,0.25301204819277107,0.16666666666666666,0.0,0.0,0.16666666666666666,0.6666666666666666,0.13528315433296895,6,5
94,1,39500.0,39500.0,0.0,94,0.07446808510638298,0.0,0.0,0.0,0.0,1.0,0.0,6,6
95,3,62000.0,20666.666666666668,10750.968948580092,171,0.12280701754385966,0.0,0.3333333333333333,0.0,0.3333333333333333,0.3333333333333333,0.5202081749312948,4,5
72,2,358000.0,179000.0,48790.36790187178,75,0.18666666666666668,1.0,0.0,0.0,0.0,0.0,0.2725718877199541,1,3
14,19,1757000.0,92473.68421052632,26432.55236562303,182,0.7307692307692307,0.0,0.10526315789473684,0.7368421052631579,0.05263157894736842,0.10526315789473684,0.28583864254230934,3,1
101,2,52500.0,26250.0,3181.9805153394636,154,0.09090909090909091,0.0,0.0,0.0,1.0,0.0,0.12121830534626528,4,4
134,1,24000.0,24000.0,0.0,134,0.05223880597014925,0.0,0.0,0.0,1.0,0.0,0.0,4,4
56,1,13500.0,13500.0,0.0,56,0.125,0.0,1.0,0.0,0.0,0.0,0.0,2,6
31,14,428500.0,30607.14285714286,17609.196211320697,181,0.5414364640883977,0.14285714285714285,0.2857142857142857,0.0,0.14285714285714285,0.42857142857142855,0.5753296311750052,0,2
16,11,363500.0,33045.454545454544,18177.53358607067,181,0.42541436464088395,0.0,0.36363636363636365,0.2727272727272727,0.18181818181818182,0.18181818181818182,0.5500766697297864,0,2
31,3,48000.0,16000.0,7794.228634059948,146,0.14383561643835616,0.3333333333333333,0.0,0.0,0.0,0.6666666666666666,0.4871392896287467,6,3
14,18,735500.0,40861.11111111111,28888.123732953954,172,0.7325581395348837,0.05555555555555555,0.2222222222222222,0.16666666666666666,0.3888888888888889,0.16666666666666666,0.7069833136548894,0,2
10,9,247500.0,27500.0,21170.439296339602,173,0.36416184971098264,0.0,0.1111111111111111,0.0,0.4444444444444444,0.4444444444444444,0.769834156230531,0,2
3,14,1654000.0,118142.85714285714,58139.56304624925,179,0.547486033519553,0.07142857142857142,0.07142857142857142,0.7857142857142857,0.07142857142857142,0.0,0.492112383704649,3,1
6,17,2053000.0,120764.70588235294,59510.79672186038,173,0.6878612716763005,0.058823529411764705,0.0,0.6470588235294118,0.11764705882352941,0.17647058823529413,0.49278302205144986,3,1
3,15,1485000.0,99000.0,32767.579796412883,180,0.5833333333333333,0.13333333333333333,0.13333333333333333,0.5333333333333333,0.13333333333333333,0.06666666666666667,0.330985654509221,3,1
138,3,60500.0,20166.666666666668,19399.31270260195,179,0.11731843575418993,0.0,0.3333333333333333,0.0,0.6666666666666666,0.0,0.9619493902116669,4,5
128,2,48500.0,24250.0,14495.689014324224,130,0.10769230769230768,0.0,0.5,0.5,0.0,0.0,0.5977603717247103,2,5
1,22,19213500.0,873340.9090909091,509647.7631977477,171,0.9005847953216375,0.09090909090909091,0.5909090909090909,0.13636363636363635,0.045454545454545456,0.13636363636363635,0.583561078947118,5,0
17,16,1202209.8429600673,75138.11518500421,146843.087984781,177,0.632768361581921,0.3125,0.0625,0.125,0.1875,0.3125,1.9543089099749926,0,0
2,20,902500.0,45125.0,36446.021730773304,179,0.7821229050279329,0.15,0.2,0.1,0.15,0.4,0.8076680715960843,0,2
7,15,1405500.0,93700.0,29035.56931961703,165,0.6363636363636364,0.0,0.3333333333333333,0.5333333333333333,0.06666666666666667,0.06666666666666667,0.309878007680011,3,1
3,28,1442000.0,51500.0,24623.46065878667,175,1.12,0.07142857142857142,0.35714285714285715,0.10714285714285714,0.25,0.21428571428571427,0.47812544968517806,0,2
25,19,20774500.0,1093394.7368421052,945879.7577292112,175,0.76,0.10526315789473684,0.47368421052631576,0.10526315789473684,0.15789473684210525,0.15789473684210525,0.86508534004934,5,0
4,2,16500.0,8250.0,5303.300858899106,98,0.14285714285714285,0.5,0.0,0.5,0.0,0.0,0.642824346533225,1,3
21,19,462500.0,24342.105263157893,8779.79471978915,160,0.8312499999999999,0.10526315789473684,0.47368421052631576,0.15789473684210525,0.2631578947368421,0.0,0.3606834587589056,0,2
20,13,435500.0,33500.0,15047.148124035555,178,0.5112359550561798,0.0,0.3076923076923077,0.15384615384615385,0.23076923076923078,0.3076923076923077,0.44916860071747927,0,2
37,4,20500.0,5125.0,946.4847243000455,175,0.16,0.5,0.0,0.0,0.5,0.0,0.18467994620488692,4,3
3,20,12862500.0,643125.0,477973.5424025498,178,0.7865168539325843,0.05,0.6,0.05,0.2,0.1,0.7432047306550823,5,0
41,15,739500.0,49300.0,28632.399230841373,175,0.6,0.13333333333333333,0.4666666666666667,0.13333333333333333,0.06666666666666667,0.2,0.5807788890637196,0,2
66,1,73000.0,73000.0,0.0,66,0.10606060606060606,0.0,0.0,1.0,0.0,0.0,0.0,2,6
34,3,624000.0,208000.0,111455.14792955953,120,0.17500000000000002,0.0,0.0,0.0,0.0,1.0,0.5358420573536516,6,5
6,19,11789500.0,620500.0,285131.15890371887,174,0.764367816091954,0.05263157894736842,0.7894736842105263,0.0,0.0,0.15789473684210525,0.4595183866296839,5,0
3,12,1338000.0,111500.0,42581.472710344555,170,0.49411764705882355,0.0,0.08333333333333333,0.75,0.16666666666666666,0.0,0.381896616236274,3,1
19,4,74500.0,18625.0,8901.076713896284,117,0.2393162393162393,0.0,0.0,0.0,0.5,0.5,0.47791015913537094,4,5
33,14,665000.0,47500.0,34006.2211502995,178,0.550561797752809,0.0,0.21428571428571427,0.14285714285714285,0.42857142857142855,0.21428571428571427,0.7159204452694631,0,2
1,19,13785500.0,725552.6315789474,388156.4294748833,181,0.7348066298342542,0.0,0.6842105263157895,0.05263157894736842,0.05263157894736842,0.21052631578947367,0.5349803895413864,5,0
18,3,58000.0,19333.333333333332,8607.167555783572,162,0.12962962962962962,0.0,0.3333333333333333,0.0,0.3333333333333333,0.3333333333333333,0.44519832185087443,4,5
4,27,3209000.0,118851.85185185185,75749.18314040585,182,1.0384615384615385,0.037037037037037035,0.0,0.7777777777777778,0.07407407407407407,0.1111111111111111,0.6373412105923832,3,1
116,1,106500.0,106500.0,0.0,116,0.06034482758620689,0.0,0.0,0.0,1.0,0.0,0.0,4,4
10,18,844000.0,46888.88888888889,29039.808152195837,183,0.6885245901639344,0.16666666666666666,0.2777777777777778,0.05555555555555555,0.2777777777777778,0.2222222222222222,0.6193324013501482,0,2
1,17,10209000.0,600529.4117647059,402323.4267425678,182,0.6538461538461539,0.11764705882352941,0.5882352941176471,0.058823529411764705,0.17647058823529413,0.058823529411764705,0.6699479140585417,5,0
2,4,49500.0,12375.0,5022.8643886398795,132,0.21212121212121213,0.0,0.0,0.25,0.5,0.25,0.40588803140524277,4,5
139,1,453000.0,453000.0,0.0,139,0.050359712230215826,0.0,0.0,0.0,1.0,0.0,0.0,4,4
6,2,38500.0,19250.0,8131.727983645296,39,0.358974358974359,0.0,0.5,0.0,0.5,0.0,0.42242742772183356,4,5
11,17,1877000.0,110411.76470588235,30006.37187234032,168,0.7083333333333334,0.17647058823529413,0.0,0.7058823529411765,0.058823529411764705,0.058823529411764705,0.2717678858975948,3,1
19,19,16047500.0,844605.2631578947,509557.17645998404,165,0.806060606060606,0.05263157894736842,0.3684210526315789,0.05263157894736842,0.3684210526315789,0.15789473684210525,0.603308076195027,5,0
63,1,12000.0,12000.0,0.0,63,0.1111111111111111,0.0,0.0,0.0,0.0,1.0,0.0,6,6
1,15,2044500.0,136300.0,56777.384833852884,180,0.5833333333333333,0.06666666666666667,0.06666666666666667,0.8,0.0,0.06666666666666667,0.4165618843276074,3,1
2,18,1899500.0,105527.77777777778,30298.74401503945,171,0.736842105263158,0.1111111111111111,0.2222222222222222,0.5,0.0,0.16666666666666666,0.28711628969239805,3,1
10,13,7366000.0,566615.3846153846,321568.1079910181,168,0.5416666666666666,0.0,0.6923076923076923,0.15384615384615385,0.15384615384615385,0.0,0.567524491431338,5,0
121,1,78500.0,78500.0,0.0,121,0.05785123966942149,0.0,0.0,1.0,0.0,0.0,0.0,2,6
83,4,33500.0,8375.0,2528.99848424892,167,0.16766467065868262,0.5,0.0,0.0,0.25,0.25,0.30196996826852773,1,3
60,3,48500.0,16166.666666666666,5299.3710318615485,137,0.1532846715328467,0.0,0.0,0.0,0.6666666666666666,0.3333333333333333,0.32779614630071435,4,5
8,20,10780000.0,539000.0,292468.44184233656,182,0.7692307692307693,0.0,0.6,0.15,0.1,0.15,0.5426130646425539,5,0
13,14,482000.0,34428.57142857143,10973.494539916735,172,0.5697674418604651,0.21428571428571427,0.35714285714285715,0.07142857142857142,0.2857142857142857,0.07142857142857142,0.31873220655359813,0,2
44,1,65500.0,65500.0,0.0,44,0.1590909090909091,0.0,0.0,0.0,0.0,1.0,0.0,6,6
18,15,12260500.0,817366.6666666666,891994.2437888156,173,0.6069364161849711,0.06666666666666667,0.4666666666666667,0.06666666666666667,0.26666666666666666,0.13333333333333333,1.0913024474395199,5,0
103,2,46000.0,23000.0,14849.242404917499,108,0.12962962962962962,0.5,0.0,0.0,0.5,0.0,0.6456192349964129,4,3
1,13,469000.0,36076.92307692308,18163.43184561377,168,0.5416666666666666,0.23076923076923078,0.07692307692307693,0.15384615384615385,0.3076923076923077,0.23076923076923078,0.5034639957206375,0,2
149,2,231500.0,115750.0,4596.194077712559,173,0.08092485549132948,0.5,0.0,0.5,0.0,0.0,0.039707940196220814,2,5
19,5,73500.0,14700.0,6088.924371348358,177,0.1977401129943503,0.0,0.0,0.0,0.4,0.6,0.41421254226859583,4,5
30,17,1766500.0,103911.76470588235,29219.66123932953,157,0.7579617834394905,0.058823529411764705,0.058823529411764705,0.7058823529411765,0.11764705882352941,0.058823529411764705,0.281196853138184,3,1
42,17,706500.0,41558.82352941176,38115.31940741691,173,0.6878612716763005,0.058823529411764705,0.23529411764705882,0.0,0.4117647058823529,0.29411764705882354,0.9171414436321125,0,2
87,4,50000.0,12500.0,4020.7793606049395,137,0.2043795620437956,0.25,0.0,0.0,0.75,0.0,0.3216623488483952,4,3
13,14,511000.0,36500.0,18647.540567881042,178,0.550561797752809,0.14285714285714285,0.14285714285714285,0.07142857142857142,0.2857142857142857,0.35714285714285715,0.5108915224076997,0,2
3,18,924500.0,51361.11111111111,42057.31577808451,161,0.782608695652174,0.1111111111111111,0.2222222222222222,0.1111111111111111,0.2777777777777778,0.2777777777777778,0.8188552558199256,0,2
27,2,71000.0,35500.0,28991.378028648447,132,0.10606060606060606,0.0,0.5,0.0,0.0,0.5,0.8166585360182661,2,5
51,3,22500.0,7500.0,1500.0,126,0.16666666666666666,0.6666666666666666,0.0,0.0,0.0,0.3333333333333333,0.2,1,3
31,5,86000.0,17200.0,9038.805230781334,145,0.24137931034482757,0.0,0.0,0.0,0.2,0.8,0.5255119320221706,6,5
11,16,11091000.0,693187.5,372908.20474570774,174,0.6436781609195402,0.0625,0.5,0.1875,0.125,0.125,0.5379615251944211,5,0
35,16,1894000.0,118375.0,45704.30322555342,181,0.6187845303867403,0.0625,0.0625,0.75,0.125,0.0,0.38609759852632247,3,1
127,1,328500.0,328500.0,0.0,127,0.05511811023622047,0.0,0.0,0.0,0.0,1.0,0.0,6,6
22,4,81500.0,20375.0,3966.001344763598,179,0.1564245810055866,0.0,0.25,0.25,0.25,0.25,0.19465037274913363,2,5
29,13,8514000.0,654923.0769230769,486604.17033739405,177,0.5141242937853108,0.0,0.46153846153846156,0.15384615384615385,0.07692307692307693,0.3076923076923077,0.7429943874073436,5,0
9,21,2299500.0,109500.0,51573.97599565114,183,0.8032786885245902,0.0,0.09523809523809523,0.5714285714285714,0.09523809523809523,0.23809523809523808,0.47099521457215654,3,1
8,29,3032000.0,104551.72413793103,45511.84006615088,173,1.1734104046242775,0.0,0.10344827586206896,0.5172413793103449,0.10344827586206896,0.27586206896551724,0.4353045388912848,3,1
12,3,313000.0,104333.33333333333,58694.8322540693,146,0.14383561643835616,0.0,0.3333333333333333,0.3333333333333333,0.3333333333333333,0.0,0.5625702771955524,2,5
14,15,13180500.0,878700.0,923588.2431349714,165,0.6363636363636364,0.06666666666666667,0.7333333333333333,0.06666666666666667,0.13333333333333333,0.0,1.0510848334300344,5,0
12,14,515500.0,36821.42857142857,19673.886580612718,178,0.550561797752809,0.14285714285714285,0.5,0.0,0.21428571428571427,0.14285714285714285,0.5343053581543706,0,2
108,4,33500.0,8375.0,3614.20807370024,129,0.2170542635658915,0.5,0.0,0.0,0.5,0.0,0.4315472326806257,4,3
79,1,68500.0,68500.0,0.0,79,0.08860759493670886,0.0,0.0,0.0,0.0,1.0,0.0,6,6
117,2,241500.0,120750.0,50558.13485483815,119,0.11764705882352941,0.5,0.0,0.0,0.0,0.5,0.41870090977091634,1,5
33,19,1043500.0,54921.05263157895,33880.61686024045,160,0.8312499999999999,0.05263157894736842,0.3157894736842105,0.05263157894736842,0.42105263157894735,0.15789473684210525,0.6168967133153508,0,2
11,2,36000.0,18000.0,0.0,101,0.1386138613861386,0.0,0.0,0.0,0.5,0.5,0.0,4,5
13,20,2536000.0,126800.0,73561.89660129044,180,0.7777777777777778,0.15,0.05,0.65,0.05,0.1,0.5801411403887259,3,1
5,13,631500.0,48576.92307692308,31371.328572603623,169,0.5384615384615384,0.15384615384615385,0.23076923076923078,0.23076923076923078,0.07692307692307693,0.3076923076923077,0.6458072390243026,0,2
21,5,38000.0,7600.0,2043.281674170255,140,0.25,0.6,0.2,0.2,0.0,0.0,0.26885285186450725,1,3
39,2,42500.0,21250.0,6010.407640085654,46,0.30434782608695654,0.0,0.0,0.0,0.0,1.0,0.282842712474619,6,5
7,16,1486000.0,92875.0,41168.55596204462,183,0.6120218579234973,0.125,0.125,0.5625,0.0625,0.125,0.4432684356613149,3,1
9,2,281000.0,140500.0,14849.242404917499,111,0.12612612612612611,0.0,0.5,0.0,0.5,0.0,0.10568855804211742,4,5
167,1,14000.0,14000.0,0.0,167,0.041916167664670656,0.0,0.0,0.0,1.0,0.0,0.0,4,4
3,1,19500.0,19500.0,0.0,3,2.3333333333333335,0.0,0.0,0.0,0.0,1.0,0.0,6,6
7,22,2067000.0,93954.54545454546,41917.69403954699,179,0.8603351955307262,0.09090909090909091,0.09090909090909091,0.6363636363636364,0.045454545454545456,0.13636363636363635,0.44614865450896646,3,1
3,21,14036000.0,668380.9523809524,373356.86362921953,167,0.8802395209580838,0.047619047619047616,0.38095238095238093,0.23809523809523808,0.19047619047619047,0.14285714285714285,0.5585988982768317,5,0
31,4,77500.0,19375.0,6536.755056346128,156,0.1794871794871795,0.0,0.0,0.25,0.25,0.5,0.3373809061339937,6,5
15,21,2534000.0,120666.66666666667,57020.244942768644,180,0.8166666666666667,0.0,0.23809523809523808,0.5714285714285714,0.047619047619047616,0.14285714285714285,0.4725434663765357,3,1
43,1,6500.0,6500.0,0.0,43,0.1627906976744186,1.0,0.0,0.0,0.0,0.0,0.0,1,3
2,31,23420500.0,755500.0,472214.4463412077,177,1.225988700564972,0.06451612903225806,0.5161290322580645,0.0967741935483871,0.22580645161290322,0.0967741935483871,0.6250356668976939,5,0
9,16,583000.0,36437.5,16763.92456039655,180,0.6222222222222222,0.0625,0.25,0.0,0.4375,0.25,0.4600734013144851,0,2
3,4,68500.0,17125.0,9231.964399122577,174,0.16091954022988506,0.0,0.25,0.0,0.25,0.5,0.5390928116275957,0,5
34,5,80000.0,16000.0,5037.360419902471,158,0.22151898734177214,0.0,0.0,0.2,0.4,0.4,0.31483502624390447,4,5
14,15,691000.0,46066.666666666664,45197.92452040669,181,0.580110497237569,0.13333333333333333,0.3333333333333333,0.2,0.2,0.13333333333333333,0.98114163213618,0,2
7,21,671000.0,31952.380952380954,18205.01631549994,162,0.9074074074074074,0.09523809523809523,0.38095238095238093,0.0,0.2857142857142857,0.23809523809523808,0.5697546089798788,0,2
10,28,3387500.0,120982.14285714286,74907.78060547578,179,1.094972067039106,0.10714285714285714,0.10714285714285714,0.5,0.03571428571428571,0.25,0.6191639430120508,3,1
23,2,34500.0,17250.0,1767.7669529663688,36,0.38888888888888884,0.0,0.0,0.0,0.5,0.5,0.10247924365022427,4,5
21,3,24500.0,8166.666666666667,2466.4414311581236,177,0.11864406779661017,0.6666666666666666,0.0,0.0,0.3333333333333333,0.0,0.30201323646834166,1,3
23,3,47000.0,15666.666666666666,9827.681991870379,179,0.11731843575418993,0.0,0.0,0.0,0.6666666666666666,0.3333333333333333,0.6272988505449179,4,5
15,13,503500.0,38730.769230769234,20805.263140825075,159,0.5723270440251572,0.0,0.15384615384615385,0.07692307692307693,0.38461538461538464,0.38461538461538464,0.5371766054234874,0,2
176,1,138500.0,138500.0,0.0,176,0.03977272727272727,0.0,0.0,1.0,0.0,0.0,0.0,2,6
120,3,150500.0,50166.666666666664,14494.251734164594,136,0.15441176470588236,0.0,0.3333333333333333,0.3333333333333333,0.3333333333333333,0.0,0.288921961478364,2,5
51,4,63000.0,15750.0,5979.130371550699,183,0.15300546448087432,0.0,0.0,0.0,0.75,0.25,0.37962732517782216,4,5
1,2,24000.0,12000.0,707.1067811865476,85,0.16470588235294117,0.0,0.0,0.0,0.5,0.5,0.05892556509887896,4,5
6,18,662500.0,36805.555555555555,16874.222325338946,158,0.7974683544303797,0.2777777777777778,0.3333333333333333,0.0,0.16666666666666666,0.2222222222222222,0.4584694367639261,0,2
13,17,15745000.0,926176.4705882353,564035.1812269911,183,0.6502732240437159,0.058823529411764705,0.5882352941176471,0.11764705882352941,0.11764705882352941,0.11764705882352941,0.6089932093273324,5,0
11,16,12118500.0,757406.25,432082.4851325651,181,0.6187845303867403,0.0,0.625,0.125,0.1875,0.0625,0.5704765244973422,5,0
47,2,35000.0,17500.0,6363.961030678927,78,0.1794871794871795,0.0,0.0,0.0,0.0,1.0,0.36365491603879585,6,5
4,17,739500.0,43500.0,19321.296540346357,162,0.7345679012345679,0.058823529411764705,0.47058823529411764,0.058823529411764705,0.058823529411764705,0.35294117647058826,0.4441677365596864,0,2
3,16,9872500.0,617031.25,437046.3159570924,182,0.6153846153846154,0.0625,0.5,0.0,0.3125,0.125,0.7083049942074934,5,0
29,4,26000.0,6500.0,1471.9601443879744,148,0.1891891891891892,0.75,0.0,0.0,0.25,0.0,0.22645540682891915,1,3
21,24,2767000.0,115291.66666666667,65474.17623478121,177,0.9491525423728814,0.16666666666666666,0.125,0.625,0.041666666666666664,0.041666666666666664,0.5679003359720813,3,1
8,15,12215500.0,814366.6666666666,571295.2847529483,167,0.6287425149700598,0.06666666666666667,0.7333333333333333,0.06666666666666667,0.13333333333333333,0.0,0.7015209587240985,5,0
14,19,1220042.799340038,64212.778912633585,152178.4584669963,174,0.764367816091954,0.05263157894736842,0.2631578947368421,0.15789473684210525,0.3157894736842105,0.21052631578947367,2.3699092461649536,0,0
106,1,33500.0,33500.0,0.0,106,0.0660377358490566,0.0,0.0,0.0,1.0,0.0,0.0,4,4
102,1,7500.0,7500.0,0.0,102,0.06862745098039216,0.0,0.0,0.0,0.0,1.0,0.0,6,6
7,4,1107000.0,276750.0,279275.9984913371,178,0.15730337078651685,0.0,0.5,0.25,0.25,0.0,1.0091273658223563,5,5
92,2,1053027.2666854898,526513.6333427449,489337.1730393012,124,0.11290322580645161,0.0,0.0,0.0,0.5,0.5,0.9293912674826352,4,5
145,2,19000.0,9500.0,707.1067811865476,165,0.08484848484848484,0.5,0.0,0.5,0.0,0.0,0.0744322927564787,1,3
26,6,49000.0,8166.666666666667,3386.246693120079,157,0.267515923566879,0.5,0.16666666666666666,0.0,0.0,0.3333333333333333,0.41464245221878515,1,3
59,3,16000.0,5333.333333333333,1607.2751268321592,132,0.1590909090909091,0.6666666666666666,0.0,0.3333333333333333,0.0,0.0,0.3013640862810299,1,3
66,2,15000.0,7500.0,2828.42712474619,167,0.08383233532934131,1.0,0.0,0.0,0.0,0.0,0.37712361663282534,1,3
7,20,1394564.2313993215,69728.21156996608,86802.86062827441,182,0.7692307692307693,0.05,0.15,0.1,0.3,0.4,1.2448743295412854,0,2
5,22,1156000.0,52545.454545454544,25482.44451293828,182,0.8461538461538461,0.0,0.13636363636363635,0.09090909090909091,0.36363636363636365,0.4090909090909091,0.48496001668221644,0,2
29,3,32000.0,10666.666666666666,3617.0890690351175,119,0.17647058823529413,0.0,0.3333333333333333,0.0,0.3333333333333333,0.3333333333333333,0.3391021002220423,4,5
23,19,13217000.0,695631.5789473684,460689.27350780176,177,0.7514124293785311,0.0,0.5789473684210527,0.10526315789473684,0.10526315789473684,0.21052631578947367,0.6622604370619833,5,0
10,14,530000.0,37857.142857142855,14122.307192507902,165,0.5939393939393939,0.21428571428571427,0.0,0.0,0.21428571428571427,0.5714285714285714,0.37304207678322765,0,2
48,2,214500.0,107250.0,68235.80438450184,133,0.10526315789473684,0.0,0.0,0.0,0.0,1.0,0.6362312763123714,6,5
31,16,1326500.0,82906.25,31627.6349363443,166,0.6746987951807228,0.0625,0.1875,0.5625,0.125,0.0625,0.38148673877233985,3,1
10,11,8576500.0,779681.8181818182,397042.5211943472,159,0.48427672955974843,0.0,0.6363636363636364,0.0,0.2727272727272727,0.09090909090909091,0.5092366038754526,5,0
1,17,668000.0,39294.117647058825,16193.226615943287,180,0.6611111111111111,0.058823529411764705,0.35294117647058826,0.11764705882352941,0.23529411764705882,0.23529411764705882,0.41210307256143097,0,2
70,2,36000.0,18000.0,3535.5339059327375,134,0.1044776119402985,0.5,0.0,0.0,0.0,0.5,0.19641855032959654,1,3
3,23,1004500.0,43673.913043478264,31567.247373177277,181,0.8895027624309392,0.043478260869565216,0.30434782608695654,0.043478260869565216,0.391304347826087,0.21739130434782608,0.7227941160608037,0,2
115,1,50500.0,50500.0,0.0,115,0.06086956521739131,0.0,0.0,1.0,0.0,0.0,0.0,2,6
3,17,12524000.0,736705.8823529412,532874.8404533989,181,0.6574585635359116,0.0,0.29411764705882354,0.23529411764705882,0.35294117647058826,0.11764705882352941,0.7233210066837896,5,0
2,22,2439500.0,110886.36363636363,36137.28183646549,175,0.88,0.13636363636363635,0.09090909090909091,0.6363636363636364,0.0,0.13636363636363635,0.3258947326920438,3,1
13,2,37500.0,18750.0,10253.048327204939,141,0.09929078014184398,0.0,0.5,0.0,0.5,0.0,0.5468292441175967,4,5
95,2,70500.0,35250.0,31466.251762801367,171,0.08187134502923978,0.0,0.0,0.0,1.0,0.0,0.8926596244766345,4,4
183,1,8000.0,8000.0,0.0,183,0.03825136612021858,0.0,0.0,0.0,0.0,1.0,0.0,6,6
160,1,243500.0,243500.0,0.0,160,0.04375,0.0,0.0,0.0,1.0,0.0,0.0,4,4
53,4,1044000.0,261000.0,156597.67984658436,165,0.16969696969696968,0.5,0.0,0.0,0.25,0.25,0.5999911105233118,4,5
64,1,20000.0,20000.0,0.0,64,0.109375,0.0,1.0,0.0,0.0,0.0,0.0,2,6
160,2,13500.0,6750.0,6717.514421272202,171,0.08187134502923978,0.5,0.0,0.0,0.0,0.5,0.9951873216699558,1,3
5,23,1204000.0,52347.82608695652,35791.19837925136,142,1.1338028169014085,0.08695652173913043,0.13043478260869565,0.043478260869565216,0.34782608695652173,0.391304347826087,0.6837189059159312,0,2
72,3,436000.0,145333.33333333334,42503.92138771825,97,0.21649484536082472,0.0,0.0,0.3333333333333333,0.0,0.6666666666666666,0.2924581746861347,6,5
17,18,733000.0,40722.22222222222,27615.118526666327,150,0.8400000000000001,0.1111111111111111,0.3333333333333333,0.1111111111111111,0.2777777777777778,0.16666666666666666,0.6781338792360081,0,2
96,4,60000.0,15000.0,3162.2776601683795,175,0.16,0.25,0.0,0.25,0.25,0.25,0.21081851067789198,4,3
113,1,141000.0,141000.0,0.0,113,0.061946902654867256,0.0,0.0,0.0,1.0,0.0,0.0,4,4
1,24,1027000.0,42791.666666666664,22257.83529196085,174,0.9655172413793103,0.08333333333333333,0.3333333333333333,0.041666666666666664,0.375,0.16666666666666666,0.5201441548267385,0,2
9,2,27500.0,13750.0,8131.727983645296,133,0.10526315789473684,0.0,0.0,0.0,1.0,0.0,0.591398398810567,4,4
99,4,45000.0,11250.0,2466.4414311581236,178,0.15730337078651685,0.25,0.0,0.0,0.25,0.5,0.21923923832516654,6,3
35,3,38500.0,12833.333333333334,4252.450274057691,115,0.18260869565217394,0.0,0.0,0.3333333333333333,0.3333333333333333,0.3333333333333333,0.331359761614885,4,5
30,5,487000.0,97400.0,14148.321455211568,158,0.22151898734177214,0.2,0.0,0.6,0.0,0.2,0.1452599738728087,3,5
82,1,425000.0,425000.0,0.0,82,0.08536585365853659,0.0,0.0,0.0,1.0,0.0,0.0,4,4
165,1,103000.0,103000.0,0.0,165,0.04242424242424242,0.0,1.0,0.0,0.0,0.0,0.0,2,6
128,1,56000.0,56000.0,0.0,128,0.0546875,0.0,1.0,0.0,0.0,0.0,0.0,2,6
24,26,20804500.0,800173.0769230769,521478.45482450555,183,0.994535519125683,0.038461538461538464,0.5,0.038461538461538464,0.19230769230769232,0.23076923076923078,0.6517070742116919,5,0
76,2,23000.0,11500.0,4949.747468305833,123,0.11382113821138211,0.0,0.5,0.0,0.5,0.0,0.43041282333094194,4,5
8,3,78000.0,26000.0,2783.882181415011,177,0.11864406779661017,0.3333333333333333,0.3333333333333333,0.0,0.3333333333333333,0.0,0.10707239159288504,4,3
8,16,638000.0,39875.0,27476.353469847483,181,0.6187845303867403,0.0,0.5,0.125,0.1875,0.1875,0.689062155983636,0,2
29,2,15000.0,7500.0,2121.3203435596424,179,0.0782122905027933,1.0,0.0,0.0,0.0,0.0,0.282842712474619,1,3
102,2,211000.0,105500.0,57982.756057296894,102,0.13725490196078433,0.0,0.5,0.5,0.0,0.0,0.5495995834814872,2,5
157,1,45500.0,45500.0,0.0,157,0.0445859872611465,0.0,1.0,0.0,0.0,0.0,0.0,2,6
7,16,15908500.0,994281.25,637559.0683419066,171,0.6549707602339182,0.125,0.5,0.0625,0.1875,0.125,0.6412260799868313,5,0
16,17,18770646.963541523,1104155.7037377367,1739072.008548075,181,0.6574585635359116,0.058823529411764705,0.5882352941176471,0.0,0.23529411764705882,0.11764705882352941,1.5750242494433069,5,0
11,17,16652500.0,979558.8235294118,1282310.3402934603,179,0.6648044692737429,0.11764705882352941,0.5882352941176471,0.23529411764705882,0.058823529411764705,0.0,1.3090692559669013,5,0
18,18,12360500.0,686694.4444444445,507108.18369192217,180,0.7,0.05555555555555555,0.6666666666666666,0.1111111111111111,0.05555555555555555,0.1111111111111111,0.73847718995628,5,0
2,6,135000.0,22500.0,8955.445270895245,157,0.267515923566879,0.0,0.0,0.0,0.5,0.5,0.3980197898175664,0,5
17,19,683500.0,35973.68421052631,17285.570157576945,177,0.7514124293785311,0.10526315789473684,0.3684210526315789,0.05263157894736842,0.3157894736842105,0.15789473684210525,0.4805059736561258,0,2
22,14,826000.0,59000.0,87453.28423265147,169,0.5798816568047337,0.07142857142857142,0.35714285714285715,0.07142857142857142,0.42857142857142855,0.07142857142857142,1.4822590547907029,0,0
71,5,32500.0,6500.0,1658.3123951777,165,0.2121212121212121,0.8,0.0,0.0,0.0,0.2,0.2551249838734923,1,3
19,15,11233500.0,748900.0,384032.1880110721,155,0.6774193548387097,0.0,0.26666666666666666,0.06666666666666667,0.13333333333333333,0.5333333333333333,0.5127950167059315,5,0
50,4,29500.0,7375.0,4366.062299143246,166,0.1686746987951807,0.75,0.25,0.0,0.0,0.0,0.5920084473414571,1,3
5,21,974500.0,46404.76190476191,28694.781340698104,166,0.8855421686746987,0.047619047619047616,0.23809523809523808,0.09523809523809523,0.42857142857142855,0.19047619047619047,0.6183585512105286,0,2
4,16,12179500.0,761218.75,584332.0964642738,182,0.6153846153846154,0.0625,0.75,0.0,0.125,0.0625,0.7676270408003925,5,0
91,1,16000.0,16000.0,0.0,91,0.07692307692307693,0.0,0.0,0.0,0.0,1.0,0.0,6,6
4,5,79500.0,15900.0,8554.23871539718,181,0.19337016574585636,0.2,0.0,0.0,0.0,0.8,0.5380024349306403,6,5
9,8,385500.0,48187.5,24640.178425838214,148,0.3783783783783784,0.0,0.125,0.375,0.125,0.375,0.5113396301081861,0,2
44,21,1119000.0,53285.71428571428,38513.81941218354,183,0.8032786885245902,0.09523809523809523,0.3333333333333333,0.09523809523809523,0.19047619047619047,0.2857142857142857,0.7227794527755624,0,2
18,2,16500.0,8250.0,353.5533905932738,154,0.09090909090909091,0.5,0.0,0.0,0.0,0.5,0.04285495643554833,1,3
159,1,22500.0,22500.0,0.0,159,0.0440251572327044,0.0,0.0,0.0,1.0,0.0,0.0,4,4
6,11,1209500.0,109954.54545454546,45677.37653666995,166,0.463855421686747,0.18181818181818182,0.09090909090909091,0.45454545454545453,0.09090909090909091,0.18181818181818182,0.4154205389858367,3,1
4,19,20477000.0,1077736.8421052631,1017736.2320423184,172,0.7732558139534883,0.05263157894736842,0.6842105263157895,0.05263157894736842,0.10526315789473684,0.10526315789473684,0.9443272163307149,5,0
38,3,59000.0,19666.666666666668,7005.949852327901,120,0.17500000000000002,0.3333333333333333,0.3333333333333333,0.0,0.3333333333333333,0.0,0.356234738253961,4,3
16,13,7693000.0,591769.2307692308,429687.6586246794,175,0.52,0.0,0.6153846153846154,0.0,0.15384615384615385,0.23076923076923078,0.7261067934642964,5,0
2,16,907000.0,56687.5,41988.83780244459,168,0.6666666666666666,0.0,0.0625,0.125,0.625,0.1875,0.7407071718182067,0,2
19,5,66000.0,13200.0,7023.175919767353,176,0.19886363636363638,0.6,0.0,0.0,0.0,0.4,0.532058781800557,1,3
97,1,383500.0,383500.0,0.0,97,0.07216494845360824,0.0,0.0,0.0,0.0,1.0,0.0,6,6
3,23,2063500.0,89717.39130434782,36180.99265151541,180,0.8944444444444444,0.043478260869565216,0.17391304347826086,0.5217391304347826,0.08695652173913043,0.17391304347826086,0.4032773593335858,3,1
18,15,12109000.0,807266.6666666666,500410.2554999486,183,0.5737704918032787,0.06666666666666667,0.6666666666666666,0.0,0.13333333333333333,0.13333333333333333,0.6198822225203756,5,0
1,19,767500.0,40394.73684210526,22589.0699647273,181,0.7348066298342542,0.05263157894736842,0.2631578947368421,0.05263157894736842,0.3157894736842105,0.3157894736842105,0.5592082466838029,0,2
9,2,22000.0,11000.0,6363.961030678927,106,0.1320754716981132,1.0,0.0,0.0,0.0,0.0,0.5785419118799024,1,3
41,2,43500.0,21750.0,8838.834764831845,77,0.18181818181818182,0.0,0.5,0.0,0.0,0.5,0.4063832075784756,2,5
4,26,1351000.0,51961.53846153846,38220.39326771064,177,1.0282485875706215,0.07692307692307693,0.19230769230769232,0.19230769230769232,0.2692307692307692,0.2692307692307692,0.735551609889324,0,2
11,6,89000.0,14833.333333333334,6177.917664283546,164,0.25609756097560976,0.0,0.3333333333333333,0.0,0.0,0.6666666666666666,0.41648883130001435,6,5
9,3,788000.0,262666.6666666667,57002.923901615206,61,0.34426229508196726,0.0,0.3333333333333333,0.3333333333333333,0.0,0.3333333333333333,0.217016207747266,2,5
3,11,1267000.0,115181.81818181818,39655.562489563,118,0.6525423728813559,0.0,0.09090909090909091,0.8181818181818182,0.09090909090909091,0.0,0.34428665144845544,3,1
29,1,46000.0,46000.0,0.0,29,0.24137931034482757,0.0,0.0,1.0,0.0,0.0,0.0,2,6
149,1,446500.0,446500.0,0.0,149,0.04697986577181208,0.0,0.0,1.0,0.0,0.0,0.0,2,6
138,1,15500.0,15500.0,0.0,138,0.05072463768115942,0.0,0.0,0.0,0.0,1.0,0.0,6,6
19,5,39500.0,7900.0,1387.443692551161,155,0.22580645161290322,0.6,0.0,0.0,0.0,0.4,0.17562578386723557,1,3
4,2,34000.0,17000.0,8485.28137423857,93,0.15053763440860216,0.0,0.0,0.0,0.5,0.5,0.49913419848462176,4,5
17,19,2167000.0,114052.63157894737,46867.39411978169,178,0.7471910112359551,0.0,0.2631578947368421,0.47368421052631576,0.15789473684210525,0.10526315789473684,0.41092777493117305,3,1
3,18,858000.0,47666.666666666664,16829.595779983756,182,0.6923076923076923,0.16666666666666666,0.2222222222222222,0.05555555555555555,0.2777777777777778,0.2777777777777778,0.3530684429367222,0,2
95,3,26500.0,8833.333333333334,4932.882862316247,144,0.14583333333333331,1.0,0.0,0.0,0.0,0.0,0.5584395693188204,1,3
10,2,25500.0,12750.0,3181.9805153394636,124,0.11290322580645161,0.0,0.0,0.0,0.5,0.5,0.24956709924231088,4,5
15,18,678500.0,37694.444444444445,9995.791598127815,183,0.6885245901639344,0.05555555555555555,0.3888888888888889,0.05555555555555555,0.3888888888888889,0.1111111111111111,0.2651794381227718,0,2
1,24,16211000.0,675458.3333333334,407057.65312915377,175,0.96,0.0,0.5,0.08333333333333333,0.25,0.16666666666666666,0.6026391755659546,5,0
11,12,493000.0,41083.333333333336,25642.501414407267,173,0.48554913294797686,0.08333333333333333,0.16666666666666666,0.08333333333333333,0.5833333333333334,0.08333333333333333,0.624158249437905,0,2
18,19,845000.0,44473.68421052631,23096.701113777726,178,0.7471910112359551,0.10526315789473684,0.21052631578947367,0.10526315789473684,0.3684210526315789,0.21052631578947367,0.5193341078837596,0,2
2,20,2223500.0,111175.0,37766.69202241294,173,0.8092485549132947,0.05,0.05,0.55,0.2,0.15,0.33970489788543234,3,1
25,3,36000.0,12000.0,5894.913061275798,183,0.11475409836065574,0.3333333333333333,0.3333333333333333,0.0,0.0,0.3333333333333333,0.4912427551063165,1,3
36,4,36500.0,9125.0,1931.1050377094111,128,0.21875,0.75,0.0,0.0,0.0,0.25,0.21162794933801765,1,3
70,3,54500.0,18166.666666666668,13732.564703409676,179,0.11731843575418993,0.3333333333333333,0.3333333333333333,0.0,0.0,0.3333333333333333,0.755920992848239,1,3
4,16,1550500.0,96906.25,33044.02051304694,176,0.6363636363636364,0.0625,0.375,0.375,0.0625,0.125,0.34098956995082297,3,1
12,12,6722000.0,560166.6666666666,412471.44988434896,178,0.4719101123595506,0.0,0.75,0.0,0.08333333333333333,0.16666666666666666,0.7363370125873532,5,0
20,11,1393000.0,126636.36363636363,34396.28679748071,165,0.4666666666666666,0.18181818181818182,0.2727272727272727,0.5454545454545454,0.0,0.0,0.27161461218398264,3,1
4,21,16471000.0,784333.3333333334,409014.1908703576,180,0.8166666666666667,0.0,0.6190476190476191,0.14285714285714285,0.19047619047619047,0.047619047619047616,0.521480056358297,5,0
4,25,17656500.0,706260.0,554587.7808486829,181,0.9668508287292817,0.12,0.56,0.12,0.04,0.16,0.7852459163037449,5,0
1,2,14000.0,7000.0,707.1067811865476,167,0.08383233532934131,0.0,0.5,0.0,0.0,0.5,0.10101525445522108,6,5
6,4,115500.0,28875.0,7706.8692303252,177,0.15819209039548024,0.0,0.25,0.0,0.25,0.5,0.2669045620891844,6,5
10,17,832000.0,48941.17647058824,38771.72066763883,181,0.6574585635359116,0.17647058823529413,0.23529411764705882,0.17647058823529413,0.11764705882352941,0.29411764705882354,0.7922106386416587,0,2
11,19,3712656.2286822423,195402.95940432855,357213.9980179681,181,0.7348066298342542,0.0,0.05263157894736842,0.8421052631578947,0.05263157894736842,0.05263157894736842,1.828088986507208,3,0
157,1,352000.0,352000.0,0.0,157,0.0445859872611465,0.0,1.0,0.0,0.0,0.0,0.0,2,6
5,8,463500.0,57937.5,33435.906170292015,165,0.33939393939393936,0.125,0.125,0.0,0.5,0.25,0.5771030191204662,0,2
22,2,37000.0,18500.0,14142.13562373095,127,0.11023622047244094,0.0,0.5,0.0,0.5,0.0,0.7644397634449163,4,5
21,3,229000.0,76333.33333333333,54512.23104343954,57,0.368421052631579,0.0,0.0,0.6666666666666666,0.0,0.3333333333333333,0.7141340311367625,3,5
2,24,2761000.0,115041.66666666667,47991.82825971672,180,0.9333333333333333,0.20833333333333334,0.08333333333333333,0.5,0.041666666666666664,0.16666666666666666,0.4171690975129305,3,1
125,3,21000.0,7000.0,1322.8756555322952,173,0.12138728323699421,0.3333333333333333,0.0,0.3333333333333333,0.3333333333333333,0.0,0.1889822365046136,4,3
7,16,12194000.0,762125.0,440202.245185854,178,0.6292134831460674,0.0,0.625,0.1875,0.1875,0.0,0.5775984847444369,5,0
10,21,2180500.0,103833.33333333333,36624.21785285432,182,0.8076923076923077,0.0,0.14285714285714285,0.6190476190476191,0.19047619047619047,0.047619047619047616,0.3527211992249213,3,1
8,2,71500.0,35750.0,10960.155108391487,62,0.22580645161290322,0.0,0.0,0.0,0.5,0.5,0.30657776526969194,4,5
91,1,7000.0,7000.0,0.0,91,0.07692307692307693,0.0,0.0,0.0,1.0,0.0,0.0,4,4
46,1,51000.0,51000.0,0.0,46,0.15217391304347827,0.0,0.0,0.0,0.0,1.0,0.0,6,6
21,16,1718500.0,107406.25,49402.16552271098,171,0.6549707602339182,0.0625,0.0,0.875,0.0,0.0625,0.45995615266998874,3,1
63,2,55500.0,27750.0,5303.300858899106,73,0.1917808219178082,0.0,0.0,0.5,0.5,0.0,0.19110994086122904,4,5
1,13,8687000.0,668230.7692307692,433220.0468288131,175,0.52,0.0,0.5384615384615384,0.07692307692307693,0.23076923076923078,0.15384615384615385,0.6483090375013895,5,0
2,24,2442000.0,101750.0,28067.465305859954,167,1.0059880239520957,0.08333333333333333,0.08333333333333333,0.75,0.041666666666666664,0.041666666666666664,0.2758473248733165,3,1
6,18,10700000.0,594444.4444444445,341251.9721506852,180,0.7,0.0,0.5555555555555556,0.16666666666666666,0.1111111111111111,0.16666666666666666,0.5740687381974143,5,0
12,7,53000.0,7571.428571428572,2935.8214555806385,181,0.27071823204419887,0.7142857142857143,0.14285714285714285,0.0,0.0,0.14285714285714285,0.38775000356725414,1,3
18,4,52000.0,13000.0,2738.6127875258308,122,0.2295081967213115,0.0,0.0,0.0,0.5,0.5,0.2106625221173716,4,5
2,19,1914500.0,100763.15789473684,39428.68682861806,183,0.726775956284153,0.0,0.05263157894736842,0.9473684210526315,0.0,0.0,0.39130062666165744,3,1
48,2,35000.0,17500.0,14142.13562373095,113,0.12389380530973451,0.0,0.0,0.0,0.0,1.0,0.8081220356417685,6,5
174,1,17500.0,17500.0,0.0,174,0.040229885057471264,0.0,1.0,0.0,0.0,0.0,0.0,2,6
88,1,13500.0,13500.0,0.0,88,0.07954545454545454,0.0,0.0,1.0,0.0,0.0,0.0,2,6
8,18,809000.0,44944.444444444445,57085.047204842405,180,0.7,0.0,0.2777777777777778,0.0,0.4444444444444444,0.2777777777777778,1.27012465968747,0,2
1,21,842000.0,40095.23809523809,28913.93221598329,159,0.9245283018867924,0.09523809523809523,0.38095238095238093,0.047619047619047616,0.19047619047619047,0.2857142857142857,0.7211313260518398,0,2
11,15,1649000.0,109933.33333333333,30381.42446267048,180,0.5833333333333333,0.0,0.06666666666666667,0.9333333333333333,0.0,0.0,0.2763622601213203,3,1
6,19,1755000.0,92368.42105263157,46500.251524189254,169,0.7869822485207101,0.10526315789473684,0.2631578947368421,0.47368421052631576,0.15789473684210525,0.0,0.5034215264727042,3,1
35,17,1816500.0,106852.94117647059,35132.679189877104,172,0.6918604651162791,0.11764705882352941,0.17647058823529413,0.47058823529411764,0.058823529411764705,0.17647058823529413,0.3287946855094472,3,1
24,13,574000.0,44153.846153846156,30862.183315092258,181,0.5027624309392265,0.07692307692307693,0.38461538461538464,0.0,0.46153846153846156,0.07692307692307693,0.698969308529964,0,2
84,2,34000.0,17000.0,4242.640687119285,86,0.1627906976744186,0.0,0.0,0.0,1.0,0.0,0.24956709924231088,4,4
9,26,1513000.0,58192.307692307695,42980.94389914603,170,1.0705882352941176,0.11538461538461539,0.23076923076923078,0.11538461538461539,0.46153846153846156,0.07692307692307693,0.7386018118822185,0,2
28,2,137500.0,68750.0,8838.834764831845,113,0.12389380530973451,0.0,0.5,0.0,0.0,0.5,0.128564869306645,2,5
152,1,130500.0,130500.0,0.0,152,0.046052631578947366,0.0,1.0,0.0,0.0,0.0,0.0,2,6
13,4,94500.0,23625.0,17427.82736506954,176,0.1590909090909091,0.0,0.25,0.0,0.25,0.5,0.7376858143944779,0,5
5,17,1800500.0,105911.76470588235,47517.17955583198,177,0.672316384180791,0.0,0.058823529411764705,0.8235294117647058,0.058823529411764705,0.058823529411764705,0.4486487378223514,3,1
4,11,510500.0,46409.09090909091,35240.4726002775,153,0.5032679738562091,0.0,0.36363636363636365,0.18181818181818182,0.36363636363636365,0.09090909090909091,0.7593441696435895,0,2
3,2,35500.0,17750.0,4596.194077712559,78,0.1794871794871795,0.0,0.0,0.0,0.5,0.5,0.25894051142042585,4,5
3,24,1055000.0,43958.333333333336,25200.895716770392,178,0.9438202247191012,0.125,0.4166666666666667,0.0,0.375,0.08333333333333333,0.5732905186753454,0,2
118,3,69000.0,23000.0,16462.077633154327,148,0.14189189189189189,0.3333333333333333,0.0,0.3333333333333333,0.0,0.3333333333333333,0.7157425057893186,1,3
8,21,3879510.504477779,184738.5954513228,398528.6209393062,182,0.8076923076923077,0.0,0.09523809523809523,0.42857142857142855,0.3333333333333333,0.14285714285714285,2.1572569606566887,5,0
77,3,14500.0,4833.333333333333,2254.624876411447,175,0.12,0.6666666666666666,0.0,0.0,0.3333333333333333,0.0,0.46647411236098907,1,3
51,2,28000.0,14000.0,0.0,142,0.09859154929577466,0.0,0.0,0.0,0.5,0.5,0.0,4,5
3,19,14630000.0,770000.0,615140.6794836085,155,0.8580645161290322,0.05263157894736842,0.5263157894736842,0.2631578947368421,0.05263157894736842,0.10526315789473684,0.7988839993293616,5,0
15,24,2928000.0,122000.0,79866.1924449399,181,0.9281767955801105,0.041666666666666664,0.16666666666666666,0.5833333333333334,0.08333333333333333,0.125,0.6546409216798352,3,1
35,2,10500.0,5250.0,1767.7669529663688,45,0.3111111111111111,0.5,0.0,0.0,0.5,0.0,0.3367175148507369,4,3
6,13,1358500.0,104500.0,38030.689361794815,171,0.5321637426900585,0.15384615384615385,0.07692307692307693,0.6923076923076923,0.07692307692307693,0.0,0.3639300417396633,3,1
112,3,59000.0,19666.666666666668,8020.8062770106435,172,0.12209302325581395,0.0,0.0,0.0,1.0,0.0,0.4078376073056259,4,4
2,7,1259500.0,179928.57142857142,36807.41384946401,180,0.2722222222222222,0.0,0.14285714285714285,0.7142857142857143,0.14285714285714285,0.0,0.20456680980249944,3,1
176,1,10500.0,10500.0,0.0,176,0.03977272727272727,0.0,0.0,0.0,0.0,1.0,0.0,6,6
17,3,27500.0,9166.666666666666,3883.7267325770144,183,0.11475409836065574,0.3333333333333333,0.3333333333333333,0.3333333333333333,0.0,0.0,0.4236792799174925,2,3
153,3,36500.0,12166.666666666666,4618.8021535170055,160,0.13125,0.0,0.0,0.3333333333333333,0.0,0.6666666666666666,0.3796275742616717,6,5
12,12,1398500.0,116541.66666666667,41788.677421115644,172,0.4883720930232558,0.16666666666666666,0.16666666666666666,0.4166666666666667,0.25,0.0,0.3585728488047106,3,1
7,21,764500.0,36404.76190476191,20042.841020935037,177,0.8305084745762712,0.09523809523809523,0.23809523809523808,0.19047619047619047,0.23809523809523808,0.23809523809523808,0.5505554760492292,0,2
83,1,14500.0,14500.0,0.0,83,0.08433734939759036,1.0,0.0,0.0,0.0,0.0,0.0,1,3
99,2,448000.0,224000.0,17677.66952966369,137,0.1021897810218978,0.0,0.5,0.5,0.0,0.0,0.07891816754314147,2,5
5,19,1853000.0,97526.31578947368,37423.05947029129,179,0.7430167597765363,0.0,0.15789473684210525,0.6842105263157895,0.05263157894736842,0.10526315789473684,0.3837226821022853,3,1
76,4,67500.0,16875.0,7792.892060504025,102,0.27450980392156865,0.0,0.0,0.0,0.5,0.5,0.4618010109928311,4,5
135,2,16500.0,8250.0,3889.0872965260114,163,0.08588957055214724,1.0,0.0,0.0,0.0,0.0,0.4714045207910317,1,3
3,3,1105000.0,368333.3333333333,200027.70641421987,129,0.16279069767441862,0.3333333333333333,0.3333333333333333,0.0,0.0,0.3333333333333333,0.5430616463734477,0,5
87,1,29500.0,29500.0,0.0,87,0.08045977011494253,0.0,0.0,0.0,0.0,1.0,0.0,6,6
4,20,18068500.0,903425.0,690463.7510017223,163,0.8588957055214724,0.1,0.35,0.2,0.25,0.1,0.7642734604441125,5,0
3,27,19900500.0,737055.5555555555,519289.88742270647,182,1.0384615384615385,0.1111111111111111,0.5555555555555556,0.07407407407407407,0.18518518518518517,0.07407407407407407,0.7045464666924487,5,0
34,19,1822000.0,95894.73684210527,38405.576471309054,183,0.726775956284153,0.05263157894736842,0.21052631578947367,0.5263157894736842,0.10526315789473684,0.10526315789473684,0.40049722994230075,3,1
51,4,101500.0,25375.0,7051.890999346676,136,0.2058823529411765,0.0,0.0,0.0,0.75,0.25,0.27790703445701187,4,5
31,2,27000.0,13500.0,8485.28137423857,134,0.1044776119402985,0.0,0.0,0.0,0.0,1.0,0.6285393610547089,6,5
18,3,27000.0,9000.0,3905.124837953327,41,0.5121951219512195,1.0,0.0,0.0,0.0,0.0,0.4339027597725919,1,3
47,5,44500.0,8900.0,4878.524367060188,182,0.19230769230769232,0.4,0.0,0.2,0.0,0.4,0.5481488052876615,1,3
3,2,229000.0,114500.0,48083.26112068523,55,0.2545454545454546,0.0,0.5,0.0,0.0,0.5,0.41994114515882297,2,5
57,2,15500.0,7750.0,1060.6601717798212,134,0.1044776119402985,0.0,0.0,0.5,0.5,0.0,0.1368593770038479,4,5
5,21,4570655.544418501,217650.2640199286,513263.6549194102,183,0.8032786885245902,0.14285714285714285,0.0,0.7619047619047619,0.09523809523809523,0.0,2.3582036862239435,3,0
140,1,98000.0,98000.0,0.0,140,0.05,0.0,1.0,0.0,0.0,0.0,0.0,2,6
59,3,462000.0,154000.0,63735.782728385784,161,0.13043478260869565,0.6666666666666666,0.0,0.3333333333333333,0.0,0.0,0.4138687190154921,1,5
3,21,18978000.0,903714.2857142857,483305.7668657744,167,0.8802395209580838,0.19047619047619047,0.5238095238095238,0.0,0.09523809523809523,0.19047619047619047,0.5347992994088556,5,0
25,19,9593500.0,504921.05263157893,309110.2043301913,170,0.7823529411764706,0.0,0.5789473684210527,0.15789473684210525,0.15789473684210525,0.10526315789473684,0.6121951198492349,5,0
53,3,68500.0,22833.333333333332,4041.451884327381,122,0.17213114754098363,0.0,0.0,0.0,1.0,0.0,0.17699789274426486,4,4
1,14,1412500.0,100892.85714285714,31473.541129157857,175,0.56,0.0,0.0,0.8571428571428571,0.07142857142857142,0.07142857142857142,0.3119501421651044,3,1
24,5,92000.0,18400.0,4992.494366546646,173,0.20231213872832368,0.2,0.4,0.0,0.0,0.4,0.2713312155731873,2,3
88,2,33000.0,16500.0,16263.455967290593,177,0.07909604519774012,0.5,0.0,0.0,0.0,0.5,0.9856639980176116,1,3
1,20,16804500.0,840225.0,503546.01720931963,179,0.7821229050279329,0.05,0.65,0.1,0.15,0.05,0.599299017774191,5,0
30,2,36500.0,18250.0,8131.727983645296,159,0.0880503144654088,0.0,0.0,0.5,0.5,0.0,0.4455741360901532,4,5
29,3,44500.0,14833.333333333334,8808.140174482542,132,0.1590909090909091,0.0,0.0,0.3333333333333333,0.3333333333333333,0.3333333333333333,0.5938072027741039,4,5
7,4,937000.0,234250.0,163693.05625672295,143,0.1958041958041958,0.25,0.25,0.0,0.25,0.25,0.6987963981076754,0,5
20,3,412500.0,137500.0,86621.30222987877,99,0.21212121212121213,0.6666666666666666,0.0,0.0,0.0,0.3333333333333333,0.6299731071263911,1,5
1,17,675000.0,39705.882352941175,18225.20475153281,166,0.716867469879518,0.11764705882352941,0.29411764705882354,0.29411764705882354,0.058823529411764705,0.23529411764705882,0.45900515670527076,0,2
12,15,650000.0,43333.333333333336,29703.695457123235,165,0.6363636363636364,0.3333333333333333,0.13333333333333333,0.0,0.13333333333333333,0.4,0.6854698951643823,0,2
22,3,40000.0,13333.333333333334,7023.769168568493,139,0.1510791366906475,0.0,0.3333333333333333,0.0,0.3333333333333333,0.3333333333333333,0.5267826876426369,4,5
50,1,168500.0,168500.0,0.0,50,0.13999999999999999,1.0,0.0,0.0,0.0,0.0,0.0,1,3
96,1,56000.0,56000.0,0.0,96,0.07291666666666667,0.0,0.0,1.0,0.0,0.0,0.0,2,6
5,19,862500.0,45394.73684210526,26876.042071460233,156,0.8525641025641026,0.10526315789473684,0.21052631578947367,0.05263157894736842,0.47368421052631576,0.15789473684210525,0.5920519412843415,0,2
41,2,180500.0,90250.0,46315.49416771886,84,0.16666666666666666,0.0,0.0,0.5,0.0,0.5,0.5131910711104583,2,5
6,19,864000.0,45473.68421052631,32722.942038767153,179,0.7430167597765363,0.0,0.47368421052631576,0.0,0.3157894736842105,0.21052631578947367,0.7196017346488147,0,2
64,3,37500.0,12500.0,3122.4989991991993,177,0.11864406779661017,0.0,0.0,0.0,0.3333333333333333,0.6666666666666666,0.24979991993593595,6,5
88,1,6500.0,6500.0,0.0,88,0.07954545454545454,0.0,0.0,0.0,1.0,0.0,0.0,4,4
2,15,879000.0,58600.0,29100.932729283537,161,0.6521739130434783,0.0,0.26666666666666666,0.13333333333333333,0.26666666666666666,0.3333333333333333,0.49660294759869517,0,2
3,23,985500.0,42847.82608695652,21431.940258434526,167,0.9640718562874251,0.0,0.17391304347826086,0.17391304347826086,0.30434782608695654,0.34782608695652173,0.5001873424089235,0,2
68,2,30000.0,15000.0,5656.85424949238,113,0.12389380530973451,0.5,0.5,0.0,0.0,0.0,0.37712361663282534,1,3
7,17,1612000.0,94823.5294117647,32602.214829129414,182,0.6538461538461539,0.0,0.058823529411764705,0.5882352941176471,0.17647058823529413,0.17647058823529413,0.343819883433747,3,1
13,5,42000.0,8400.0,1557.2411502397438,155,0.22580645161290322,0.6,0.0,0.0,0.2,0.2,0.18538585121901713,1,3
76,1,6000.0,6000.0,0.0,76,0.09210526315789473,1.0,0.0,0.0,0.0,0.0,0.0,1,3
8,16,705000.0,44062.5,27848.324306260627,167,0.6706586826347305,0.1875,0.25,0.0,0.375,0.1875,0.6320187076598156,0,2
6,15,591500.0,39433.333333333336,17030.295134875156,161,0.6521739130434783,0.13333333333333333,0.26666666666666666,0.0,0.26666666666666666,0.3333333333333333,0.4318756162690234,0,2
39,3,211500.0,70500.0,40779.897008207365,161,0.13043478260869565,0.0,0.0,0.3333333333333333,0.0,0.6666666666666666,0.5784382554355655,6,5
91,1,11000.0,11000.0,0.0,91,0.07692307692307693,0.0,0.0,0.0,0.0,1.0,0.0,6,6
40,2,201500.0,100750.0,106419.57056857541,84,0.16666666666666666,0.0,0.0,0.0,0.0,1.0,1.0562736532861083,6,5
8,26,2554000.0,98230.76923076923,47468.985826375254,178,1.0224719101123596,0.0,0.11538461538461539,0.8076923076923077,0.038461538461538464,0.038461538461538464,0.48323947982997517,3,1
7,11,373500.0,33954.545454545456,19100.333171772876,166,0.463855421686747,0.09090909090909091,0.18181818181818182,0.09090909090909091,0.45454545454545453,0.18181818181818182,0.5625265458888933,0,2
2,1,61500.0,61500.0,0.0,2,3.5,0.0,0.0,0.0,0.0,1.0,0.0,6,6
3,23,1049000.0,45608.69565217391,37164.241281634226,181,0.8895027624309392,0.043478260869565216,0.30434782608695654,0.0,0.34782608695652173,0.30434782608695654,0.8148499041731051,0,2
124,1,17000.0,17000.0,0.0,124,0.056451612903225805,0.0,0.0,0.0,0.0,1.0,0.0,6,6
38,22,13369500.0,607704.5454545454,285139.0078328091,158,0.9746835443037974,0.0,0.5454545454545454,0.13636363636363635,0.09090909090909091,0.22727272727272727,0.4692066399133701,5,0
38,21,21563500.0,1026833.3333333334,708185.5571340984,183,0.8032786885245902,0.09523809523809523,0.5714285714285714,0.09523809523809523,0.14285714285714285,0.09523809523809523,0.6896791661750674,5,0
4,14,1668500.0,119178.57142857143,58324.888190356454,180,0.5444444444444444,0.07142857142857142,0.0,0.6428571428571429,0.21428571428571427,0.07142857142857142,0.4893907309948998,3,1
11,18,2041000.0,113388.88888888889,40266.23003269305,165,0.7636363636363636,0.0,0.3333333333333333,0.5555555555555556,0.05555555555555555,0.05555555555555555,0.35511618843139386,3,1
13,3,24000.0,8000.0,1732.0508075688772,162,0.12962962962962962,1.0,0.0,0.0,0.0,0.0,0.21650635094610965,1,3
36,4,31000.0,7750.0,1554.5631755148024,128,0.21875,0.25,0.25,0.25,0.0,0.25,0.20058879684061967,2,3
8,17,16114000.0,947882.3529411765,683247.4736829385,178,0.6685393258426967,0.0,0.7058823529411765,0.0,0.17647058823529413,0.11764705882352941,0.720814636503038,5,0
8,20,889000.0,44450.0,28950.456773053185,179,0.7821229050279329,0.3,0.2,0.1,0.2,0.2,0.6513038644106454,0,2
19,16,1738500.0,108656.25,58223.9122554757,180,0.6222222222222222,0.0,0.0,0.75,0.1875,0.0625,0.5358542399123446,3,1
31,4,33500.0,8375.0,5662.3758264530625,166,0.1686746987951807,0.5,0.25,0.25,0.0,0.0,0.676104576292903,1,3
74,1,15500.0,15500.0,0.0,74,0.0945945945945946,0.0,0.0,0.0,1.0,0.0,0.0,4,4
7,19,16922000.0,890631.5789473684,777184.6420486302,181,0.7348066298342542,0.0,0.631578947368421,0.10526315789473684,0.15789473684210525,0.10526315789473684,0.8726219240588567,5,0
81,2,30500.0,15250.0,8838.834764831845,99,0.1414141414141414,0.0,0.0,0.0,0.5,0.5,0.5795957222840554,4,5
18,14,604000.0,43142.857142857145,27262.561375396348,181,0.5414364640883977,0.0,0.21428571428571427,0.14285714285714285,0.2857142857142857,0.35714285714285715,0.6319136742641537,0,2
3,16,1997500.0,124843.75,64018.67403344121,175,0.64,0.0625,0.0625,0.625,0.1875,0.0625,0.5127903802428332,3,1
76,1,11000.0,11000.0,0.0,76,0.09210526315789473,0.0,0.0,0.0,0.0,1.0,0.0,6,6
12,1,145500.0,145500.0,0.0,12,0.5833333333333334,0.0,0.0,1.0,0.0,0.0,0.0,2,6
76,2,194500.0,97250.0,70357.12472806148,167,0.08383233532934131,0.5,0.5,0.0,0.0,0.0,0.7234665781805807,2,5
134,2,800000.0,400000.0,301934.5955666558,178,0.07865168539325842,0.0,0.0,0.5,0.5,0.0,0.7548364889166395,4,5
117,3,71500.0,23833.333333333332,9004.6284394934,146,0.14383561643835616,0.0,0.0,0.0,0.6666666666666666,0.3333333333333333,0.37781657788084194,4,5
6,1,9000.0,9000.0,0.0,6,1.1666666666666667,0.0,0.0,0.0,0.0,1.0,0.0,6,6
10,18,1901500.0,105638.88888888889,39760.23936028213,180,0.7,0.0,0.05555555555555555,0.5555555555555556,0.3333333333333333,0.05555555555555555,0.376378810667935,3,1
90,3,943000.0,314333.3333333333,333005.00496739283,174,0.12068965517241378,0.3333333333333333,0.0,0.3333333333333333,0.0,0.3333333333333333,1.059400864159256,2,5
18,15,12323000.0,821533.3333333334,783124.7498384429,182,0.5769230769230769,0.0,0.6,0.0,0.2,0.2,0.9532476870548278,5,0
46,2,195500.0,97750.0,13788.582233137677,118,0.11864406779661017,0.0,0.0,0.5,0.0,0.5,0.14105966478913223,2,5
6,24,1212500.0,50520.833333333336,20829.264095344875,170,0.9882352941176471,0.125,0.16666666666666666,0.125,0.3333333333333333,0.25,0.41229058827899134,0,2
151,1,409500.0,409500.0,0.0,151,0.04635761589403973,0.0,0.0,0.0,0.0,1.0,0.0,6,6
6,17,757000.0,44529.41176470588,36060.04999833407,178,0.6685393258426967,0.23529411764705882,0.35294117647058826,0.0,0.17647058823529413,0.23529411764705882,0.8098029722215049,0,2
4,18,540500.0,30027.777777777777,16001.353088210844,168,0.75,0.05555555555555555,0.2222222222222222,0.16666666666666666,0.2777777777777778,0.2777777777777778,0.5328850242142372,0,2
24,15,19254576.61252906,1283638.4408352708,2744477.086583295,173,0.6069364161849711,0.06666666666666667,0.6,0.06666666666666667,0.13333333333333333,0.13333333333333333,2.1380452620267807,5,0
11,23,972500.0,42282.608695652176,28520.65682295287,170,0.9470588235294118,0.13043478260869565,0.391304347826087,0.08695652173913043,0.21739130434782608,0.17391304347826086,0.6745245315454149,0,2
15,17,629500.0,37029.41176470588,16064.781538581625,150,0.7933333333333333,0.11764705882352941,0.29411764705882354,0.058823529411764705,0.4117647058823529,0.11764705882352941,0.4338384212166603,0,2
1,20,853000.0,42650.0,25035.290880548688,182,0.7692307692307693,0.15,0.25,0.15,0.3,0.15,0.5869939245146234,0,2
34,1,13000.0,13000.0,0.0,34,0.2058823529411765,0.0,0.0,0.0,1.0,0.0,0.0,4,4
165,1,563000.0,563000.0,0.0,165,0.04242424242424242,0.0,1.0,0.0,0.0,0.0,0.0,2,6
1,21,827500.0,39404.76190476191,19908.929559131906,181,0.8121546961325967,0.19047619047619047,0.23809523809523808,0.047619047619047616,0.2857142857142857,0.23809523809523808,0.5052417169084834,0,2
21,20,2207000.0,110350.0,40253.8327694591,168,0.8333333333333334,0.05,0.0,0.75,0.15,0.05,0.3647832602578985,3,1
53,2,201500.0,100750.0,22273.863607376246,76,0.18421052631578946,0.5,0.0,0.5,0.0,0.0,0.2210805320831389,1,5
24,12,603500.0,50291.666666666664,36027.4253699578,181,0.46408839779005523,0.0,0.16666666666666666,0.08333333333333333,0.4166666666666667,0.3333333333333333,0.7163696842410829,0,2
5,18,1170500.0,65027.77777777778,48333.240365022146,175,0.72,0.2222222222222222,0.2222222222222222,0.16666666666666666,0.2222222222222222,0.16666666666666666,0.7432706762668932,0,2
77,1,410500.0,410500.0,0.0,77,0.09090909090909091,0.0,1.0,0.0,0.0,0.0,0.0,2,6
80,3,790500.0,263500.0,124602.36755375077,165,0.12727272727272726,0.3333333333333333,0.3333333333333333,0.3333333333333333,0.0,0.0,0.47287426016603706,2,5
2,22,15097000.0,686227.2727272727,375681.4673830278,181,0.8508287292817679,0.0,0.6363636363636364,0.13636363636363635,0.045454545454545456,0.18181818181818182,0.5474592490181236,5,0
174,1,60000.0,60000.0,0.0,174,0.040229885057471264,0.0,1.0,0.0,0.0,0.0,0.0,2,6
11,13,531500.0,40884.61538461538,22216.87969967303,163,0.558282208588957,0.23076923076923078,0.23076923076923078,0.0,0.38461538461538464,0.15384615384615385,0.5434043952883338,0,2
58,1,22500.0,22500.0,0.0,58,0.12068965517241378,0.0,0.0,0.0,0.0,1.0,0.0,6,6
1,19,1913500.0,100710.52631578948,33432.06868224384,179,0.7430167597765363,0.15789473684210525,0.10526315789473684,0.5789473684210527,0.10526315789473684,0.05263157894736842,0.3319620093873179,3,1
68,1,21000.0,21000.0,0.0,68,0.10294117647058824,1.0,0.0,0.0,0.0,0.0,0.0,1,3
143,1,101500.0,101500.0,0.0,143,0.04895104895104895,0.0,0.0,0.0,0.0,1.0,0.0,6,6
16,20,14857500.0,742875.0,546250.7587613664,183,0.7650273224043715,0.05,0.5,0.1,0.25,0.1,0.7353198839123222,5,0
48,2,684000.0,342000.0,8485.28137423857,167,0.08383233532934131,0.0,0.0,0.0,1.0,0.0,0.02481076425215956,4,4
13,14,13868000.0,990571.4285714285,833591.1158065735,174,0.5632183908045977,0.07142857142857142,0.5,0.14285714285714285,0.07142857142857142,0.21428571428571427,0.8415254990836479,5,0
35,3,74500.0,24833.333333333332,10214.368964029707,131,0.16030534351145037,0.0,0.3333333333333333,0.0,0.0,0.6666666666666666,0.41131687103475334,6,5
1,1,23500.0,23500.0,0.0,1,7.0,0.0,1.0,0.0,0.0,0.0,0.0,2,6
37,4,57500.0,14375.0,5153.882032022076,144,0.19444444444444442,0.0,0.5,0.0,0.25,0.25,0.35853092396675307,2,5
70,2,300500.0,150250.0,125511.45366061218,156,0.08974358974358974,0.0,0.5,0.5,0.0,0.0,0.8353507731155553,2,5
10,27,1107000.0,41000.0,27136.761895145966,162,1.1666666666666667,0.14814814814814814,0.18518518518518517,0.14814814814814814,0.3333333333333333,0.18518518518518517,0.6618722413450235,0,2
10,12,357500.0,29791.666666666668,15236.705581250068,176,0.4772727272727273,0.25,0.16666666666666666,0.08333333333333333,0.25,0.25,0.5114418656643379,0,2
4,13,517000.0,39769.230769230766,14707.72952199991,122,0.7459016393442623,0.07692307692307693,0.23076923076923078,0.15384615384615385,0.3076923076923077,0.23076923076923078,0.36982685451837305,0,2
8,19,899500.0,47342.10526315789,31476.645942127987,181,0.7348066298342542,0.05263157894736842,0.21052631578947367,0.15789473684210525,0.3684210526315789,0.21052631578947367,0.6648763456369448,0,2
86,1,61500.0,61500.0,0.0,86,0.0813953488372093,1.0,0.0,0.0,0.0,0.0,0.0,1,3
85,3,90000.0,30000.0,27032.38798182654,146,0.14383561643835616,0.0,0.0,0.0,0.6666666666666666,0.3333333333333333,0.901079599394218,4,5
10,3,16000.0,5333.333333333333,1527.5252316519468,143,0.14685314685314688,1.0,0.0,0.0,0.0,0.0,0.28641098093474004,1,3
10,21,1064000.0,50666.666666666664,27237.535375531563,169,0.8698224852071006,0.09523809523809523,0.14285714285714285,0.23809523809523808,0.42857142857142855,0.09523809523809523,0.5375829350433862,0,2
1,16,1891500.0,118218.75,41727.27675034641,149,0.7516778523489933,0.0625,0.0625,0.75,0.0625,0.0625,0.35296665503861624,3,1
9,1,33500.0,33500.0,0.0,9,0.7777777777777777,0.0,0.0,0.0,0.0,1.0,0.0,6,6
19,4,59000.0,14750.0,9853.087502571634,137,0.2043795620437956,0.0,0.5,0.0,0.25,0.25,0.6680059323777379,2,5
177,1,47500.0,47500.0,0.0,177,0.03954802259887006,0.0,0.0,0.0,1.0,0.0,0.0,4,4
25,2,11000.0,5500.0,2121.3203435596424,99,0.1414141414141414,1.0,0.0,0.0,0.0,0.0,0.385694607919935,1,3
174,1,210000.0,210000.0,0.0,174,0.040229885057471264,1.0,0.0,0.0,0.0,0.0,0.0,1,3
4,22,1246500.0,56659.09090909091,43051.84758040682,179,0.8603351955307262,0.09090909090909091,0.2727272727272727,0.09090909090909091,0.4090909090909091,0.13636363636363635,0.7598400696100682,0,2
61,1,13500.0,13500.0,0.0,61,0.11475409836065575,0.0,0.0,0.0,1.0,0.0,0.0,4,4
10,19,2788930.649939376,146785.8236810198,169585.02075647534,167,0.7964071856287425,0.05263157894736842,0.05263157894736842,0.5789473684210527,0.21052631578947367,0.10526315789473684,1.155322881349908,3,0
50,4,90500.0,22625.0,12789.155562428663,88,0.3181818181818182,0.0,0.0,0.0,0.5,0.5,0.565266544195742,4,5
3,16,1701500.0,106343.75,41558.680902229484,179,0.6256983240223464,0.0,0.0625,0.625,0.25,0.0625,0.3907957063976913,3,1
21,21,17996000.0,856952.380952381,747762.1096438677,176,0.8352272727272727,0.0,0.6190476190476191,0.09523809523809523,0.19047619047619047,0.09523809523809523,0.8725830352590144,5,0
19,21,19894000.0,947333.3333333334,808381.1961774799,180,0.8166666666666667,0.09523809523809523,0.47619047619047616,0.09523809523809523,0.23809523809523808,0.09523809523809523,0.8533228671824207,5,0
107,1,58000.0,58000.0,0.0,107,0.06542056074766354,0.0,0.0,0.0,1.0,0.0,0.0,4,4
11,20,2140000.0,107000.0,49112.65245920797,143,0.9790209790209791,0.0,0.0,0.75,0.25,0.0,0.4589967519552147,3,1
6,16,824500.0,51531.25,28842.94757822092,178,0.6292134831460674,0.125,0.125,0.125,0.5,0.125,0.5597176000625042,0,2
17,30,1650000.0,55000.0,37381.53702491148,179,1.1731843575418994,0.03333333333333333,0.23333333333333334,0.06666666666666667,0.3333333333333333,0.3333333333333333,0.679664309543845,0,2
7,26,2730500.0,105019.23076923077,44856.767776831795,176,1.0340909090909092,0.07692307692307693,0.038461538461538464,0.5384615384615384,0.19230769230769232,0.15384615384615385,0.4271290833904511,3,1
12,19,14964500.0,787605.2631578947,429893.38403542206,175,0.76,0.10526315789473684,0.3684210526315789,0.05263157894736842,0.2631578947368421,0.21052631578947367,0.5458234018291971,5,0
153,1,28500.0,28500.0,0.0,153,0.0457516339869281,1.0,0.0,0.0,0.0,0.0,0.0,1,3
31,3,24000.0,8000.0,3464.1016151377544,76,0.2763157894736842,0.0,0.6666666666666666,0.0,0.0,0.3333333333333333,0.4330127018922193,2,5
152,1,170000.0,170000.0,0.0,152,0.046052631578947366,0.0,0.0,0.0,0.0,1.0,0.0,6,6
41,2,227500.0,113750.0,131875.4146912911,79,0.17721518987341772,0.5,0.0,0.5,0.0,0.0,1.1593443049783834,1,5
68,12,10303000.0,858583.3333333334,753740.0635055385,173,0.48554913294797686,0.0,0.5833333333333334,0.08333333333333333,0.16666666666666666,0.16666666666666666,0.8778880677537088,5,0
100,1,6000.0,6000.0,0.0,100,0.06999999999999999,0.0,0.0,0.0,1.0,0.0,0.0,4,4
23,3,40500.0,13500.0,6538.34841531101,75,0.28,0.0,0.0,0.3333333333333333,0.0,0.6666666666666666,0.4843221048378526,6,5
30,18,11568500.0,642694.4444444445,398723.7042367326,175,0.72,0.16666666666666666,0.4444444444444444,0.0,0.2222222222222222,0.16666666666666666,0.6203938865247168,5,0
73,3,34500.0,11500.0,3000.0,124,0.1693548387096774,0.0,0.0,0.0,0.3333333333333333,0.6666666666666666,0.2608695652173913,6,5
22,23,17119500.0,744326.0869565217,410020.16604218964,177,0.9096045197740114,0.043478260869565216,0.43478260869565216,0.13043478260869565,0.17391304347826086,0.21739130434782608,0.5508609374672369,5,0
21,18,1956000.0,108666.66666666667,36498.58981965645,171,0.736842105263158,0.16666666666666666,0.1111111111111111,0.3888888888888889,0.2222222222222222,0.1111111111111111,0.3358765934324213,3,1
9,24,1288000.0,53666.666666666664,59333.92362513728,174,0.9655172413793103,0.125,0.125,0.08333333333333333,0.25,0.4166666666666667,1.1056010613379617,0,2
13,14,991002.0857985978,70785.86327132842,132044.35561051097,174,0.5632183908045977,0.07142857142857142,0.21428571428571427,0.14285714285714285,0.21428571428571427,0.35714285714285715,1.865405739340543,0,0
1,2,44500.0,22250.0,18738.32970144351,45,0.3111111111111111,0.0,0.0,0.0,0.0,1.0,0.8421721214131914,6,5
89,1,90000.0,90000.0,0.0,89,0.07865168539325842,0.0,0.0,0.0,1.0,0.0,0.0,4,4
11,20,2288500.0,114425.0,51102.65082217,161,0.8695652173913043,0.15,0.05,0.65,0.1,0.05,0.44660389619549923,3,1
11,11,536500.0,48772.72727272727,15697.712630131238,178,0.43258426966292135,0.2727272727272727,0.09090909090909091,0.0,0.36363636363636365,0.2727272727272727,0.32185431301294243,0,2
93,2,906500.0,453250.0,159452.57915756648,157,0.089171974522293,0.0,0.0,0.5,0.5,0.0,0.35179829929965023,4,5
2,18,17698500.0,983250.0,675533.8466288544,165,0.7636363636363636,0.0,0.6666666666666666,0.0,0.16666666666666666,0.16666666666666666,0.6870417967239811,5,0
28,18,13683500.0,760194.4444444445,596272.1481615611,181,0.6961325966850829,0.0,0.6111111111111112,0.2222222222222222,0.0,0.16666666666666666,0.7843679370707859,5,0
28,2,15000.0,7500.0,1414.213562373095,164,0.08536585365853659,0.5,0.0,0.0,0.0,0.5,0.18856180831641267,1,3
2,12,743000.0,61916.666666666664,32472.24922448351,181,0.46408839779005523,0.08333333333333333,0.3333333333333333,0.0,0.3333333333333333,0.25,0.5244508623065978,0,2
20,1,6500.0,6500.0,0.0,20,0.35,0.0,0.0,0.0,0.0,1.0,0.0,6,6
8,19,16060000.0,845263.1578947369,465634.2260359953,157,0.8471337579617835,0.0,0.631578947368421,0.05263157894736842,0.2631578947368421,0.05263157894736842,0.5508748626826844,5,0
22,14,551000.0,39357.142857142855,30802.36540082132,176,0.5568181818181819,0.07142857142857142,0.6428571428571429,0.0,0.07142857142857142,0.21428571428571427,0.7826372334146978,0,2
35,26,2592000.0,99692.30769230769,45651.0847457269,181,1.005524861878453,0.0,0.11538461538461539,0.7692307692307693,0.07692307692307693,0.038461538461538464,0.45791983155435934,3,1
101,1,15000.0,15000.0,0.0,101,0.0693069306930693,0.0,1.0,0.0,0.0,0.0,0.0,2,6
17,31,1505741.5880256516,48572.30929115005,58514.04829743209,180,1.2055555555555555,0.0967741935483871,0.12903225806451613,0.16129032258064516,0.3870967741935484,0.22580645161290322,1.2046791505565382,0,2
10,2,40000.0,20000.0,2828.42712474619,53,0.2641509433962264,0.5,0.0,0.0,0.0,0.5,0.1414213562373095,1,3
53,3,44000.0,14666.666666666666,5107.1844820148535,145,0.14482758620689654,0.3333333333333333,0.3333333333333333,0.0,0.0,0.3333333333333333,0.34821712377374003,1,3
20,19,887500.0,46710.52631578947,30956.203735400148,179,0.7430167597765363,0.05263157894736842,0.3157894736842105,0.15789473684210525,0.3157894736842105,0.15789473684210525,0.6627243616592707,0,2
16,19,777500.0,40921.05263157895,25101.05307546032,178,0.7471910112359551,0.2631578947368421,0.3157894736842105,0.05263157894736842,0.0,0.3684210526315789,0.613401940107712,0,2
166,1,209000.0,209000.0,0.0,166,0.04216867469879518,1.0,0.0,0.0,0.0,0.0,0.0,1,3
93,1,14500.0,14500.0,0.0,93,0.07526881720430108,0.0,0.0,0.0,0.0,1.0,0.0,6,6
35,2,60500.0,30250.0,353.5533905932738,175,0.08,0.5,0.0,0.0,0.0,0.5,0.011687715391513183,1,3
32,17,590500.0,34735.294117647056,10432.997003286651,175,0.68,0.058823529411764705,0.11764705882352941,0.17647058823529413,0.17647058823529413,0.47058823529411764,0.3003572380285742,0,2
89,1,11500.0,11500.0,0.0,89,0.07865168539325842,0.0,0.0,0.0,0.0,1.0,0.0,6,6
2,1,27500.0,27500.0,0.0,2,3.5,0.0,0.0,0.0,0.0,1.0,0.0,6,6
43,12,1242500.0,103541.66666666667,45107.67840972479,181,0.46408839779005523,0.08333333333333333,0.16666666666666666,0.4166666666666667,0.25,0.08333333333333333,0.43564759832329775,3,1
5,2,23000.0,11500.0,2121.3203435596424,58,0.24137931034482757,0.5,0.0,0.5,0.0,0.0,0.18446263857040368,1,3
62,1,88500.0,88500.0,0.0,62,0.11290322580645161,0.0,0.0,1.0,0.0,0.0,0.0,2,6
78,1,5500.0,5500.0,0.0,78,0.08974358974358974,1.0,0.0,0.0,0.0,0.0,0.0,1,3
1,13,576500.0,44346.153846153844,24461.180653728858,174,0.5229885057471264,0.07692307692307693,0.46153846153846156,0.0,0.15384615384615385,0.3076923076923077,0.5515964414544235,0,2
5,20,1031000.0,51550.0,32590.723575242922,183,0.7650273224043715,0.15,0.4,0.0,0.3,0.15,0.6322157822549549,0,2
7,16,489000.0,30562.5,16646.1957615947,181,0.6187845303867403,0.0625,0.3125,0.125,0.4375,0.0625,0.5446608020153685,0,2
7,22,2221500.0,100977.27272727272,47644.63625253491,134,1.1492537313432836,0.0,0.13636363636363635,0.45454545454545453,0.13636363636363635,0.2727272727272727,0.47183524535483595,3,1
7,17,744000.0,43764.705882352944,25055.636620740417,183,0.6502732240437159,0.11764705882352941,0.29411764705882354,0.11764705882352941,0.23529411764705882,0.23529411764705882,0.5725078260115417,0,2
21,3,389000.0,129666.66666666667,26759.733431656852,116,0.18103448275862066,0.0,0.3333333333333333,0.3333333333333333,0.0,0.3333333333333333,0.20637326553977006,2,5
73,1,82000.0,82000.0,0.0,73,0.0958904109589041,1.0,0.0,0.0,0.0,0.0,0.0,1,3
73,3,556000.0,185333.33333333334,159689.02070378332,152,0.1381578947368421,0.0,0.3333333333333333,0.6666666666666666,0.0,0.0,0.8616314066750898,2,5
12,27,17022000.0,630444.4444444445,353241.26461335324,172,1.0988372093023255,0.037037037037037035,0.6296296296296297,0.037037037037037035,0.1111111111111111,0.18518518518518517,0.560305143024353,5,0
20,4,32500.0,8125.0,4679.298380455486,169,0.16568047337278108,1.0,0.0,0.0,0.0,0.0,0.5759136468252906,1,3
6,16,1254038.947975988,78377.43424849925,149715.4212178123,176,0.6363636363636364,0.0625,0.125,0.0625,0.3125,0.4375,1.9101852804103372,0,0
1,4,48000.0,12000.0,3135.8146203711303,115,0.24347826086956523,0.25,0.0,0.0,0.25,0.5,0.2613178850309275,6,5
40,1,12000.0,12000.0,0.0,40,0.175,0.0,0.0,0.0,0.0,1.0,0.0,6,6
98,3,21000.0,7000.0,4769.696007084728,158,0.13291139240506328,0.6666666666666666,0.0,0.0,0.0,0.3333333333333333,0.6813851438692469,1,3
2,18,13937500.0,774305.5555555555,573239.9184329082,183,0.6885245901639344,0.1111111111111111,0.5555555555555556,0.1111111111111111,0.1111111111111111,0.1111111111111111,0.7403277870344286,5,0
42,2,578500.0,289250.0,319258.7117057262,67,0.208955223880597,0.5,0.0,0.0,0.0,0.5,1.1037466264675064,1,5
8,15,572000.0,38133.333333333336,15160.41210647307,176,0.5965909090909091,0.06666666666666667,0.26666666666666666,0.2,0.06666666666666667,0.4,0.39756325454037766,0,2
41,3,27000.0,9000.0,6614.378277661476,134,0.15671641791044777,1.0,0.0,0.0,0.0,0.0,0.734930919740164,1,3
1,14,7504000.0,536000.0,333098.3338295165,183,0.5355191256830601,0.07142857142857142,0.5,0.07142857142857142,0.21428571428571427,0.14285714285714285,0.6214521153535756,5,0
1,18,17397500.0,966527.7777777778,765602.2518295881,182,0.6923076923076923,0.05555555555555555,0.3888888888888889,0.05555555555555555,0.16666666666666666,0.3333333333333333,0.7921161392690091,5,0
62,5,34500.0,6900.0,2631.539473388153,164,0.2134146341463415,0.6,0.2,0.2,0.0,0.0,0.3813825323750946,1,3
15,5,120500.0,24100.0,14926.486525636234,160,0.21875,0.2,0.2,0.0,0.2,0.4,0.6193562873707981,0,3
80,2,32000.0,16000.0,2828.42712474619,181,0.07734806629834254,0.0,0.0,0.0,1.0,0.0,0.1767766952966369,4,4
13,13,9574500.0,736500.0,651936.5702786328,181,0.5027624309392265,0.0,0.5384615384615384,0.15384615384615385,0.15384615384615385,0.15384615384615385,0.885182037038198,5,0
18,20,1015500.0,50775.0,24911.144726385966,183,0.7650273224043715,0.1,0.45,0.1,0.15,0.2,0.49061831071168815,0,2
136,1,17000.0,17000.0,0.0,136,0.05147058823529412,1.0,0.0,0.0,0.0,0.0,0.0,1,3
12,11,530000.0,48181.818181818184,30338.319603492153,120,0.6416666666666667,0.45454545454545453,0.09090909090909091,0.0,0.09090909090909091,0.36363636363636365,0.6296632370536107,0,2
1,19,824500.0,43394.73684210526,23396.687174902218,171,0.7777777777777778,0.05263157894736842,0.21052631578947367,0.15789473684210525,0.3157894736842105,0.2631578947368421,0.5391595589122403,0,2
22,3,278000.0,92666.66666666667,60961.73663318109,157,0.1337579617834395,0.0,0.0,0.6666666666666666,0.3333333333333333,0.0,0.6578604672645442,3,5
4,13,15616000.0,1201230.7692307692,1323684.3722382206,183,0.4972677595628415,0.0,0.46153846153846156,0.15384615384615385,0.23076923076923078,0.15384615384615385,1.1019401152085597,5,0
16,2,44500.0,22250.0,5303.300858899106,133,0.10526315789473684,0.5,0.0,0.0,0.0,0.5,0.2383506003999598,1,3
56,2,33500.0,16750.0,4596.194077712559,105,0.13333333333333333,0.5,0.0,0.0,0.5,0.0,0.27439964643060055,4,3
93,1,30000.0,30000.0,0.0,93,0.07526881720430108,0.0,0.0,0.0,0.0,1.0,0.0,6,6
23,13,1274000.0,98000.0,23803.886237335282,174,0.5229885057471264,0.0,0.23076923076923078,0.6923076923076923,0.0,0.07692307692307693,0.24289679834015593,3,1
10,2,16000.0,8000.0,2121.3203435596424,143,0.0979020979020979,0.5,0.5,0.0,0.0,0.0,0.2651650429449553,1,3
6,7,54000.0,7714.285714285715,2927.7002188455995,139,0.35251798561151076,0.7142857142857143,0.0,0.14285714285714285,0.14285714285714285,0.0,0.37951669503554064,1,3
77,2,49000.0,24500.0,9192.388155425118,115,0.12173913043478261,0.0,0.0,0.0,0.5,0.5,0.375199516547964,4,5
152,1,50500.0,50500.0,0.0,152,0.046052631578947366,1.0,0.0,0.0,0.0,0.0,0.0,1,3
27,23,14885000.0,647173.9130434783,393913.6559951262,176,0.9147727272727273,0.0,0.5217391304347826,0.13043478260869565,0.17391304347826086,0.17391304347826086,0.6086673891762111,5,0
14,16,8839500.0,552468.75,417016.28540342004,165,0.6787878787878787,0.0,0.6875,0.0625,0.1875,0.0625,0.7548233006906183,5,0
1,15,15080500.0,1005366.6666666666,1024031.5715464096,177,0.5932203389830508,0.0,0.4666666666666667,0.13333333333333333,0.0,0.4,1.0185652712573288,5,0
4,17,1947000.0,114529.41176470589,35306.90025876462,177,0.672316384180791,0.058823529411764705,0.17647058823529413,0.5882352941176471,0.11764705882352941,0.058823529411764705,0.3082780197221358,3,1
16,18,13943000.0,774611.1111111111,497789.86694586993,179,0.7039106145251396,0.0,0.4444444444444444,0.2777777777777778,0.1111111111111111,0.16666666666666666,0.6426319733935063,5,0
146,1,26500.0,26500.0,0.0,146,0.04794520547945205,0.0,0.0,0.0,0.0,1.0,0.0,6,6
63,2,28000.0,14000.0,707.1067811865476,169,0.08284023668639054,0.0,0.0,0.0,0.5,0.5,0.05050762722761054,4,5
82,2,39000.0,19500.0,11313.70849898476,139,0.10071942446043165,0.0,0.0,0.0,0.5,0.5,0.580190179435116,4,5
16,15,468000.0,31200.0,16454.265621499406,178,0.5898876404494382,0.13333333333333333,0.2,0.0,0.4,0.26666666666666666,0.5273803083813912,0,2
22,21,1008000.0,48000.0,33426.037755019664,181,0.8121546961325967,0.09523809523809523,0.2857142857142857,0.23809523809523808,0.23809523809523808,0.14285714285714285,0.6963757865629097,0,2
4,14,1434500.0,102464.28571428571,33245.27976079652,177,0.5536723163841808,0.0,0.21428571428571427,0.5714285714285714,0.07142857142857142,0.14285714285714285,0.3244572440928207,3,1
36,3,46500.0,15500.0,9848.857801796104,109,0.1926605504587156,0.0,0.0,0.3333333333333333,0.3333333333333333,0.3333333333333333,0.635410180761039,4,5
3,1,21500.0,21500.0,0.0,3,2.3333333333333335,0.0,1.0,0.0,0.0,0.0,0.0,2,6
2,16,14475000.0,904687.5,644527.8342838784,131,0.8549618320610687,0.0625,0.75,0.0,0.125,0.0625,0.7124314575849433,5,0
92,1,237000.0,237000.0,0.0,92,0.07608695652173914,0.0,0.0,0.0,0.0,1.0,0.0,6,6
46,1,46000.0,46000.0,0.0,46,0.15217391304347827,0.0,0.0,0.0,1.0,0.0,0.0,4,4
90,2,301500.0,150750.0,35708.89244992065,106,0.1320754716981132,0.0,0.0,0.0,0.5,0.5,0.23687490845718506,4,5
68,2,19000.0,9500.0,1414.213562373095,103,0.13592233009708737,1.0,0.0,0.0,0.0,0.0,0.1488645855129574,1,3
5,22,21363000.0,971045.4545454546,775594.1947812368,176,0.875,0.09090909090909091,0.5454545454545454,0.09090909090909091,0.13636363636363635,0.13636363636363635,0.7987207922664049,5,0
1,17,1970500.0,115911.76470588235,43734.00968286782,163,0.7300613496932515,0.0,0.17647058823529413,0.7058823529411765,0.0,0.11764705882352941,0.37730432103971223,3,1
4,20,1104500.0,55225.0,39979.09815733322,174,0.8045977011494253,0.2,0.35,0.05,0.2,0.2,0.7239311572174417,0,2
9,4,29500.0,7375.0,478.713553878169,158,0.17721518987341772,0.75,0.0,0.0,0.25,0.0,0.06491031239026021,1,3
97,1,43000.0,43000.0,0.0,97,0.07216494845360824,0.0,0.0,0.0,0.0,1.0,0.0,6,6
140,2,14500.0,7250.0,6010.407640085654,165,0.08484848484848484,0.5,0.0,0.0,0.5,0.0,0.8290217434600902,4,3
2,24,19881000.0,828375.0,600642.4866250559,171,0.9824561403508772,0.0,0.375,0.125,0.20833333333333334,0.2916666666666667,0.7250852411348192,5,0
1,19,678500.0,35710.52631578947,20032.83123987671,168,0.7916666666666666,0.05263157894736842,0.3157894736842105,0.15789473684210525,0.3684210526315789,0.10526315789473684,0.5609783250665549,0,2
65,15,817500.0,54500.0,40037.4824383352,164,0.6402439024390244,0.06666666666666667,0.26666666666666666,0.06666666666666667,0.2,0.4,0.7346327052905541,0,2
7,23,2642500.0,114891.30434782608,52294.17587111901,181,0.8895027624309392,0.08695652173913043,0.0,0.6521739130434783,0.043478260869565216,0.21739130434782608,0.4551621740911021,3,1
26,14,9640000.0,688571.4285714285,455211.6945039822,172,0.5697674418604651,0.07142857142857142,0.42857142857142855,0.14285714285714285,0.07142857142857142,0.2857142857142857,0.6610958218937502,5,0
9,15,694500.0,46300.0,40971.59294647242,182,0.5769230769230769,0.13333333333333333,0.26666666666666666,0.13333333333333333,0.3333333333333333,0.13333333333333333,0.8849156143946526,0,2
4,14,2935636.741675114,209688.33869107955,339511.4155713608,144,0.6805555555555555,0.0,0.2857142857142857,0.42857142857142855,0.21428571428571427,0.07142857142857142,1.6191239707971614,5,0
24,3,463500.0,154500.0,98705.3696614323,183,0.11475409836065574,0.0,0.3333333333333333,0.6666666666666666,0.0,0.0,0.6388697065464873,2,5
11,15,15159500.0,1010633.3333333334,619591.1804991908,166,0.6325301204819277,0.0,0.7333333333333333,0.06666666666666667,0.13333333333333333,0.06666666666666667,0.6130721796555204,5,0
9,16,10572500.0,660781.25,339854.2319264737,182,0.6153846153846154,0.0625,0.75,0.0625,0.0625,0.0625,0.5143218454314097,5,0
24,18,984000.0,54666.666666666664,30149.139096088536,174,0.7241379310344828,0.0,0.2777777777777778,0.16666666666666666,0.1111111111111111,0.4444444444444444,0.5515086420016196,0,2
159,1,788119.2516136079,788119.2516136079,0.0,159,0.0440251572327044,0.0,0.0,0.0,1.0,0.0,0.0,4,4
10,3,49000.0,16333.333333333334,7371.114795831993,90,0.23333333333333334,0.3333333333333333,0.3333333333333333,0.0,0.0,0.3333333333333333,0.4512927426019588,1,3
31,2,281500.0,140750.0,152381.511345701,165,0.08484848484848484,0.0,0.0,0.0,0.5,0.5,1.082639512225229,4,5
66,2,31500.0,15750.0,5303.300858899106,101,0.1386138613861386,0.5,0.0,0.0,0.0,0.5,0.33671751485073687,1,3
13,13,12800000.0,984615.3846153846,851590.5254739058,182,0.5,0.07692307692307693,0.46153846153846156,0.07692307692307693,0.15384615384615385,0.23076923076923078,0.8648966274344356,5,0
86,1,10000.0,10000.0,0.0,86,0.0813953488372093,0.0,1.0,0.0,0.0,0.0,0.0,2,6
1,19,943500.0,49657.89473684211,25526.159039730937,178,0.7471910112359551,0.0,0.10526315789473684,0.2631578947368421,0.5263157894736842,0.10526315789473684,0.514040298627332,0,2
170,1,191000.0,191000.0,0.0,170,0.041176470588235294,0.0,0.0,1.0,0.0,0.0,0.0,2,6
9,25,13893000.0,555720.0,323270.30356447323,180,0.9722222222222222,0.0,0.76,0.16,0.04,0.04,0.5817143589657979,5,0
6,11,9741841.062896378,885621.9148087617,876710.9633997745,183,0.4207650273224044,0.0,0.7272727272727273,0.0,0.0,0.2727272727272727,0.9899381990666848,5,0
84,1,7500.0,7500.0,0.0,84,0.08333333333333333,1.0,0.0,0.0,0.0,0.0,0.0,1,3
23,1,8000.0,8000.0,0.0,23,0.30434782608695654,1.0,0.0,0.0,0.0,0.0,0.0,1,3
91,2,367000.0,183500.0,13435.028842544403,99,0.1414141414141414,0.0,0.0,0.0,0.0,1.0,0.07321541603566432,6,5
1,18,558000.0,31000.0,21869.26395383148,183,0.6885245901639344,0.1111111111111111,0.3888888888888889,0.1111111111111111,0.2777777777777778,0.1111111111111111,0.705460127542951,0,2
19,11,8058500.0,732590.9090909091,569667.3510998246,179,0.4301675977653631,0.0,0.36363636363636365,0.18181818181818182,0.36363636363636365,0.09090909090909091,0.7776063612456501,5,0
57,4,686000.0,171500.0,146719.11940848065,173,0.16184971098265896,0.0,0.25,0.25,0.5,0.0,0.855505069437205,4,5
64,3,48000.0,16000.0,5766.2812973353975,160,0.13125,0.0,0.0,0.0,0.0,1.0,0.36039258108346234,6,5
3,19,1099500.0,57868.42105263158,55989.791258283854,182,0.7307692307692307,0.10526315789473684,0.2631578947368421,0.15789473684210525,0.21052631578947367,0.2631578947368421,0.9675361836356464,0,2
102,1,90000.0,90000.0,0.0,102,0.06862745098039216,0.0,0.0,1.0,0.0,0.0,0.0,2,6
9,26,42820508.70255193,1646942.6424058436,3260784.342983731,179,1.0167597765363128,0.038461538461538464,0.5769230769230769,0.11538461538461539,0.07692307692307693,0.19230769230769232,1.9799015818913994,5,0
19,17,11199000.0,658764.7058823529,481161.0020839912,179,0.6648044692737429,0.0,0.7647058823529411,0.0,0.0,0.23529411764705882,0.7303988780630281,5,0
27,4,26000.0,6500.0,2415.22945769824,182,0.15384615384615385,0.5,0.5,0.0,0.0,0.0,0.3715737627228061,1,3
2,16,1608000.0,100500.0,30024.434493703066,183,0.6120218579234973,0.0625,0.1875,0.75,0.0,0.0,0.29875059197714493,3,1
83,2,52000.0,26000.0,1414.213562373095,160,0.0875,0.0,0.0,0.0,0.0,1.0,0.05439282932204212,6,5
27,3,31000.0,10333.333333333334,2753.785273643051,102,0.20588235294117646,0.0,0.0,0.0,0.3333333333333333,0.6666666666666666,0.2664953490622307,6,5
95,2,32500.0,16250.0,10960.155108391487,179,0.0782122905027933,0.0,0.0,0.5,0.0,0.5,0.6744710835933223,6,5
2,28,1100500.0,39303.57142857143,24297.667654306933,180,1.0888888888888888,0.0,0.2857142857142857,0.03571428571428571,0.21428571428571427,0.4642857142857143,0.6182050834353423,0,2
26,3,305500.0,101833.33333333333,57992.09716274566,87,0.24137931034482757,0.0,0.6666666666666666,0.3333333333333333,0.0,0.0,0.5694804958698428,2,5
43,2,356000.0,178000.0,72831.9984622144,163,0.08588957055214724,0.0,0.0,0.5,0.0,0.5,0.40916853068659775,2,5
14,4,65000.0,16250.0,6089.608635481704,141,0.19858156028368795,0.0,0.0,0.0,0.25,0.75,0.3747451467988741,6,5
27,3,62500.0,20833.333333333332,5131.601439446885,144,0.14583333333333331,0.0,0.0,0.0,0.3333333333333333,0.6666666666666666,0.2463168690934505,6,5
119,1,31000.0,31000.0,0.0,119,0.058823529411764705,0.0,0.0,0.0,1.0,0.0,0.0,4,4
17,15,737500.0,49166.666666666664,33481.69364778027,182,0.5769230769230769,0.06666666666666667,0.4666666666666667,0.13333333333333333,0.06666666666666667,0.26666666666666666,0.6809835996158699,0,2
30,13,14674500.0,1128807.6923076923,1199979.0369429644,171,0.5321637426900585,0.0,0.6923076923076923,0.23076923076923078,0.07692307692307693,0.0,1.0630500173947008,5,0
12,22,18110500.0,823204.5454545454,464019.7209245814,179,0.8603351955307262,0.0,0.6818181818181818,0.09090909090909091,0.13636363636363635,0.09090909090909091,0.5636748770238696,5,0
23,13,1637000.0,125923.07692307692,55805.78156795455,183,0.4972677595628415,0.0,0.15384615384615385,0.6923076923076923,0.07692307692307693,0.07692307692307693,0.4431735860619482,3,1
5,13,497500.0,38269.230769230766,24217.43120892417,158,0.5759493670886076,0.0,0.15384615384615385,0.15384615384615385,0.3076923076923077,0.38461538461538464,0.6328172979216367,0,2
16,12,1310000.0,109166.66666666667,33685.93807870614,171,0.4912280701754386,0.16666666666666666,0.0,0.5833333333333334,0.16666666666666666,0.08333333333333333,0.30857347858356765,3,1
15,4,73500.0,18375.0,5647.639624952475,96,0.2916666666666667,0.0,0.0,0.0,0.75,0.25,0.3073545374123796,4,5
19,20,2079500.0,103975.0,39349.13728740642,168,0.8333333333333334,0.05,0.05,0.8,0.1,0.0,0.3784480623939064,3,1
7,22,1120500.0,50931.818181818184,37049.29003064555,174,0.8850574712643678,0.13636363636363635,0.22727272727272727,0.045454545454545456,0.2727272727272727,0.3181818181818182,0.7274291661527907,0,2
1,17,10754000.0,632588.2352941176,395330.60671157396,181,0.6574585635359116,0.058823529411764705,0.6470588235294118,0.058823529411764705,0.17647058823529413,0.058823529411764705,0.6249414463545432,5,0
2,21,16618500.0,791357.1428571428,597917.8694197295,178,0.8258426966292135,0.09523809523809523,0.42857142857142855,0.14285714285714285,0.14285714285714285,0.19047619047619047,0.7555600841119426,5,0
24,3,41500.0,13833.333333333334,7251.436639269031,153,0.1372549019607843,0.3333333333333333,0.0,0.0,0.3333333333333333,0.3333333333333333,0.5242002389833034,4,3
18,12,452000.0,37666.666666666664,24998.484802568386,161,0.5217391304347826,0.16666666666666666,0.08333333333333333,0.25,0.4166666666666667,0.08333333333333333,0.6636765876788068,0,2
8,18,748000.0,41555.555555555555,26482.45195290475,168,0.75,0.05555555555555555,0.3333333333333333,0.0,0.2777777777777778,0.3333333333333333,0.6372782555511839,0,2
29,3,36000.0,12000.0,3905.124837953327,179,0.11731843575418993,0.0,0.0,0.0,0.0,1.0,0.3254270698294439,6,5
7,20,978000.0,48900.0,32438.038100191472,162,0.8641975308641976,0.0,0.35,0.15,0.4,0.1,0.6633545623761037,0,2
134,1,5500.0,5500.0,0.0,134,0.05223880597014925,1.0,0.0,0.0,0.0,0.0,0.0,1,3
4,5,91500.0,18300.0,7686.026281505939,122,0.2868852459016394,0.0,0.0,0.2,0.2,0.6,0.4200014361478655,6,5
16,1,236500.0,236500.0,0.0,16,0.4375,0.0,0.0,0.0,1.0,0.0,0.0,4,4
125,2,16500.0,8250.0,3181.9805153394636,147,0.09523809523809523,0.5,0.0,0.0,0.5,0.0,0.385694607919935,4,3
13,18,943000.0,52388.88888888889,42105.10502636285,182,0.6923076923076923,0.05555555555555555,0.2222222222222222,0.16666666666666666,0.3333333333333333,0.2222222222222222,0.8037029591458444,0,2
3,16,1543500.0,96468.75,36269.57804643813,149,0.7516778523489933,0.0625,0.25,0.5625,0.0625,0.0625,0.37597230239262075,3,1
52,1,74500.0,74500.0,0.0,52,0.1346153846153846,1.0,0.0,0.0,0.0,0.0,0.0,1,3
5,18,1798500.0,99916.66666666667,25759.77826904937,183,0.6885245901639344,0.0,0.1111111111111111,0.6666666666666666,0.2222222222222222,0.0,0.25781262654594866,3,1
89,1,13500.0,13500.0,0.0,89,0.07865168539325842,0.0,0.0,0.0,0.0,1.0,0.0,6,6
16,1,14500.0,14500.0,0.0,16,0.4375,0.0,0.0,0.0,0.0,1.0,0.0,6,6
33,17,797500.0,46911.76470588235,47471.4503985414,183,0.6502732240437159,0.058823529411764705,0.17647058823529413,0.17647058823529413,0.23529411764705882,0.35294117647058826,1.0119306041068385,0,2
2,16,11273500.0,704593.75,572357.2665957863,179,0.6256983240223464,0.0,0.4375,0.125,0.3125,0.125,0.8123223724249418,5,0
12,3,15500.0,5166.666666666667,1527.5252316519466,143,0.14685314685314688,0.6666666666666666,0.0,0.3333333333333333,0.0,0.0,0.2956500448358606,1,3
108,2,15000.0,7500.0,0.0,130,0.10769230769230768,1.0,0.0,0.0,0.0,0.0,0.0,1,3
7,14,621500.0,44392.857142857145,33006.51367616618,171,0.5730994152046784,0.07142857142857142,0.14285714285714285,0.07142857142857142,0.35714285714285715,0.35714285714285715,0.7435095598814585,0,2
22,16,1997000.0,124812.5,53558.651650939326,174,0.6436781609195402,0.0,0.125,0.8125,0.0,0.0625,0.4291128825313116,3,1
5,4,62500.0,15625.0,4170.831252080733,174,0.16091954022988506,0.0,0.0,0.0,0.25,0.75,0.2669332001331669,6,5
102,2,20000.0,10000.0,2828.42712474619,161,0.08695652173913043,1.0,0.0,0.0,0.0,0.0,0.282842712474619,1,3
1,14,527500.0,37678.57142857143,23284.69879131353,141,0.6950354609929078,0.0,0.14285714285714285,0.21428571428571427,0.14285714285714285,0.5,0.6179825271628235,0,2
14,2,9000.0,4500.0,2828.42712474619,163,0.08588957055214724,1.0,0.0,0.0,0.0,0.0,0.628539361054709,1,3
166,1,85000.0,85000.0,0.0,166,0.04216867469879518,0.0,0.0,0.0,1.0,0.0,0.0,4,4
5,28,1218500.0,43517.857142857145,25889.895835039708,178,1.101123595505618,0.0,0.14285714285714285,0.14285714285714285,0.4642857142857143,0.25,0.5949257967838423,0,2
4,20,937000.0,46850.0,25616.657820542023,167,0.8383233532934131,0.05,0.25,0.2,0.2,0.3,0.546780316340278,0,2
22,3,467000.0,155666.66666666666,41549.167661137726,113,0.18584070796460178,0.0,0.3333333333333333,0.3333333333333333,0.0,0.3333333333333333,0.2669111412921053,2,5
5,18,914000.0,50777.77777777778,37996.215841852645,161,0.782608695652174,0.1111111111111111,0.3888888888888889,0.1111111111111111,0.16666666666666666,0.2222222222222222,0.7482843382421746,0,2
28,14,8382000.0,598714.2857142857,434115.04653302865,174,0.5632183908045977,0.07142857142857142,0.8571428571428571,0.0,0.07142857142857142,0.0,0.7250788178790744,5,0
7,4,42000.0,10500.0,4020.7793606049395,164,0.17073170731707318,1.0,0.0,0.0,0.0,0.0,0.3829313676766609,1,3
18,10,8865000.0,886500.0,441817.458535385,147,0.47619047619047616,0.0,0.5,0.1,0.0,0.4,0.4983840479812578,5,0
2,2,53000.0,26500.0,12727.922061357855,59,0.23728813559322035,0.0,0.5,0.0,0.0,0.5,0.48029894571161713,2,5
15,2,69500.0,34750.0,2474.8737341529163,174,0.08045977011494253,0.0,0.5,0.0,0.5,0.0,0.07121938803317744,4,5
21,13,491500.0,37807.692307692305,19643.211785010342,177,0.5141242937853108,0.23076923076923078,0.23076923076923078,0.15384615384615385,0.15384615384615385,0.23076923076923078,0.5195559576910163,0,2
32,3,28000.0,9333.333333333334,2565.800719723442,146,0.14383561643835616,1.0,0.0,0.0,0.0,0.0,0.27490721997036877,1,3
28,3,42000.0,14000.0,9539.392014169456,147,0.14285714285714285,0.0,0.3333333333333333,0.3333333333333333,0.0,0.3333333333333333,0.6813851438692469,2,3
31,13,437500.0,33653.846153846156,18767.64127359533,177,0.5141242937853108,0.15384615384615385,0.15384615384615385,0.07692307692307693,0.3076923076923077,0.3076923076923077,0.5576670549868327,0,2
11,3,34500.0,11500.0,3278.7192621510003,95,0.22105263157894736,0.3333333333333333,0.0,0.0,0.3333333333333333,0.3333333333333333,0.28510602279573916,4,3
37,4,20000.0,5000.0,2549.5097567963926,151,0.18543046357615892,0.75,0.0,0.0,0.0,0.25,0.5099019513592785,1,3
4,19,800000.0,42105.26315789474,25074.10070801722,178,0.7471910112359551,0.15789473684210525,0.2631578947368421,0.05263157894736842,0.3157894736842105,0.21052631578947367,0.5955098918154089,0,2
13,2,382000.0,191000.0,199404.1122946064,25,0.5599999999999999,0.0,0.5,0.5,0.0,0.0,1.0440005879298764,3,5
4,16,1462500.0,91406.25,30402.970660775896,152,0.7368421052631579,0.0,0.0625,0.625,0.125,0.1875,0.33261369611789016,3,1
6,2,317000.0,158500.0,64346.71708797583,166,0.08433734939759036,1.0,0.0,0.0,0.0,0.0,0.4059729784730336,1,3
56,3,33000.0,11000.0,8674.675786448735,117,0.1794871794871795,0.3333333333333333,0.3333333333333333,0.0,0.0,0.3333333333333333,0.7886068896771578,1,3
163,1,117000.0,117000.0,0.0,163,0.04294478527607362,0.0,0.0,0.0,1.0,0.0,0.0,4,4
5,7,68500.0,9785.714285714286,5178.940873521204,175,0.28,0.42857142857142855,0.2857142857142857,0.0,0.0,0.2857142857142857,0.529234833790488,1,3
17,17,672500.0,39558.82352941176,19599.810548304078,155,0.767741935483871,0.17647058823529413,0.29411764705882354,0.058823529411764705,0.35294117647058826,0.11764705882352941,0.49545989490136705,0,2
114,1,313500.0,313500.0,0.0,114,0.06140350877192983,1.0,0.0,0.0,0.0,0.0,0.0,1,3
7,12,8226000.0,685500.0,480361.2750268849,165,0.509090909090909,0.0,0.5,0.16666666666666666,0.08333333333333333,0.25,0.7007458424899853,5,0
10,17,12857000.0,756294.1176470588,492085.3603169223,170,0.7000000000000001,0.11764705882352941,0.5882352941176471,0.058823529411764705,0.11764705882352941,0.11764705882352941,0.6506534281237987,5,0
79,3,818000.0,272666.6666666667,249545.75398778744,151,0.1390728476821192,0.3333333333333333,0.3333333333333333,0.0,0.3333333333333333,0.0,0.9152044767278267,4,5
5,5,44500.0,8900.0,2924.038303442689,125,0.27999999999999997,0.6,0.0,0.0,0.0,0.4,0.32854362960030215,1,3
11,14,1148000.0,82000.0,32595.42204760568,181,0.5414364640883977,0.0,0.07142857142857142,0.7142857142857143,0.07142857142857142,0.14285714285714285,0.3975051469220205,3,1
5,22,17928500.0,814931.8181818182,441644.06848174497,153,1.0065359477124183,0.045454545454545456,0.4090909090909091,0.0,0.2727272727272727,0.2727272727272727,0.5419399005270038,5,0
5,22,17851500.0,811431.8181818182,724238.7349002194,175,0.88,0.09090909090909091,0.5909090909090909,0.045454545454545456,0.09090909090909091,0.18181818181818182,0.8925441653533218,5,0
166,1,12500.0,12500.0,0.0,166,0.04216867469879518,0.0,1.0,0.0,0.0,0.0,0.0,2,6
12,2,31500.0,15750.0,353.5533905932738,23,0.6086956521739131,0.0,0.0,0.0,0.5,0.5,0.022447834323382463,4,5
50,4,84500.0,21125.0,8410.063416328481,147,0.19047619047619047,0.0,0.0,0.0,0.25,0.75,0.39810951083211743,6,5
34,15,723500.0,48233.333333333336,28866.606180515097,170,0.6176470588235294,0.06666666666666667,0.13333333333333333,0.13333333333333333,0.26666666666666666,0.4,0.59847835896023,0,2
5,12,589000.0,49083.333333333336,23384.953722555467,152,0.5526315789473684,0.08333333333333333,0.16666666666666666,0.08333333333333333,0.4166666666666667,0.25,0.47643369214034903,0,2
9,1,48500.0,48500.0,0.0,9,0.7777777777777777,0.0,0.0,0.0,1.0,0.0,0.0,4,4
56,2,46000.0,23000.0,9192.388155425118,178,0.07865168539325842,0.0,0.0,0.0,0.5,0.5,0.39966905023587473,4,5
1,5,39500.0,7900.0,2724.8853186877427,160,0.21875,0.2,0.0,0.2,0.4,0.2,0.34492219223895476,4,5
6,17,1825000.0,107352.94117647059,30415.23297722415,167,0.7125748502994012,0.17647058823529413,0.0,0.5294117647058824,0.23529411764705882,0.058823529411764705,0.2833199784179784,3,1
13,17,833000.0,49000.0,30119.034679086246,178,0.6685393258426967,0.17647058823529413,0.17647058823529413,0.0,0.35294117647058826,0.29411764705882354,0.6146741771242091,0,2
19,18,882500.0,49027.77777777778,36899.49474475634,183,0.6885245901639344,0.0,0.2777777777777778,0.0,0.3888888888888889,0.3333333333333333,0.7526242554171264,0,2
118,2,34500.0,17250.0,2474.8737341529163,173,0.08092485549132948,0.5,0.0,0.0,0.5,0.0,0.143470941110314,4,3
104,2,12500.0,6250.0,1767.7669529663688,176,0.07954545454545454,0.5,0.0,0.0,0.0,0.5,0.282842712474619,1,3
6,2,61000.0,30500.0,11313.70849898476,130,0.10769230769230768,0.0,0.0,0.0,0.0,1.0,0.3709412622617954,6,5
3,21,14017500.0,667500.0,520060.8858585695,177,0.8305084745762712,0.047619047619047616,0.6190476190476191,0.14285714285714285,0.19047619047619047,0.0,0.779117431997857,5,0
54,3,22500.0,7500.0,3774.917217635375,112,0.1875,0.0,0.0,0.3333333333333333,0.3333333333333333,0.3333333333333333,0.5033222956847166,4,5
32,5,34500.0,6900.0,894.4271909999159,152,0.23026315789473684,0.6,0.0,0.2,0.2,0.0,0.1296271291304226,1,3
30,2,38000.0,19000.0,5656.85424949238,137,0.1021897810218978,0.0,0.0,0.5,0.5,0.0,0.2977291710259148,4,5
11,27,1341000.0,49666.666666666664,30137.824432736707,172,1.0988372093023255,0.14814814814814814,0.2222222222222222,0.2222222222222222,0.25925925925925924,0.14814814814814814,0.6068018342161753,0,2
41,11,441500.0,40136.36363636364,29365.873824126968,180,0.42777777777777776,0.18181818181818182,0.18181818181818182,0.0,0.45454545454545453,0.18181818181818182,0.731652575459562,0,2
11,19,801000.0,42157.89473684211,24988.359863243742,183,0.726775956284153,0.15789473684210525,0.5263157894736842,0.0,0.10526315789473684,0.21052631578947367,0.5927326309633347,0,2
2,17,813500.0,47852.94117647059,27971.394263762104,181,0.6574585635359116,0.11764705882352941,0.23529411764705882,0.058823529411764705,0.35294117647058826,0.23529411764705882,0.5845282144855019,0,2
7,24,19491000.0,812125.0,503571.4458614155,166,1.0120481927710843,0.0,0.6666666666666666,0.125,0.20833333333333334,0.0,0.6200664255643102,5,0
71,1,13000.0,13000.0,0.0,71,0.09859154929577466,0.0,0.0,0.0,1.0,0.0,0.0,4,4
39,12,7947000.0,662250.0,531877.2286567986,176,0.4772727272727273,0.0,0.4166666666666667,0.08333333333333333,0.3333333333333333,0.16666666666666666,0.8031366231133237,5,0
9,22,4206514.274805808,191205.19430935493,353785.67850825127,181,0.8508287292817679,0.045454545454545456,0.045454545454545456,0.6363636363636364,0.09090909090909091,0.18181818181818182,1.8502932401295225,3,0
116,1,15000.0,15000.0,0.0,116,0.06034482758620689,1.0,0.0,0.0,0.0,0.0,0.0,1,3
148,1,269000.0,269000.0,0.0,148,0.0472972972972973,1.0,0.0,0.0,0.0,0.0,0.0,1,3
4,15,1352500.0,90166.66666666667,43567.54471370808,181,0.580110497237569,0.06666666666666667,0.0,0.7333333333333333,0.13333333333333333,0.06666666666666667,0.48318903564186405,3,1
90,3,371000.0,123666.66666666667,122399.27832031254,149,0.14093959731543626,0.0,0.3333333333333333,0.0,0.0,0.6666666666666666,0.9897515767141176,6,5
12,4,37000.0,9250.0,6538.34841531101,96,0.2916666666666667,1.0,0.0,0.0,0.0,0.0,0.70684847733092,1,3
46,2,38000.0,19000.0,1414.213562373095,66,0.21212121212121213,0.0,0.0,0.5,0.0,0.5,0.0744322927564787,6,5
7,17,784000.0,46117.64705882353,29849.900236309786,172,0.6918604651162791,0.058823529411764705,0.23529411764705882,0.17647058823529413,0.23529411764705882,0.29411764705882354,0.6472554898179418,0,2
102,3,99000.0,33000.0,5766.2812973353975,159,0.1320754716981132,0.0,0.0,0.0,1.0,0.0,0.17473579688895144,4,4
62,5,72000.0,14400.0,3398.5290935932862,117,0.29914529914529914,0.0,0.0,0.0,0.8,0.2,0.2360089648328671,4,5
38,3,17500.0,5833.333333333333,763.7626158259734,165,0.12727272727272726,0.6666666666666666,0.0,0.0,0.3333333333333333,0.0,0.13093073414159545,1,3
22,5,81000.0,16200.0,6638.900511379878,166,0.2108433734939759,0.2,0.0,0.0,0.4,0.4,0.40980867354196776,4,3
158,1,179500.0,179500.0,0.0,158,0.04430379746835443,1.0,0.0,0.0,0.0,0.0,0.0,1,3
1,17,11398000.0,670470.5882352941,480888.1259772197,174,0.6839080459770115,0.0,0.35294117647058826,0.17647058823529413,0.17647058823529413,0.29411764705882354,0.7172397035982396,5,0
5,23,1094500.0,47586.95652173913,43465.412627302416,178,0.904494382022472,0.043478260869565216,0.21739130434782608,0.21739130434782608,0.4782608695652174,0.043478260869565216,0.9133892100757931,0,2
46,2,43000.0,21500.0,9899.494936611665,84,0.16666666666666666,0.0,0.5,0.0,0.0,0.5,0.4604416249586821,2,5
12,20,1852000.0,92600.0,42443.64684961386,177,0.7909604519774012,0.1,0.05,0.6,0.05,0.2,0.45835471759842183,3,1
11,17,2086500.0,122735.29411764706,43920.78012137977,183,0.6502732240437159,0.0,0.058823529411764705,0.7058823529411765,0.11764705882352941,0.11764705882352941,0.3578496343462526,3,1
110,1,8000.0,8000.0,0.0,110,0.06363636363636364,0.0,1.0,0.0,0.0,0.0,0.0,2,6
45,2,83500.0,41750.0,11667.261889578034,138,0.10144927536231883,0.0,0.0,0.0,0.5,0.5,0.2794553746006715,4,5
2,23,2276500.0,98978.26086956522,32014.371155378147,181,0.8895027624309392,0.08695652173913043,0.08695652173913043,0.6956521739130435,0.08695652173913043,0.043478260869565216,0.3234485115632319,3,1
11,20,769000.0,38450.0,24558.683746659168,175,0.8,0.15,0.2,0.1,0.2,0.35,0.6387173926309276,0,2
36,2,12500.0,6250.0,353.5533905932738,142,0.09859154929577466,0.5,0.0,0.5,0.0,0.0,0.0565685424949238,1,3
9,21,860000.0,40952.380952380954,24082.62068479299,176,0.8352272727272727,0.09523809523809523,0.38095238095238093,0.047619047619047616,0.3333333333333333,0.14285714285714285,0.5880639934658753,0,2
5,19,681000.0,35842.10526315789,15165.799088353506,179,0.7430167597765363,0.3157894736842105,0.2631578947368421,0.10526315789473684,0.3157894736842105,0.0,0.42312802155464996,0,2
3,22,14310500.0,650477.2727272727,465278.4490744872,170,0.9058823529411765,0.13636363636363635,0.45454545454545453,0.045454545454545456,0.09090909090909091,0.2727272727272727,0.7152877872638076,5,0
14,14,11966500.0,854750.0,538212.6313442128,171,0.5730994152046784,0.07142857142857142,0.5,0.0,0.21428571428571427,0.21428571428571427,0.6296725724998102,5,0
3,18,16862500.0,936805.5555555555,758141.5772425298,178,0.7078651685393259,0.05555555555555555,0.6666666666666666,0.1111111111111111,0.1111111111111111,0.05555555555555555,0.8092838185539236,5,0
57,1,17500.0,17500.0,0.0,57,0.12280701754385966,0.0,0.0,0.0,0.0,1.0,0.0,6,6
14,3,24000.0,8000.0,500.0,103,0.2038834951456311,0.6666666666666666,0.0,0.0,0.0,0.3333333333333333,0.0625,1,3
10,17,11186500.0,658029.4117647059,465550.529970574,173,0.6878612716763005,0.11764705882352941,0.5294117647058824,0.17647058823529413,0.17647058823529413,0.0,0.7074919777857023,5,0
28,17,11098000.0,652823.5294117647,403799.8011536963,175,0.68,0.11764705882352941,0.35294117647058826,0.11764705882352941,0.11764705882352941,0.29411764705882354,0.6185435771862351,5,0
42,4,72500.0,18125.0,5218.157401484424,142,0.1971830985915493,0.0,0.25,0.0,0.0,0.75,0.2878983393922441,6,5
19,24,1022500.0,42604.166666666664,26367.3790418432,182,0.9230769230769231,0.041666666666666664,0.16666666666666666,0.0,0.5,0.2916666666666667,0.6188920264100116,0,2
1,20,16153000.0,807650.0,523815.0562535356,183,0.7650273224043715,0.2,0.4,0.15,0.0,0.25,0.648566899341962,5,0
57,2,35000.0,17500.0,4242.640687119285,91,0.15384615384615385,0.0,0.0,0.0,0.0,1.0,0.24243661069253056,6,5
2,13,1485500.0,114269.23076923077,42829.90358412731,171,0.5321637426900585,0.15384615384615385,0.15384615384615385,0.5384615384615384,0.0,0.15384615384615385,0.3748157163201986,3,1
11,20,842500.0,42125.0,21297.315743885116,179,0.7821229050279329,0.05,0.2,0.1,0.35,0.3,0.505574260982436,0,2
34,2,20000.0,10000.0,2121.3203435596424,113,0.12389380530973451,1.0,0.0,0.0,0.0,0.0,0.21213203435596426,1,3
1,15,19343118.329478808,1289541.2219652538,2620027.100595594,181,0.580110497237569,0.13333333333333333,0.6,0.06666666666666667,0.0,0.2,2.031751336031497,5,0
167,1,49500.0,49500.0,0.0,167,0.041916167664670656,0.0,0.0,0.0,0.0,1.0,0.0,6,6
31,18,18718000.0,1039888.8888888889,938841.9580644136,183,0.6885245901639344,0.1111111111111111,0.5555555555555556,0.0,0.1111111111111111,0.2222222222222222,0.9028291080863043,5,0
5,15,674000.0,44933.333333333336,16953.578074371482,183,0.5737704918032787,0.06666666666666667,0.4,0.13333333333333333,0.26666666666666666,0.13333333333333333,0.37730515002310416,0,2
152,1,1004476.4982768605,1004476.4982768605,0.0,152,0.046052631578947366,0.0,1.0,0.0,0.0,0.0,0.0,2,6
33,15,1722500.0,114833.33333333333,57285.20959283677,183,0.5737704918032787,0.06666666666666667,0.0,0.8,0.06666666666666667,0.06666666666666667,0.49885523593181513,3,1
179,1,436000.0,436000.0,0.0,179,0.03910614525139665,0.0,0.0,1.0,0.0,0.0,0.0,2,6
92,4,77000.0,19250.0,14947.1290442903,177,0.15819209039548024,0.25,0.0,0.0,0.25,0.5,0.7764742360670285,4,3
13,24,2584500.0,107687.5,58246.06956323504,177,0.9491525423728814,0.0,0.041666666666666664,0.6666666666666666,0.16666666666666666,0.125,0.5408805066812308,3,1
35,3,866000.0,288666.6666666667,173480.7866402886,165,0.12727272727272726,0.0,0.0,0.0,0.6666666666666666,0.3333333333333333,0.6009727019871429,4,5
6,13,2343455.919126412,180265.8399328009,264282.3430028043,165,0.5515151515151515,0.0,0.0,0.8461538461538461,0.15384615384615385,0.0,1.4660700169334517,3,0
55,1,9000.0,9000.0,0.0,55,0.1272727272727273,0.0,0.0,0.0,1.0,0.0,0.0,4,4
8,14,1662500.0,118750.0,39641.542894757804,171,0.5730994152046784,0.07142857142857142,0.07142857142857142,0.7857142857142857,0.07142857142857142,0.0,0.3338235191137499,3,1
10,12,1540500.0,128375.0,51837.65084814845,156,0.5384615384615384,0.0,0.08333333333333333,0.8333333333333334,0.0,0.08333333333333333,0.4037986434130356,3,1
23,5,39000.0,7800.0,3213.2538026119255,158,0.22151898734177214,0.4,0.0,0.0,0.4,0.2,0.41195561571947764,4,3
171,1,12000.0,12000.0,0.0,171,0.04093567251461989,0.0,0.0,0.0,0.0,1.0,0.0,6,6
10,2,49000.0,24500.0,8485.28137423857,68,0.2058823529411765,0.0,0.0,0.0,0.5,0.5,0.34633801527504365,4,5
171,1,59500.0,59500.0,0.0,171,0.04093567251461989,0.0,0.0,0.0,0.0,1.0,0.0,6,6
7,21,15790000.0,751904.7619047619,527415.4107306597,172,0.8546511627906976,0.14285714285714285,0.5714285714285714,0.14285714285714285,0.047619047619047616,0.09523809523809523,0.7014391149679452,5,0
17,15,1632000.0,108800.0,40708.370497619144,166,0.6325301204819277,0.0,0.13333333333333333,0.6,0.06666666666666667,0.2,0.3741578170737054,3,1
11,18,30092325.27295956,1671795.8484977533,4163327.249936759,182,0.6923076923076923,0.0,0.7222222222222222,0.0,0.16666666666666666,0.1111111111111111,2.4903323295591697,5,0
105,2,190589.63644521587,95294.81822260794,107190.05988801554,181,0.07734806629834254,0.0,0.0,0.0,0.5,0.5,1.124825692385712,4,5
5,20,2156500.0,107825.0,36565.8292456366,171,0.8187134502923977,0.1,0.1,0.65,0.05,0.1,0.3391219962498178,3,1
15,20,727000.0,36350.0,17184.831132502626,176,0.7954545454545455,0.15,0.2,0.05,0.4,0.2,0.472760141196771,0,2
5,20,938500.0,46925.0,26800.07609965629,181,0.7734806629834254,0.1,0.2,0.25,0.2,0.25,0.5711257559862821,0,2
1,12,1106500.0,92208.33333333333,40223.49965185059,174,0.48275862068965514,0.08333333333333333,0.08333333333333333,0.4166666666666667,0.3333333333333333,0.08333333333333333,0.4362241263643986,3,1
4,16,1797000.0,112312.5,46972.64274731268,174,0.6436781609195402,0.0,0.0,0.9375,0.0,0.0625,0.4182316549565959,3,1
2,2,746000.0,373000.0,334461.507501237,16,0.875,1.0,0.0,0.0,0.0,0.0,0.8966796447754343,1,3
69,4,102000.0,25500.0,13589.211407093006,129,0.2170542635658915,0.0,0.0,0.0,1.0,0.0,0.5329102512585493,4,4
5,22,996500.0,45295.454545454544,28802.554074458767,173,0.8901734104046243,0.18181818181818182,0.22727272727272727,0.3181818181818182,0.13636363636363635,0.13636363636363635,0.6358817758535804,0,2
87,2,17000.0,8500.0,1414.213562373095,116,0.12068965517241378,0.5,0.0,0.0,0.5,0.0,0.1663780661615406,4,3
2,23,750000.0,32608.695652173912,33833.13213463285,174,0.9252873563218391,0.13043478260869565,0.34782608695652173,0.08695652173913043,0.17391304347826086,0.2608695652173913,1.037549385462074,0,2
10,13,534500.0,41115.38461538462,11622.811346216697,151,0.6026490066225165,0.15384615384615385,0.23076923076923078,0.38461538461538464,0.23076923076923078,0.0,0.28268764733548557,3,1
67,3,39500.0,13166.666666666666,4804.511768466525,114,0.1842105263157895,0.3333333333333333,0.0,0.3333333333333333,0.3333333333333333,0.0,0.36489962798479936,4,3
20,17,11220000.0,660000.0,402317.6217244281,179,0.6648044692737429,0.0,0.7647058823529411,0.0,0.11764705882352941,0.11764705882352941,0.6095721541279213,5,0
133,2,453000.0,226500.0,60104.07640085654,181,0.07734806629834254,0.5,0.5,0.0,0.0,0.0,0.26536016071018337,2,5
27,2,369500.0,184750.0,168644.9673129916,48,0.2916666666666667,0.0,0.0,0.5,0.5,0.0,0.9128279692178165,4,5
3,18,1863500.0,103527.77777777778,39821.835652958565,181,0.6961325966850829,0.1111111111111111,0.1111111111111111,0.5,0.1111111111111111,0.16666666666666666,0.3846488015847889,3,1
48,13,509000.0,39153.846153846156,18375.010901793383,181,0.5027624309392265,0.23076923076923078,0.46153846153846156,0.0,0.23076923076923078,0.07692307692307693,0.4693028324623064,0,2
4,2,16000.0,8000.0,707.1067811865476,130,0.10769230769230768,0.0,0.0,0.0,0.0,1.0,0.08838834764831845,6,5
1,23,17775500.0,772847.8260869565,460374.7592693718,179,0.8994413407821229,0.043478260869565216,0.5217391304347826,0.043478260869565216,0.13043478260869565,0.2608695652173913,0.5956861670949087,5,0
2,23,1099500.0,47804.34782608696,43099.97340497882,178,0.904494382022472,0.08695652173913043,0.30434782608695654,0.0,0.34782608695652173,0.2608695652173913,0.9015910762296614,0,2
105,2,35500.0,17750.0,10960.155108391487,123,0.11382113821138211,0.0,0.0,0.0,1.0,0.0,0.6174735272333233,4,4
30,2,56500.0,28250.0,17324.116139070415,52,0.2692307692307692,0.5,0.0,0.0,0.0,0.5,0.6132430491706341,1,3
8,19,751500.0,39552.63157894737,18763.805833484985,175,0.76,0.10526315789473684,0.42105263157894735,0.10526315789473684,0.15789473684210525,0.21052631578947367,0.47440094588983994,0,2
13,22,19706500.0,895750.0,661264.2247997391,174,0.8850574712643678,0.09090909090909091,0.6363636363636364,0.0,0.045454545454545456,0.22727272727272727,0.7382240857379169,5,0
29,9,869500.0,96611.11111111111,32482.473906879557,177,0.3559322033898305,0.0,0.0,0.8888888888888888,0.1111111111111111,0.0,0.3362188213478045,3,1
6,12,543500.0,45291.666666666664,25733.29849660069,175,0.48,0.0,0.6666666666666666,0.0,0.08333333333333333,0.25,0.5681685040647807,0,2
12,19,25186844.113738462,1325623.3744072875,2055426.6059618853,171,0.7777777777777778,0.05263157894736842,0.47368421052631576,0.15789473684210525,0.15789473684210525,0.15789473684210525,1.55053588043505,5,0
27,1,173500.0,173500.0,0.0,27,0.25925925925925924,0.0,0.0,1.0,0.0,0.0,0.0,2,6
6,23,2521500.0,109630.43478260869,69349.9389446058,164,0.9817073170731708,0.043478260869565216,0.043478260869565216,0.6956521739130435,0.043478260869565216,0.17391304347826086,0.6325792566829005,3,1
19,2,402500.0,201250.0,117733.27906756016,166,0.08433734939759036,0.5,0.0,0.5,0.0,0.0,0.5850100823232803,2,5
140,1,10500.0,10500.0,0.0,140,0.05,0.0,1.0,0.0,0.0,0.0,0.0,2,6
36,1,44500.0,44500.0,0.0,36,0.19444444444444442,0.0,0.0,1.0,0.0,0.0,0.0,2,6
30,4,76000.0,19000.0,10653.637876331259,174,0.16091954022988506,0.25,0.0,0.0,0.25,0.5,0.5607177829648031,6,3
86,2,26500.0,13250.0,6010.407640085654,181,0.07734806629834254,0.0,0.0,0.0,0.0,1.0,0.45361567094986066,6,5
21,19,673500.0,35447.36842105263,14377.736200306848,179,0.7430167597765363,0.10526315789473684,0.21052631578947367,0.10526315789473684,0.2631578947368421,0.3157894736842105,0.40560799971170025,0,2
12,21,14978000.0,713238.0952380953,482913.64701796375,183,0.8032786885245902,0.0,0.5238095238095238,0.09523809523809523,0.23809523809523808,0.14285714285714285,0.6770721449711069,5,0
1,2,13000.0,6500.0,3535.5339059327375,18,0.7777777777777777,0.0,0.0,0.0,0.0,1.0,0.5439282932204211,6,5
37,2,30500.0,15250.0,353.5533905932738,77,0.18181818181818182,0.0,0.5,0.0,0.5,0.0,0.023183828891362213,4,5
14,4,1080500.0,270125.0,255008.2923488306,160,0.175,0.0,0.5,0.0,0.5,0.0,0.9440381021705899,5,5
3,2,27500.0,13750.0,3181.9805153394636,151,0.09271523178807946,0.0,0.0,0.0,0.0,1.0,0.231416764751961,6,5
82,2,41000.0,20500.0,7071.067811865475,182,0.07692307692307693,0.0,0.0,0.0,0.5,0.5,0.34493013716416954,4,5
1,22,847500.0,38522.72727272727,19712.503448516938,182,0.8461538461538461,0.13636363636363635,0.18181818181818182,0.2727272727272727,0.2727272727272727,0.13636363636363635,0.511711003973301,0,2
2,2,33000.0,16500.0,9192.388155425118,164,0.08536585365853659,0.0,0.0,0.0,0.0,1.0,0.5571144336621284,6,5
5,3,46500.0,15500.0,8185.35277187245,107,0.19626168224299065,0.3333333333333333,0.3333333333333333,0.0,0.0,0.3333333333333333,0.5280872756046742,1,3
8,4,135146.039996365,33786.50999909125,43723.84633616625,150,0.18666666666666668,0.0,0.0,0.0,0.25,0.75,1.2941214211631293,0,5
14,2,17000.0,8500.0,1414.213562373095,142,0.09859154929577466,0.0,0.0,0.0,0.0,1.0,0.1663780661615406,6,5
52,2,178000.0,89000.0,55861.43571373726,137,0.1021897810218978,0.0,0.5,0.5,0.0,0.0,0.6276565810532276,2,5
87,3,19500.0,6500.0,2291.28784747792,143,0.14685314685314688,1.0,0.0,0.0,0.0,0.0,0.3525058226889108,1,3
5,23,13603500.0,591456.5217391305,298598.1608451048,181,0.8895027624309392,0.0,0.5217391304347826,0.08695652173913043,0.30434782608695654,0.08695652173913043,0.5048522585685602,5,0
6,15,1721000.0,114733.33333333333,61067.54652100605,179,0.5865921787709497,0.2,0.06666666666666667,0.6666666666666666,0.0,0.06666666666666667,0.5322563613103375,3,1
57,2,275500.0,137750.0,102884.03666264267,160,0.0875,0.0,0.5,0.5,0.0,0.0,0.7468895583494931,2,5
117,2,15000.0,7500.0,0.0,182,0.07692307692307693,1.0,0.0,0.0,0.0,0.0,0.0,1,3
18,26,2896000.0,111384.61538461539,39120.40584971166,169,1.0769230769230769,0.15384615384615385,0.038461538461538464,0.6538461538461539,0.11538461538461539,0.038461538461538464,0.35121911329161015,3,1
175,1,215000.0,215000.0,0.0,175,0.04,0.0,0.0,0.0,0.0,1.0,0.0,6,6
52,3,20500.0,6833.333333333333,3403.4296427770228,153,0.1372549019607843,1.0,0.0,0.0,0.0,0.0,0.49806287455273507,1,3
178,1,173500.0,173500.0,0.0,178,0.03932584269662921,1.0,0.0,0.0,0.0,0.0,0.0,1,3
1,20,11551000.0,577550.0,363218.97484053683,176,0.7954545454545455,0.1,0.6,0.05,0.1,0.15,0.6288961559008516,5,0
14,10,370500.0,37050.0,14900.503347202737,161,0.43478260869565216,0.1,0.3,0.0,0.4,0.2,0.4021728298840145,0,2
30,12,633500.0,52791.666666666664,52039.95769569473,183,0.45901639344262296,0.0,0.25,0.0,0.5833333333333334,0.16666666666666666,0.9857608403288662,0,2
5,16,13496500.0,843531.25,389422.7980293398,183,0.6120218579234973,0.0625,0.625,0.0625,0.25,0.0,0.46165782006219663,5,0
4,23,20756000.0,902434.7826086957,538727.758544227,179,0.8994413407821229,0.043478260869565216,0.6086956521739131,0.0,0.08695652173913043,0.2608695652173913,0.5969714032818086,5,0
125,2,34000.0,17000.0,2828.42712474619,140,0.1,0.0,0.0,0.0,1.0,0.0,0.1663780661615406,4,4
17,25,24548123.0560847,981924.922243388,1979927.653747191,177,0.9887005649717514,0.04,0.52,0.08,0.12,0.24,2.0163737663605503,5,0
5,21,15422000.0,734380.9523809524,668790.5857733403,182,0.8076923076923077,0.047619047619047616,0.5238095238095238,0.047619047619047616,0.14285714285714285,0.23809523809523808,0.9106861821579656,5,0
96,3,415500.0,138500.0,131712.75564652044,182,0.11538461538461539,0.0,0.3333333333333333,0.0,0.3333333333333333,0.3333333333333333,0.9509946256066458,4,5
4,19,827000.0,43526.31578947369,31689.23480204565,165,0.806060606060606,0.15789473684210525,0.3157894736842105,0.05263157894736842,0.2631578947368421,0.21052631578947367,0.7280477161292228,0,2
1,7,116000.0,16571.428571428572,7032.23868710249,176,0.27840909090909094,0.2857142857142857,0.0,0.14285714285714285,0.42857142857142855,0.14285714285714285,0.4243592311182537,0,5
3,1,429500.0,429500.0,0.0,3,2.3333333333333335,0.0,0.0,0.0,0.0,1.0,0.0,6,6
72,2,768000.0,384000.0,332340.1871576773,83,0.1686746987951807,0.5,0.0,0.5,0.0,0.0,0.8654692373897847,2,5
3,4,19000.0,4750.0,645.4972243679028,131,0.21374045801526717,0.75,0.0,0.0,0.0,0.25,0.13589415249850587,1,3
8,2,268500.0,134250.0,84499.26035179243,136,0.10294117647058824,1.0,0.0,0.0,0.0,0.0,0.6294172093243384,1,3
2,1,40500.0,40500.0,0.0,2,3.5,1.0,0.0,0.0,0.0,0.0,0.0,1,3
123,1,29500.0,29500.0,0.0,123,0.056910569105691054,0.0,0.0,0.0,0.0,1.0,0.0,6,6
93,1,11500.0,11500.0,0.0,93,0.07526881720430108,1.0,0.0,0.0,0.0,0.0,0.0,1,3
1,1,22000.0,22000.0,0.0,1,7.0,1.0,0.0,0.0,0.0,0.0,0.0,1,3
6,19,2685500.0,141342.1052631579,95020.61949206062,178,0.7471910112359551,0.05263157894736842,0.0,0.631578947368421,0.21052631578947367,0.10526315789473684,0.6722739789049159,3,1
97,6,45000.0,7500.0,2000.0,179,0.23463687150837986,0.8333333333333334,0.16666666666666666,0.0,0.0,0.0,0.26666666666666666,1,3
33,4,113500.0,28375.0,12519.15199471061,166,0.1686746987951807,0.0,0.0,0.0,0.5,0.5,0.44120359452724617,4,5
22,10,9169000.0,916900.0,854122.1549377791,175,0.4,0.1,0.4,0.0,0.3,0.2,0.9315325062032709,5,0
36,1,31000.0,31000.0,0.0,36,0.19444444444444442,0.0,1.0,0.0,0.0,0.0,0.0,2,6
8,13,628000.0,48307.692307692305,19478.1271147263,167,0.5449101796407185,0.15384615384615385,0.23076923076923078,0.07692307692307693,0.38461538461538464,0.15384615384615385,0.40320963772522594,0,2
10,19,960000.0,50526.31578947369,23881.928130451906,182,0.7307692307692307,0.05263157894736842,0.3157894736842105,0.10526315789473684,0.2631578947368421,0.2631578947368421,0.47266316091519395,0,2
20,17,919000.0,54058.82352941176,37924.63016997545,169,0.7041420118343196,0.058823529411764705,0.17647058823529413,0.0,0.4117647058823529,0.35294117647058826,0.7015437572247907,0,2
3,3,16000.0,5333.333333333333,1040.8329997330663,121,0.17355371900826447,0.6666666666666666,0.0,0.0,0.0,0.3333333333333333,0.19515618744994995,1,3
132,3,73500.0,24500.0,15787.653403846944,178,0.11797752808988765,0.0,0.3333333333333333,0.0,0.0,0.6666666666666666,0.6443940164835488,6,5
76,4,523500.0,130875.0,82911.97641675979,178,0.15730337078651685,0.0,0.5,0.25,0.25,0.0,0.6335203546648313,2,5
8,16,1706500.0,106656.25,39089.947023925895,171,0.6549707602339182,0.125,0.0,0.75,0.125,0.0,0.3665040447599264,3,1
35,21,1037500.0,49404.76190476191,35247.914494200595,181,0.8121546961325967,0.09523809523809523,0.3333333333333333,0.0,0.38095238095238093,0.19047619047619047,0.7134517632561084,0,2
10,17,648000.0,38117.64705882353,17295.708835362806,172,0.6918604651162791,0.23529411764705882,0.4117647058823529,0.058823529411764705,0.058823529411764705,0.23529411764705882,0.45374544784130816,0,2
73,2,326500.0,163250.0,4596.194077712559,79,0.17721518987341772,0.0,0.5,0.5,0.0,0.0,0.028154328194257637,2,5
67,1,23000.0,23000.0,0.0,67,0.1044776119402985,0.0,0.0,0.0,0.0,1.0,0.0,6,6
29,3,30000.0,10000.0,1802.7756377319947,176,0.11931818181818182,1.0,0.0,0.0,0.0,0.0,0.18027756377319948,1,3
18,14,514500.0,36750.0,16694.943960557455,169,0.5798816568047337,0.2857142857142857,0.0,0.21428571428571427,0.5,0.0,0.454284189402924,0,2
11,19,2105000.0,110789.47368421052,51407.769567739706,180,0.7388888888888888,0.05263157894736842,0.05263157894736842,0.8421052631578947,0.05263157894736842,0.0,0.4640131219890995,3,1
52,2,473500.0,236750.0,241476.965775206,78,0.1794871794871795,0.5,0.0,0.0,0.0,0.5,1.0199660645204054,1,5
6,2,114500.0,57250.0,44901.28060534577,129,0.10852713178294575,0.0,0.5,0.0,0.0,0.5,0.7843018446348605,2,5
29,4,75000.0,18750.0,10851.267207105353,141,0.19858156028368795,0.25,0.0,0.0,0.25,0.5,0.5787342510456188,6,3
29,4,37000.0,9250.0,4734.624237113931,125,0.224,0.5,0.0,0.0,0.5,0.0,0.5118512688771817,4,3
73,1,18000.0,18000.0,0.0,73,0.0958904109589041,0.0,0.0,0.0,0.0,1.0,0.0,6,6
36,2,35500.0,17750.0,4596.194077712559,147,0.09523809523809523,0.0,0.0,0.0,0.5,0.5,0.25894051142042585,4,5
119,3,45500.0,15166.666666666666,4072.263907623539,153,0.1372549019607843,0.0,0.0,0.0,0.3333333333333333,0.6666666666666666,0.2685009169861674,6,5
70,3,66500.0,22166.666666666668,6291.528696058958,164,0.12804878048780488,0.0,0.0,0.0,0.3333333333333333,0.6666666666666666,0.28382836222822366,6,5
9,2,166500.0,83250.0,9545.941546018392,35,0.4,0.0,0.0,0.0,0.5,0.5,0.11466596451673744,4,5
95,3,981500.0,327166.6666666667,421830.0408142281,183,0.11475409836065574,0.0,0.0,0.3333333333333333,0.6666666666666666,0.0,1.2893429673384456,4,5
9,1,12000.0,12000.0,0.0,9,0.7777777777777777,0.0,0.0,0.0,0.0,1.0,0.0,6,6
4,2,557000.0,278500.0,301934.5955666558,77,0.18181818181818182,0.0,0.0,0.0,1.0,0.0,1.0841457650508288,4,4
150,1,12500.0,12500.0,0.0,150,0.04666666666666667,0.0,0.0,0.0,1.0,0.0,0.0,4,4
12,21,617500.0,29404.761904761905,15541.572513438792,183,0.8032786885245902,0.09523809523809523,0.19047619047619047,0.14285714285714285,0.42857142857142855,0.14285714285714285,0.5285393081493355,0,2
13,16,16935000.0,1058437.5,732180.4166324035,179,0.6256983240223464,0.0625,0.375,0.125,0.3125,0.125,0.6917559295021232,5,0
95,1,6500.0,6500.0,0.0,95,0.0736842105263158,1.0,0.0,0.0,0.0,0.0,0.0,1,3
8,11,468000.0,42545.454545454544,23208.24696681607,166,0.463855421686747,0.09090909090909091,0.36363636363636365,0.0,0.5454545454545454,0.0,0.5454929842627709,0,2
44,3,50500.0,16833.333333333332,3013.856886670854,171,0.12280701754385966,0.0,0.3333333333333333,0.0,0.3333333333333333,0.3333333333333333,0.17904100316856558,4,5
2,19,13335500.0,701868.4210526316,340832.83790123987,181,0.7348066298342542,0.05263157894736842,0.42105263157894735,0.10526315789473684,0.10526315789473684,0.3157894736842105,0.48560788272832345,5,0
116,1,37000.0,37000.0,0.0,116,0.06034482758620689,0.0,0.0,0.0,0.0,1.0,0.0,6,6
4,18,596000.0,33111.11111111111,18663.077386013803,181,0.6961325966850829,0.05555555555555555,0.2777777777777778,0.16666666666666666,0.2777777777777778,0.2222222222222222,0.5636499881682021,0,2
106,1,20500.0,20500.0,0.0,106,0.0660377358490566,1.0,0.0,0.0,0.0,0.0,0.0,1,3
8,15,1814000.0,120933.33333333333,42650.51777724002,182,0.5769230769230769,0.0,0.06666666666666667,0.6,0.2,0.13333333333333333,0.3526779309033078,3,1
3,2,25500.0,12750.0,2474.8737341529163,45,0.3111111111111111,0.5,0.0,0.0,0.0,0.5,0.1941077438551307,1,3
11,16,664500.0,41531.25,26110.32283089072,171,0.6549707602339182,0.1875,0.25,0.0,0.1875,0.375,0.6286909936708074,0,2
14,20,1108000.0,55400.0,55190.960358224955,155,0.9032258064516129,0.05,0.45,0.15,0.1,0.25,0.9962267212675985,0,2
40,3,40500.0,13500.0,5074.4457825461095,146,0.14383561643835616,0.0,0.0,0.3333333333333333,0.3333333333333333,0.3333333333333333,0.3758848727811933,4,5
4,20,15356000.0,767800.0,429476.1925881341,180,0.7777777777777778,0.0,0.7,0.0,0.25,0.05,0.5593594589582367,5,0
10,2,169000.0,84500.0,19798.98987322333,75,0.18666666666666668,0.5,0.0,0.5,0.0,0.0,0.23430757246418144,1,5
35,11,1234000.0,112181.81818181818,42330.41030233036,180,0.42777777777777776,0.0,0.18181818181818182,0.7272727272727273,0.0,0.09090909090909091,0.37733753105805024,3,1
7,17,1929000.0,113470.58823529411,38145.06463334874,181,0.6574585635359116,0.0,0.29411764705882354,0.7058823529411765,0.0,0.0,0.33616697706942905,3,1
42,3,24500.0,8166.666666666667,4645.786621588784,118,0.17796610169491525,1.0,0.0,0.0,0.0,0.0,0.5688718312149532,1,3
43,2,41000.0,20500.0,11313.70849898476,70,0.2,0.0,0.0,0.0,0.0,1.0,0.5518882194626713,6,5
6,2,34500.0,17250.0,5303.300858899106,134,0.1044776119402985,0.5,0.5,0.0,0.0,0.0,0.30743773095067284,1,3
13,5,35500.0,7100.0,2534.758371127315,154,0.22727272727272727,0.6,0.0,0.0,0.2,0.2,0.35700822128553733,1,3
158,1,14000.0,14000.0,0.0,158,0.04430379746835443,0.0,0.0,0.0,0.0,1.0,0.0,6,6
2,15,1655000.0,110333.33333333333,49872.57572578149,150,0.7000000000000001,0.06666666666666667,0.06666666666666667,0.8,0.06666666666666667,0.0,0.45201730265058754,3,1
90,3,700500.0,233500.0,64134.62403413619,160,0.13125,0.0,0.3333333333333333,0.0,0.6666666666666666,0.0,0.27466648408623634,4,5
5,15,707500.0,47166.666666666664,25019.754100272356,180,0.5833333333333333,0.13333333333333333,0.2,0.13333333333333333,0.3333333333333333,0.2,0.5304541505358097,0,2
7,22,15306000.0,695727.2727272727,471422.612122901,183,0.8415300546448088,0.09090909090909091,0.5909090909090909,0.09090909090909091,0.09090909090909091,0.13636363636363635,0.6775968552661585,5,0
47,3,63500.0,21166.666666666668,11094.29282709508,173,0.12138728323699421,1.0,0.0,0.0,0.0,0.0,0.5241398186029171,1,3
1,20,788000.0,39400.0,26553.124506404733,183,0.7650273224043715,0.05,0.35,0.0,0.35,0.25,0.6739371702133181,0,2
4,20,14071000.0,703550.0,543321.0231626661,179,0.7821229050279329,0.0,0.6,0.1,0.2,0.1,0.7722564468234896,5,0
66,2,19500.0,9750.0,1767.7669529663688,100,0.13999999999999999,0.0,0.0,0.0,1.0,0.0,0.18130943107347372,4,4
13,3,500500.0,166833.33333333334,165522.15360287376,171,0.12280701754385966,0.0,0.3333333333333333,0.0,0.6666666666666666,0.0,0.9921407808364061,4,5
15,2,28000.0,14000.0,5656.85424949238,148,0.0945945945945946,0.5,0.0,0.0,0.5,0.0,0.4040610178208843,4,3
1,2,464000.0,232000.0,124450.79348883237,167,0.08383233532934131,0.5,0.0,0.0,0.5,0.0,0.5364258340035878,4,5
26,3,37500.0,12500.0,8674.675786448735,167,0.12574850299401197,0.0,0.0,0.3333333333333333,0.0,0.6666666666666666,0.6939740629158988,6,5
58,2,25000.0,12500.0,4949.747468305833,165,0.08484848484848484,0.0,0.0,0.5,0.5,0.0,0.3959797974644666,4,5
29,2,51000.0,25500.0,17677.66952966369,144,0.09722222222222221,0.0,0.5,0.0,0.0,0.5,0.6932419423397526,2,5
9,16,831000.0,51937.5,34187.656154427044,180,0.6222222222222222,0.0625,0.25,0.0625,0.375,0.25,0.658246087209185,0,2
1,6,56000.0,9333.333333333334,3842.7420765212264,153,0.2745098039215686,0.6666666666666666,0.0,0.0,0.0,0.3333333333333333,0.4117223653415599,1,3
49,1,15000.0,15000.0,0.0,49,0.14285714285714285,0.0,0.0,0.0,0.0,1.0,0.0,6,6
86,2,33500.0,16750.0,6717.514421272202,104,0.1346153846153846,0.0,0.0,0.0,0.0,1.0,0.4010456370908777,6,5
47,2,191000.0,95500.0,38890.87296526011,129,0.10852713178294575,0.0,0.0,0.5,0.0,0.5,0.4072342718875404,2,5
87,3,35000.0,11666.666666666666,3818.8130791298663,170,0.12352941176470589,0.0,0.3333333333333333,0.0,0.3333333333333333,0.3333333333333333,0.32732683535398854,4,5
6,16,671500.0,41968.75,19081.813986096815,181,0.6187845303867403,0.0,0.375,0.0,0.25,0.375,0.4546671984773627,0,2
9,13,781500.0,60115.38461538462,28519.11190043869,153,0.5947712418300654,0.0,0.23076923076923078,0.15384615384615385,0.38461538461538464,0.23076923076923078,0.4744062120354484,0,2
6,20,2177000.0,108850.0,32264.16457603503,179,0.7821229050279329,0.0,0.0,0.7,0.1,0.2,0.2964094127334408,3,1
4,1,249500.0,249500.0,0.0,4,1.75,0.0,0.0,0.0,1.0,0.0,0.0,4,4
135,2,25500.0,12750.0,8131.727983645296,157,0.089171974522293,0.5,0.0,0.0,0.0,0.5,0.6377825869525723,1,3
109,2,17500.0,8750.0,3889.0872965260114,145,0.09655172413793103,0.5,0.0,0.0,0.5,0.0,0.44446711960297275,4,3
84,3,610000.0,203333.33333333334,210164.41976065628,137,0.1532846715328467,0.0,0.6666666666666666,0.3333333333333333,0.0,0.0,1.033595507019621,2,5
91,2,238000.0,119000.0,101823.37649086284,120,0.11666666666666667,0.0,0.0,0.5,0.0,0.5,0.8556586259736373,2,5
42,2,43000.0,21500.0,5656.85424949238,156,0.08974358974358974,0.5,0.0,0.0,0.0,0.5,0.26310949997638977,1,3
3,23,942500.0,40978.260869565216,18950.58062247312,179,0.8994413407821229,0.13043478260869565,0.30434782608695654,0.08695652173913043,0.30434782608695654,0.17391304347826086,0.4624544873388666,0,2
125,1,141000.0,141000.0,0.0,125,0.056,0.0,0.0,0.0,0.0,1.0,0.0,6,6
72,1,23000.0,23000.0,0.0,72,0.09722222222222221,1.0,0.0,0.0,0.0,0.0,0.0,1,3
8,21,2446000.0,116476.19047619047,42265.96627029725,171,0.8596491228070176,0.047619047619047616,0.0,0.7142857142857143,0.09523809523809523,0.14285714285714285,0.3628721552233206,3,1
1,4,934000.0,233500.0,82041.65608599898,175,0.16,0.25,0.0,0.25,0.25,0.25,0.3513561288479614,0,5
5,24,1288500.0,53687.5,34962.032978646996,171,0.9824561403508772,0.125,0.3333333333333333,0.08333333333333333,0.25,0.20833333333333334,0.6512136526872548,0,2
176,1,46500.0,46500.0,0.0,176,0.03977272727272727,0.0,1.0,0.0,0.0,0.0,0.0,2,6
44,3,17500.0,5833.333333333333,2516.6114784235833,183,0.11475409836065574,0.3333333333333333,0.0,0.3333333333333333,0.0,0.3333333333333333,0.4314191105869,1,3
6,19,1910000.0,100526.31578947368,43570.01826058913,174,0.764367816091954,0.05263157894736842,0.10526315789473684,0.631578947368421,0.10526315789473684,0.10526315789473684,0.4334190298173788,3,1
75,1,22000.0,22000.0,0.0,75,0.09333333333333334,1.0,0.0,0.0,0.0,0.0,0.0,1,3
35,1,364000.0,364000.0,0.0,35,0.2,0.0,1.0,0.0,0.0,0.0,0.0,2,6
1,13,9088500.0,699115.3846153846,593910.8783397189,183,0.4972677595628415,0.07692307692307693,0.5384615384615384,0.07692307692307693,0.15384615384615385,0.15384615384615385,0.8495176782105238,5,0
12,25,3031500.0,121260.0,43535.933434348226,183,0.9562841530054645,0.08,0.2,0.6,0.0,0.12,0.35902963412789235,3,1
5,1,651500.0,651500.0,0.0,5,1.4,0.0,0.0,1.0,0.0,0.0,0.0,3,6
15,16,1784500.0,111531.25,37675.575089616534,179,0.6256983240223464,0.0,0.125,0.6875,0.125,0.0625,0.337802858746912,3,1
68,1,22000.0,22000.0,0.0,68,0.10294117647058824,0.0,0.0,0.0,0.0,1.0,0.0,6,6
19,13,580000.0,44615.38461538462,31996.193683880745,182,0.5,0.07692307692307693,0.3076923076923077,0.0,0.3076923076923077,0.3076923076923077,0.7171560653283615,0,2
173,2,19500.0,9750.0,3181.9805153394636,175,0.08,0.0,0.0,0.0,0.0,1.0,0.32635697593225266,6,5
10,23,15911500.0,691804.3478260869,357375.2719204802,172,0.936046511627907,0.043478260869565216,0.43478260869565216,0.17391304347826086,0.17391304347826086,0.17391304347826086,0.5165843103523265,5,0
12,18,19060178.540592723,1058898.8078107068,1428588.953967437,179,0.7039106145251396,0.16666666666666666,0.4444444444444444,0.1111111111111111,0.05555555555555555,0.2222222222222222,1.3491269830788377,5,0
3,23,15367500.0,668152.1739130435,439437.1253707977,182,0.8846153846153846,0.0,0.5217391304347826,0.08695652173913043,0.21739130434782608,0.17391304347826086,0.6576901827576604,5,0
61,4,74000.0,18500.0,5901.977069875258,183,0.15300546448087432,0.25,0.25,0.25,0.0,0.25,0.3190257875608248,2,3
56,2,674000.0,337000.0,141421.35623730952,164,0.08536585365853659,0.0,0.0,0.0,0.0,1.0,0.41964794135700156,6,5
84,4,36000.0,9000.0,3535.5339059327375,154,0.18181818181818182,0.75,0.0,0.0,0.0,0.25,0.3928371006591931,1,3
17,4,62500.0,15625.0,7476.351605785627,156,0.1794871794871795,0.0,0.25,0.25,0.0,0.5,0.4784865027702801,6,3
22,17,1687000.0,99235.29411764706,46798.476753742616,178,0.6685393258426967,0.058823529411764705,0.17647058823529413,0.5294117647058824,0.058823529411764705,0.17647058823529413,0.4715910520531265,3,1
26,8,817000.0,102125.0,35285.31665478675,176,0.3181818181818182,0.125,0.125,0.5,0.0,0.25,0.34551105659521913,3,1
18,15,10309000.0,687266.6666666666,480145.69465448515,169,0.6213017751479291,0.13333333333333333,0.5333333333333333,0.13333333333333333,0.13333333333333333,0.06666666666666667,0.6986308487551923,5,0
15,16,976500.0,61031.25,40635.152577540546,180,0.6222222222222222,0.0625,0.375,0.0625,0.3125,0.1875,0.6658089516033269,0,2
44,1,321500.0,321500.0,0.0,44,0.1590909090909091,0.0,1.0,0.0,0.0,0.0,0.0,2,6
106,2,19000.0,9500.0,7778.174593052023,167,0.08383233532934131,0.5,0.0,0.0,0.5,0.0,0.8187552203212656,4,3
2,19,1925000.0,101315.78947368421,40778.606362185856,183,0.726775956284153,0.0,0.3157894736842105,0.6842105263157895,0.0,0.0,0.4024901407176786,3,1
60,2,16500.0,8250.0,2474.8737341529163,117,0.11965811965811965,1.0,0.0,0.0,0.0,0.0,0.29998469504883835,1,3
33,2,12000.0,6000.0,1414.213562373095,81,0.1728395061728395,0.0,0.0,0.0,1.0,0.0,0.23570226039551584,4,4
109,1,24500.0,24500.0,0.0,109,0.06422018348623854,0.0,0.0,0.0,1.0,0.0,0.0,4,4
2,20,2168000.0,108400.0,59671.601285703735,180,0.7777777777777778,0.1,0.15,0.5,0.05,0.2,0.5504760266208831,3,1
13,16,10243500.0,640218.75,273346.7863813292,165,0.6787878787878787,0.0625,0.5625,0.0625,0.25,0.0625,0.42695842066688794,5,0
180,1,9500.0,9500.0,0.0,180,0.03888888888888889,1.0,0.0,0.0,0.0,0.0,0.0,1,3
37,12,467000.0,38916.666666666664,21748.389003381933,168,0.5,0.0,0.5,0.08333333333333333,0.25,0.16666666666666666,0.558845113577266,0,2
30,2,26500.0,13250.0,6717.514421272202,144,0.09722222222222221,0.5,0.0,0.5,0.0,0.0,0.5069822204733737,1,3
141,1,419500.0,419500.0,0.0,141,0.04964539007092199,1.0,0.0,0.0,0.0,0.0,0.0,1,3
38,3,66500.0,22166.666666666668,13288.466176851764,109,0.1926605504587156,0.0,0.0,0.0,0.3333333333333333,0.6666666666666666,0.5994796771512073,6,5
103,1,603000.0,603000.0,0.0,103,0.06796116504854369,0.0,0.0,0.0,0.0,1.0,0.0,6,6
7,4,57000.0,14250.0,8129.165598838133,179,0.1564245810055866,0.0,0.0,0.0,0.5,0.5,0.5704677613219742,4,5
123,2,16500.0,8250.0,2474.8737341529163,178,0.07865168539325842,0.0,0.0,0.5,0.0,0.5,0.29998469504883835,6,5
2,1,170000.0,170000.0,0.0,2,3.5,1.0,0.0,0.0,0.0,0.0,0.0,1,3
13,1,7500.0,7500.0,0.0,13,0.5384615384615384,0.0,0.0,0.0,0.0,1.0,0.0,6,6
135,1,165500.0,165500.0,0.0,135,0.05185185185185186,0.0,0.0,1.0,0.0,0.0,0.0,2,6
67,5,117000.0,23400.0,19174.853324080475,143,0.24475524475524477,0.2,0.2,0.0,0.6,0.0,0.8194381762427554,4,5
1,23,2334500.0,101500.0,32655.571708919193,181,0.8895027624309392,0.13043478260869565,0.043478260869565216,0.7391304347826086,0.043478260869565216,0.043478260869565216,0.3217297705312236,3,1
3,14,1458500.0,104178.57142857143,53153.84317202326,163,0.6012269938650306,0.0,0.0,0.5,0.35714285714285715,0.14285714285714285,0.5102185837561368,3,1
20,2,135000.0,67500.0,69296.46455628166,43,0.3255813953488372,0.0,0.5,0.0,0.0,0.5,1.0266142897226913,0,5
12,14,645000.0,46071.42857142857,52167.5765582037,181,0.5414364640883977,0.21428571428571427,0.35714285714285715,0.0,0.35714285714285715,0.07142857142857142,1.1323194911858168,0,2
33,5,105000.0,21000.0,17091.66463513721,152,0.23026315789473684,0.2,0.0,0.2,0.2,0.4,0.813888792149391,4,3
5,14,1686000.0,120428.57142857143,59762.30389662841,183,0.5355191256830601,0.14285714285714285,0.07142857142857142,0.5,0.21428571428571427,0.07142857142857142,0.49624688882135093,3,1
6,16,8235000.0,514687.5,350338.1164437197,183,0.6120218579234973,0.0625,0.625,0.125,0.125,0.0625,0.6806812219914409,5,0
2,19,13009500.0,684710.5263157894,606625.3950198927,183,0.726775956284153,0.0,0.42105263157894735,0.21052631578947367,0.15789473684210525,0.21052631578947367,0.8859589150526893,5,0
6,22,1196000.0,54363.63636363636,30619.081281582214,181,0.8508287292817679,0.045454545454545456,0.2727272727272727,0.13636363636363635,0.3181818181818182,0.22727272727272727,0.5632272476545224,0,2
68,1,22500.0,22500.0,0.0,68,0.10294117647058824,0.0,0.0,0.0,1.0,0.0,0.0,4,4
42,2,215500.0,107750.0,115611.95872400052,59,0.23728813559322035,0.5,0.5,0.0,0.0,0.0,1.0729648141438564,2,5
10,17,789000.0,46411.76470588235,33372.53515903724,182,0.6538461538461539,0.17647058823529413,0.11764705882352941,0.17647058823529413,0.4117647058823529,0.11764705882352941,0.7190533557713981,0,2
1,1,14500.0,14500.0,0.0,1,7.0,0.0,0.0,0.0,0.0,1.0,0.0,6,6
38,3,17500.0,5833.333333333333,577.3502691896259,59,0.3559322033898305,0.6666666666666666,0.0,0.0,0.0,0.3333333333333333,0.09897433186107873,1,3
9,16,601000.0,37562.5,21284.48182753498,146,0.7671232876712328,0.0,0.25,0.125,0.375,0.25,0.5666417791024287,0,2
1,17,1489500.0,87617.64705882352,35813.11273985615,172,0.6918604651162791,0.0,0.17647058823529413,0.7647058823529411,0.0,0.058823529411764705,0.4087431464099057,3,1
21,3,38500.0,12833.333333333334,6048.415770541352,120,0.17500000000000002,0.0,0.3333333333333333,0.0,0.3333333333333333,0.3333333333333333,0.4713051249772482,4,5
49,2,180000.0,90000.0,25455.84412271571,171,0.08187134502923978,0.0,0.0,0.5,0.5,0.0,0.282842712474619,4,5
13,22,2110000.0,95909.09090909091,35901.530794938444,172,0.8953488372093023,0.045454545454545456,0.045454545454545456,0.6818181818181818,0.045454545454545456,0.18181818181818182,0.37432875710362357,3,1
127,2,528500.0,264250.0,335522.1676730168,141,0.09929078014184398,0.0,0.5,0.0,0.5,0.0,1.269714920238474,4,5
20,3,50500.0,16833.333333333332,7005.949852327902,109,0.1926605504587156,0.0,0.0,0.3333333333333333,0.6666666666666666,0.0,0.41619504073235064,4,5
8,15,13456114.406234292,897074.2937489528,883540.3954434866,178,0.5898876404494382,0.0,0.6,0.13333333333333333,0.2,0.06666666666666667,0.9849132915748742,5,0
2,1,200000.0,200000.0,0.0,2,3.5,0.0,0.0,1.0,0.0,0.0,0.0,3,6
65,4,46000.0,11500.0,3763.863263545405,147,0.19047619047619047,0.25,0.25,0.25,0.25,0.0,0.3272924576996004,2,3
63,3,58500.0,19500.0,7466.59226153404,164,0.12804878048780488,0.3333333333333333,0.0,0.3333333333333333,0.3333333333333333,0.0,0.3829021672581559,4,3
4,16,785500.0,49093.75,30316.782343557945,180,0.6222222222222222,0.125,0.25,0.1875,0.3125,0.125,0.6175283481819569,0,2
77,1,10500.0,10500.0,0.0,77,0.09090909090909091,1.0,0.0,0.0,0.0,0.0,0.0,1,3
15,20,2015500.0,100775.0,38686.48444802614,179,0.7821229050279329,0.0,0.05,0.7,0.1,0.15,0.3838896993106042,3,1
16,12,1366000.0,113833.33333333333,60747.36557450392,173,0.48554913294797686,0.16666666666666666,0.08333333333333333,0.5833333333333334,0.16666666666666666,0.0,0.5336518205666523,3,1
42,14,1447500.0,103392.85714285714,37044.24515226486,179,0.547486033519553,0.07142857142857142,0.07142857142857142,0.7857142857142857,0.0,0.07142857142857142,0.3582863088992802,3,1
15,8,5640000.0,705000.0,547736.1199910566,179,0.3128491620111732,0.0,0.75,0.0,0.125,0.125,0.776930666653981,5,0
42,13,8063000.0,620230.7692307692,400455.9180580208,177,0.5141242937853108,0.07692307692307693,0.3076923076923077,0.07692307692307693,0.3076923076923077,0.23076923076923078,0.6456563232983096,5,0
143,1,18000.0,18000.0,0.0,143,0.04895104895104895,0.0,0.0,0.0,1.0,0.0,0.0,4,4
18,17,1597500.0,93970.58823529411,42252.02309809973,168,0.7083333333333334,0.058823529411764705,0.11764705882352941,0.5882352941176471,0.11764705882352941,0.11764705882352941,0.4496302927497311,3,1
154,2,32000.0,16000.0,7071.067811865475,155,0.0903225806451613,0.0,0.5,0.0,0.5,0.0,0.44194173824159216,4,5
60,3,729500.0,243166.66666666666,167506.2187900298,180,0.11666666666666667,0.0,0.3333333333333333,0.3333333333333333,0.0,0.3333333333333333,0.6888535385470725,2,5
115,1,45000.0,45000.0,0.0,115,0.06086956521739131,0.0,0.0,0.0,1.0,0.0,0.0,4,4
13,5,110500.0,22100.0,7377.330140369211,98,0.35714285714285715,0.2,0.0,0.0,0.4,0.4,0.33381584345562043,4,3
5,18,14755000.0,819722.2222222222,437544.39177212847,175,0.72,0.05555555555555555,0.4444444444444444,0.2222222222222222,0.16666666666666666,0.1111111111111111,0.533771538590194,5,0
3,17,679500.0,39970.58823529412,22804.516129099364,177,0.672316384180791,0.23529411764705882,0.4117647058823529,0.0,0.11764705882352941,0.23529411764705882,0.5705324123542151,0,2
20,3,21500.0,7166.666666666667,2753.785273643051,164,0.12804878048780488,1.0,0.0,0.0,0.0,0.0,0.3842491079501931,1,3
70,4,38500.0,9625.0,4269.562819149833,109,0.25688073394495414,0.75,0.0,0.0,0.0,0.25,0.44359094224933326,1,3
14,4,27000.0,6750.0,3427.827300200522,169,0.16568047337278108,0.75,0.0,0.25,0.0,0.0,0.5078262666963737,1,3
5,2,30500.0,15250.0,353.5533905932738,39,0.358974358974359,0.5,0.0,0.0,0.5,0.0,0.023183828891362213,4,3
16,15,743500.0,49566.666666666664,32607.441452761024,180,0.5833333333333333,0.13333333333333333,0.13333333333333333,0.2,0.26666666666666666,0.26666666666666666,0.6578501974329729,0,2
79,2,40000.0,20000.0,3535.5339059327375,134,0.1044776119402985,0.0,0.0,0.0,1.0,0.0,0.17677669529663687,4,4
7,16,546500.0,34156.25,16442.545169974954,171,0.6549707602339182,0.1875,0.25,0.1875,0.125,0.25,0.48139199033778457,0,2
2,11,444500.0,40409.09090909091,15241.092778764556,177,0.43502824858757067,0.0,0.09090909090909091,0.09090909090909091,0.5454545454545454,0.2727272727272727,0.37716990003691814,0,2
33,16,637500.0,39843.75,28756.86512237846,176,0.6363636363636364,0.0625,0.3125,0.1875,0.25,0.1875,0.7217409285616554,0,2
1,5,34000.0,6800.0,2863.5642126552707,137,0.2554744525547445,0.6,0.2,0.0,0.0,0.2,0.42111238421401037,1,3
4,17,947500.0,55735.294117647056,106229.13289898673,182,0.6538461538461539,0.11764705882352941,0.17647058823529413,0.11764705882352941,0.47058823529411764,0.11764705882352941,1.9059580572905273,0,0
37,15,606000.0,40400.0,36480.033677929314,182,0.5769230769230769,0.06666666666666667,0.13333333333333333,0.06666666666666667,0.26666666666666666,0.4666666666666667,0.9029711306418147,0,2
109,2,184500.0,92250.0,81670.83322704624,183,0.07650273224043716,0.0,0.0,0.0,0.0,1.0,0.8853206853880351,6,5
6,15,19560915.88167646,1304061.0587784308,1807201.1114325593,183,0.5737704918032787,0.0,0.5333333333333333,0.13333333333333333,0.26666666666666666,0.06666666666666667,1.385825532682834,5,0
126,2,785500.0,392750.0,104298.25022501576,139,0.10071942446043165,0.0,0.5,0.0,0.5,0.0,0.2655588802673858,2,5
6,16,1362500.0,85156.25,41647.21629352915,164,0.6829268292682927,0.0625,0.125,0.5625,0.1875,0.0625,0.48906822803410377,3,1
40,1,55000.0,55000.0,0.0,40,0.175,0.0,0.0,0.0,1.0,0.0,0.0,4,4
7,21,2171500.0,103404.76190476191,36903.12285146714,183,0.8032786885245902,0.047619047619047616,0.23809523809523808,0.5238095238095238,0.0,0.19047619047619047,0.3568803038824821,3,1
24,17,9620500.0,565911.7647058824,278433.80246108986,181,0.6574585635359116,0.058823529411764705,0.5882352941176471,0.058823529411764705,0.11764705882352941,0.17647058823529413,0.4920092138494389,5,0
8,13,1313000.0,101000.0,36006.94377477767,167,0.5449101796407185,0.38461538461538464,0.07692307692307693,0.5384615384615384,0.0,0.0,0.3565043938096799,3,1
62,3,45000.0,15000.0,4330.127018922193,118,0.17796610169491525,0.3333333333333333,0.0,0.0,0.0,0.6666666666666666,0.28867513459481287,6,3
121,1,16000.0,16000.0,0.0,121,0.05785123966942149,0.0,1.0,0.0,0.0,0.0,0.0,2,6
3,24,18461000.0,769208.3333333334,630217.2833835663,181,0.9281767955801105,0.08333333333333333,0.4166666666666667,0.041666666666666664,0.20833333333333334,0.25,0.8193063648342771,5,0
9,16,644500.0,40281.25,17098.702436149943,175,0.64,0.0625,0.25,0.0,0.5,0.1875,0.4244829154048085,0,2
95,2,172000.0,86000.0,9192.388155425118,113,0.12389380530973451,0.0,0.0,0.5,0.0,0.5,0.10688823436540835,2,5
67,3,64000.0,21333.333333333332,10214.368964029707,90,0.23333333333333334,0.0,0.0,0.0,0.3333333333333333,0.6666666666666666,0.47879854518889253,6,5
1,18,831500.0,46194.444444444445,26552.466867167466,177,0.711864406779661,0.1111111111111111,0.16666666666666666,0.1111111111111111,0.3333333333333333,0.2777777777777778,0.5747978395778887,0,2
49,3,44000.0,14666.666666666666,10866.615541802026,182,0.11538461538461539,0.0,0.0,0.0,0.0,1.0,0.7409056051228654,6,5
138,1,67000.0,67000.0,0.0,138,0.05072463768115942,0.0,0.0,0.0,0.0,1.0,0.0,6,6
69,4,91000.0,22750.0,10210.288928331069,124,0.22580645161290322,0.0,0.0,0.5,0.25,0.25,0.4488039089376294,4,5
2,19,1852500.0,97500.0,35048.37926194147,183,0.726775956284153,0.15789473684210525,0.15789473684210525,0.5263157894736842,0.15789473684210525,0.0,0.359470556532733,3,1
70,1,201000.0,201000.0,0.0,70,0.1,1.0,0.0,0.0,0.0,0.0,0.0,1,3
18,19,1047500.0,55131.57894736842,35273.47213214642,166,0.8012048192771084,0.05263157894736842,0.2631578947368421,0.05263157894736842,0.47368421052631576,0.15789473684210525,0.6398052224446605,0,2
14,3,754500.0,251500.0,115966.59001626287,182,0.11538461538461539,0.0,0.0,0.0,1.0,0.0,0.461099761496075,4,4
5,4,51500.0,12875.0,4130.677910464577,109,0.25688073394495414,0.0,0.0,0.0,0.5,0.5,0.3208293522690933,4,5
81,4,66500.0,16625.0,4422.951503238533,182,0.15384615384615385,0.0,0.0,0.0,0.5,0.5,0.26604219568352083,4,5
18,13,1252500.0,96346.15384615384,41944.59868653364,182,0.5,0.07692307692307693,0.15384615384615385,0.6153846153846154,0.07692307692307693,0.07692307692307693,0.43535312009975036,3,1
12,2,28500.0,14250.0,6717.514421272202,137,0.1021897810218978,0.5,0.0,0.0,0.0,0.5,0.4714045207910317,1,3
26,1,16000.0,16000.0,0.0,26,0.2692307692307692,0.0,0.0,0.0,1.0,0.0,0.0,4,4
5,11,15092342.844038492,1372031.167639863,1800311.4591798997,173,0.44508670520231214,0.0,0.45454545454545453,0.0,0.18181818181818182,0.36363636363636365,1.312150555790037,5,0
50,4,82000.0,20500.0,11232.393630329498,146,0.1917808219178082,0.0,0.0,0.0,0.5,0.5,0.5479216405038779,4,5
3,25,15030000.0,601200.0,420373.61854268005,171,1.023391812865497,0.04,0.56,0.12,0.16,0.12,0.6992242490729874,5,0
41,13,1338000.0,102923.07692307692,37627.47564050667,183,0.4972677595628415,0.0,0.0,0.7692307692307693,0.15384615384615385,0.07692307692307693,0.36558832834573,3,1
13,11,1142500.0,103863.63636363637,41680.985418468044,181,0.42541436464088395,0.0,0.0,0.9090909090909091,0.09090909090909091,0.0,0.4013048924316398,3,1
47,16,1764000.0,110250.0,41338.84371871086,177,0.632768361581921,0.0625,0.125,0.75,0.0625,0.0,0.3749554985824114,3,1
13,14,674000.0,48142.857142857145,56547.947174679386,182,0.5384615384615384,0.07142857142857142,0.2857142857142857,0.07142857142857142,0.21428571428571427,0.35714285714285715,1.1745864398301356,0,2
3,16,3337702.4698268403,208606.40436417752,420087.60674891254,180,0.6222222222222222,0.125,0.125,0.6875,0.0,0.0625,2.013780967220636,3,0
12,31,3220000.0,103870.96774193548,41111.63009456397,173,1.2543352601156068,0.06451612903225806,0.0967741935483871,0.6451612903225806,0.03225806451612903,0.16129032258064516,0.39579519656257234,3,1
7,15,3587723.3538752776,239181.5569250185,459204.91871198954,166,0.6325301204819277,0.0,0.06666666666666667,0.4666666666666667,0.26666666666666666,0.2,1.91990103507833,5,0
13,26,961000.0,36961.53846153846,20100.210484929292,173,1.0520231213872833,0.15384615384615385,0.11538461538461539,0.15384615384615385,0.23076923076923078,0.34615384615384615,0.5438142274798768,0,2
21,2,54500.0,27250.0,6717.514421272202,90,0.15555555555555556,0.0,0.0,0.0,0.0,1.0,0.24651429068888814,6,5
115,2,63000.0,31500.0,24041.630560342615,135,0.10370370370370371,0.0,0.0,0.0,0.0,1.0,0.7632263669950037,6,5
4,23,1043500.0,45369.565217391304,30352.556201812557,181,0.8895027624309392,0.08695652173913043,0.2608695652173913,0.08695652173913043,0.4782608695652174,0.08695652173913043,0.6690069886360218,0,2
14,3,47000.0,15666.666666666666,2753.7852736430514,83,0.25301204819277107,0.6666666666666666,0.0,0.0,0.3333333333333333,0.0,0.17577352810487562,1,3
42,2,22500.0,11250.0,1060.6601717798212,150,0.09333333333333334,0.0,0.5,0.0,0.0,0.5,0.09428090415820634,6,5
13,16,1386000.0,86625.0,32821.486864552615,178,0.6292134831460674,0.0,0.0,0.6875,0.1875,0.125,0.37889162325601866,3,1
21,1,23500.0,23500.0,0.0,21,0.3333333333333333,0.0,0.0,0.0,0.0,1.0,0.0,6,6
42,2,231500.0,115750.0,128339.88078535837,43,0.3255813953488372,0.5,0.0,0.0,0.0,0.5,1.1087678685560118,1,5
11,21,13455000.0,640714.2857142857,509290.0590878585,180,0.8166666666666667,0.047619047619047616,0.6666666666666666,0.047619047619047616,0.14285714285714285,0.09523809523809523,0.7948785760568583,5,0
88,1,69000.0,69000.0,0.0,88,0.07954545454545454,0.0,1.0,0.0,0.0,0.0,0.0,2,6
2,17,13465500.0,792088.2352941176,865615.0132148478,174,0.6839080459770115,0.0,0.5294117647058824,0.058823529411764705,0.058823529411764705,0.35294117647058826,1.0928264991758503,5,0
3,25,17856000.0,714240.0,293481.8676965694,181,0.9668508287292817,0.0,0.6,0.2,0.08,0.12,0.41090091243359295,5,0
6,19,2156500.0,113500.0,61064.173893808904,172,0.7732558139534883,0.05263157894736842,0.15789473684210525,0.5789473684210527,0.05263157894736842,0.15789473684210525,0.5380103426767304,3,1
77,3,28500.0,9500.0,2179.449471770337,159,0.1320754716981132,0.3333333333333333,0.0,0.0,0.3333333333333333,0.3333333333333333,0.22941573387056177,4,3
2,22,16534000.0,751545.4545454546,481181.5791582343,176,0.875,0.045454545454545456,0.5454545454545454,0.0,0.18181818181818182,0.22727272727272727,0.6402561232297783,5,0
1,18,12664500.0,703583.3333333334,475513.6309668674,168,0.75,0.1111111111111111,0.6666666666666666,0.1111111111111111,0.05555555555555555,0.05555555555555555,0.675845501788749,5,0
3,20,2195000.0,109750.0,45689.31119960922,178,0.7865168539325843,0.05,0.0,0.7,0.1,0.15,0.4163035189030453,3,1
23,15,1615000.0,107666.66666666667,53700.78034371391,177,0.5932203389830508,0.0,0.13333333333333333,0.6666666666666666,0.0,0.2,0.4987688576815533,3,1
1,16,678500.0,42406.25,25317.463505124942,175,0.64,0.0625,0.25,0.1875,0.4375,0.0625,0.5970219839086206,0,2
5,18,17206000.0,955888.8888888889,634021.3290983466,173,0.7283236994219653,0.05555555555555555,0.6111111111111112,0.1111111111111111,0.1111111111111111,0.1111111111111111,0.6632793167366174,5,0
1,15,10227500.0,681833.3333333334,389529.9212176255,165,0.6363636363636364,0.13333333333333333,0.3333333333333333,0.13333333333333333,0.13333333333333333,0.26666666666666666,0.5712978556112815,5,0
31,4,38000.0,9500.0,4396.96865275764,124,0.22580645161290322,0.75,0.0,0.0,0.0,0.25,0.46283880555343576,1,3
45,15,9327500.0,621833.3333333334,324966.6283232934,174,0.603448275862069,0.06666666666666667,0.5333333333333333,0.2,0.2,0.0,0.5225944170302226,5,0
8,20,13684000.0,684200.0,325670.05421212176,177,0.7909604519774012,0.0,0.55,0.05,0.2,0.2,0.47598663287360676,5,0
131,4,24000.0,6000.0,2738.6127875258308,177,0.15819209039548024,0.75,0.0,0.0,0.25,0.0,0.45643546458763845,1,3
1,19,11340000.0,596842.1052631579,412213.53866896254,177,0.7514124293785311,0.05263157894736842,0.42105263157894735,0.21052631578947367,0.2631578947368421,0.05263157894736842,0.6906576044718068,5,0
10,16,551000.0,34437.5,19034.94593285378,173,0.6473988439306358,0.0625,0.5,0.125,0.3125,0.0,0.5527389018614528,0,2
15,2,32500.0,16250.0,3181.9805153394636,141,0.09929078014184398,0.0,0.5,0.0,0.0,0.5,0.1958141855593516,2,5
12,23,1186000.0,51565.217391304344,29687.12008286134,170,0.9470588235294118,0.043478260869565216,0.13043478260869565,0.13043478260869565,0.34782608695652173,0.34782608695652173,0.5757198666996719,0,2
3,19,932000.0,49052.63157894737,18655.424246078393,159,0.8364779874213836,0.05263157894736842,0.42105263157894735,0.10526315789473684,0.2631578947368421,0.15789473684210525,0.38031444278486,0,2
97,3,67500.0,22500.0,8046.73846971554,167,0.12574850299401197,0.0,0.0,0.0,0.3333333333333333,0.6666666666666666,0.35763282087624626,6,5
76,2,190500.0,95250.0,98641.39597552338,182,0.07692307692307693,0.5,0.0,0.5,0.0,0.0,1.035605207092109,1,5
5,14,1411500.0,100821.42857142857,48394.45579452621,182,0.5384615384615384,0.0,0.14285714285714285,0.6428571428571429,0.14285714285714285,0.07142857142857142,0.4800016869453539,3,1
18,13,487500.0,37500.0,19134.393118152453,180,0.5055555555555555,0.15384615384615385,0.3076923076923077,0.23076923076923078,0.23076923076923078,0.07692307692307693,0.5102504831507321,0,2
8,24,17085500.0,711895.8333333334,406884.50394073915,178,0.9438202247191012,0.041666666666666664,0.4166666666666667,0.08333333333333333,0.2916666666666667,0.16666666666666666,0.5715506186285294,5,0
1,25,1066000.0,42640.0,33315.26176794453,183,0.9562841530054645,0.04,0.32,0.12,0.2,0.32,0.7813147694170857,0,2
61,2,11000.0,5500.0,0.0,144,0.09722222222222221,0.5,0.0,0.0,0.5,0.0,0.0,1,3
20,16,585000.0,36562.5,23467.61953557852,179,0.6256983240223464,0.0,0.125,0.125,0.5625,0.1875,0.6418494231953099,0,2
4,18,1635500.0,90861.11111111111,27250.36726981619,161,0.782608695652174,0.1111111111111111,0.2222222222222222,0.4444444444444444,0.16666666666666666,0.05555555555555555,0.29991232702946585,3,1
106,2,29500.0,14750.0,10960.155108391487,156,0.08974358974358974,0.0,0.0,0.0,0.5,0.5,0.7430613632807788,4,5
14,17,1783000.0,104882.35294117648,47451.79442463317,182,0.6538461538461539,0.11764705882352941,0.058823529411764705,0.5294117647058824,0.058823529411764705,0.23529411764705882,0.45242877465999093,3,1
56,1,27000.0,27000.0,0.0,56,0.125,0.0,0.0,0.0,0.0,1.0,0.0,6,6
33,3,327500.0,109166.66666666667,72653.85972770707,112,0.1875,0.0,0.0,0.3333333333333333,0.3333333333333333,0.3333333333333333,0.6655315394904464,4,5
22,3,64000.0,21333.333333333332,12789.970028633114,108,0.19444444444444445,0.0,0.0,0.3333333333333333,0.6666666666666666,0.0,0.5995298450921772,4,5
2,5,33000.0,6600.0,2103.5683967962627,170,0.2058823529411765,0.4,0.2,0.0,0.4,0.0,0.3187224843630701,4,3
6,19,38305540.09422046,2016081.0575905505,5216561.011832525,171,0.7777777777777778,0.05263157894736842,0.5789473684210527,0.10526315789473684,0.15789473684210525,0.10526315789473684,2.5874758319821316,5,0
30,1,116000.0,116000.0,0.0,30,0.23333333333333334,0.0,0.0,0.0,0.0,1.0,0.0,6,6
32,3,437000.0,145666.66666666666,134733.37869040965,83,0.25301204819277107,0.3333333333333333,0.0,0.0,0.0,0.6666666666666666,0.9249431031378237,6,5
45,3,24000.0,8000.0,2500.0,132,0.1590909090909091,0.6666666666666666,0.0,0.0,0.0,0.3333333333333333,0.3125,1,3
4,2,34500.0,17250.0,8131.727983645296,60,0.23333333333333334,0.0,0.0,0.0,1.0,0.0,0.4714045207910317,4,4
35,5,149500.0,29900.0,11041.965404763774,154,0.22727272727272727,0.2,0.2,0.0,0.0,0.6,0.36929650183156437,6,3
14,3,68000.0,22666.666666666668,17953.64401266031,106,0.19811320754716982,0.0,0.0,0.0,0.3333333333333333,0.6666666666666666,0.7920725299703076,6,5
47,1,19500.0,19500.0,0.0,47,0.14893617021276595,0.0,0.0,0.0,1.0,0.0,0.0,4,4
9,28,26132500.0,933303.5714285715,809606.8586309827,176,1.1136363636363638,0.03571428571428571,0.6785714285714286,0.14285714285714285,0.03571428571428571,0.10714285714285714,0.8674635814280116,5,0
97,1,8000.0,8000.0,0.0,97,0.07216494845360824,1.0,0.0,0.0,0.0,0.0,0.0,1,3
161,2,10500.0,5250.0,3181.9805153394636,174,0.08045977011494253,0.5,0.0,0.5,0.0,0.0,0.6060915267313264,1,3
18,18,12741000.0,707833.3333333334,471078.61214825854,176,0.7159090909090909,0.05555555555555555,0.7777777777777778,0.05555555555555555,0.1111111111111111,0.0,0.6655219385188489,5,0
3,18,1926500.0,107027.77777777778,40103.71562007625,168,0.75,0.05555555555555555,0.05555555555555555,0.7222222222222222,0.05555555555555555,0.1111111111111111,0.37470380543024784,3,1
113,1,140500.0,140500.0,0.0,113,0.061946902654867256,0.0,1.0,0.0,0.0,0.0,0.0,2,6
21,3,31000.0,10333.333333333334,5838.093296045665,119,0.17647058823529413,1.0,0.0,0.0,0.0,0.0,0.5649767705850643,1,3
8,5,124000.0,24800.0,10940.749517286282,177,0.1977401129943503,0.2,0.0,0.0,0.2,0.6,0.4411592547292856,6,5
8,15,10623000.0,708200.0,414534.28257331304,180,0.5833333333333333,0.13333333333333333,0.4666666666666667,0.06666666666666667,0.2,0.13333333333333333,0.585335050230603,5,0
21,1,300000.0,300000.0,0.0,21,0.3333333333333333,0.0,0.0,1.0,0.0,0.0,0.0,2,6
125,2,22500.0,11250.0,1767.7669529663688,144,0.09722222222222221,0.0,0.0,0.5,0.0,0.5,0.15713484026367722,6,5
77,3,44000.0,14666.666666666666,7023.769168568493,151,0.1390728476821192,0.0,0.0,0.3333333333333333,0.3333333333333333,0.3333333333333333,0.4788933524023973,4,5
116,3,20500.0,6833.333333333333,2516.6114784235833,181,0.11602209944751381,0.3333333333333333,0.3333333333333333,0.0,0.3333333333333333,0.0,0.3682846065985732,4,3
116,2,11000.0,5500.0,707.1067811865476,156,0.08974358974358974,0.5,0.0,0.0,0.5,0.0,0.128564869306645,4,3
53,3,21500.0,7166.666666666667,2929.7326385411575,146,0.14383561643835616,0.6666666666666666,0.0,0.0,0.3333333333333333,0.0,0.4087999030522545,1,3
5,4,1009500.0,252375.0,151888.87110867165,167,0.16766467065868262,0.0,0.5,0.25,0.0,0.25,0.6018380232141521,5,5
94,3,46000.0,15333.333333333334,3883.7267325770144,182,0.11538461538461539,0.0,0.0,0.0,0.3333333333333333,0.6666666666666666,0.25328652603763135,6,5
168,1,18000.0,18000.0,0.0,168,0.041666666666666664,0.0,0.0,0.0,0.0,1.0,0.0,6,6
8,13,30717060.68029842,2362850.821561417,6375537.93054244,167,0.5449101796407185,0.0,0.38461538461538464,0.15384615384615385,0.23076923076923078,0.23076923076923078,2.6982397163479677,5,0
1,25,20574000.0,822960.0,594685.0342828546,160,1.09375,0.04,0.6,0.08,0.08,0.2,0.722617179793495,5,0
18,20,20555500.0,1027775.0,670337.3949186453,183,0.7650273224043715,0.0,0.55,0.15,0.15,0.15,0.6522219307909273,5,0
7,28,2707000.0,96678.57142857143,27842.551462782143,179,1.094972067039106,0.10714285714285714,0.2857142857142857,0.4642857142857143,0.10714285714285714,0.03571428571428571,0.28799092757957145,3,1
8,4,83000.0,20750.0,5330.728530573159,169,0.16568047337278108,0.0,0.25,0.0,0.25,0.5,0.25690257978665826,6,5
22,14,1604000.0,114571.42857142857,36653.710664740414,165,0.5939393939393939,0.0,0.21428571428571427,0.6428571428571429,0.14285714285714285,0.0,0.3199201678967368,3,1
63,4,64500.0,16125.0,7941.190087134296,136,0.2058823529411765,0.0,0.25,0.0,0.0,0.75,0.4924769046284835,6,5
5,4,101000.0,25250.0,4974.9371855331,178,0.15730337078651685,0.0,0.0,0.0,0.25,0.75,0.19702721526863762,6,5
6,18,620000.0,34444.444444444445,16186.313107874312,177,0.711864406779661,0.16666666666666666,0.3333333333333333,0.1111111111111111,0.2222222222222222,0.16666666666666666,0.4699252192608671,0,2
6,15,603500.0,40233.333333333336,19089.887624703544,136,0.7720588235294118,0.06666666666666667,0.3333333333333333,0.13333333333333333,0.2,0.26666666666666666,0.47447939415170365,0,2
129,1,61500.0,61500.0,0.0,129,0.054263565891472874,0.0,0.0,0.0,0.0,1.0,0.0,6,6
11,4,47500.0,11875.0,5807.681694675309,172,0.1627906976744186,0.25,0.0,0.0,0.25,0.5,0.4890679321831839,6,3
17,3,59500.0,19833.333333333332,7505.553499465134,48,0.4375,0.3333333333333333,0.0,0.0,0.3333333333333333,0.3333333333333333,0.37843126888059503,4,3
164,1,91500.0,91500.0,0.0,164,0.042682926829268296,0.0,0.0,0.0,0.0,1.0,0.0,6,6
5,21,13823500.0,658261.9047619047,420093.4901616431,176,0.8352272727272727,0.0,0.8571428571428571,0.0,0.09523809523809523,0.047619047619047616,0.63818593651351,5,0
4,15,628000.0,41866.666666666664,23668.443930584835,182,0.5769230769230769,0.13333333333333333,0.3333333333333333,0.13333333333333333,0.3333333333333333,0.06666666666666667,0.5653290747751155,0,2
118,2,59500.0,29750.0,12374.368670764581,160,0.0875,0.0,0.0,0.0,0.0,1.0,0.41594516540385146,6,5
13,22,705500.0,32068.18181818182,18953.13484219221,181,0.8508287292817679,0.045454545454545456,0.18181818181818182,0.13636363636363635,0.22727272727272727,0.4090909090909091,0.5910261750931659,0,2
4,23,2228500.0,96891.30434782608,37975.45754160273,150,1.0733333333333335,0.0,0.17391304347826086,0.6521739130434783,0.08695652173913043,0.08695652173913043,0.3919387585626488,3,1
73,2,43000.0,21500.0,5656.85424949238,174,0.08045977011494253,0.0,0.0,0.0,0.0,1.0,0.26310949997638977,6,5
3,18,736500.0,40916.666666666664,16334.058607346655,170,0.7411764705882353,0.05555555555555555,0.2222222222222222,0.1111111111111111,0.2777777777777778,0.3333333333333333,0.39920306168667996,0,2
10,23,1031500.0,44847.82608695652,32097.66161923521,182,0.8846153846153846,0.13043478260869565,0.34782608695652173,0.0,0.2608695652173913,0.2608695652173913,0.7157016163280755,0,2
1,16,9962000.0,622625.0,309813.6805673156,174,0.6436781609195402,0.0,0.25,0.375,0.0625,0.3125,0.49759274132473896,5,0
9,18,922500.0,51250.0,31894.7026765187,179,0.7039106145251396,0.1111111111111111,0.5,0.05555555555555555,0.2222222222222222,0.1111111111111111,0.6223356619808527,0,2
49,1,141000.0,141000.0,0.0,49,0.14285714285714285,0.0,1.0,0.0,0.0,0.0,0.0,2,6
6,14,720000.0,51428.57142857143,28900.26426739511,182,0.5384615384615384,0.14285714285714285,0.21428571428571427,0.14285714285714285,0.21428571428571427,0.2857142857142857,0.5619495829771272,0,2
11,16,1766500.0,110406.25,36410.26354843736,151,0.7417218543046357,0.0625,0.125,0.625,0.0,0.1875,0.3297844419898091,3,1
24,3,80000.0,26666.666666666668,22501.85177565023,78,0.2692307692307692,0.3333333333333333,0.0,0.0,0.6666666666666666,0.0,0.8438194415868836,4,3
26,3,58500.0,19500.0,4444.097208657794,122,0.17213114754098363,0.3333333333333333,0.0,0.0,0.3333333333333333,0.3333333333333333,0.22790242095680996,4,3
9,14,541000.0,38642.857142857145,25511.255865287694,178,0.550561797752809,0.07142857142857142,0.21428571428571427,0.14285714285714285,0.5,0.07142857142857142,0.6601803735933969,0,2
112,1,74000.0,74000.0,0.0,112,0.0625,0.0,0.0,0.0,1.0,0.0,0.0,4,4
33,1,76500.0,76500.0,0.0,33,0.21212121212121213,0.0,0.0,1.0,0.0,0.0,0.0,2,6
1,20,788500.0,39425.0,20506.914751653378,168,0.8333333333333334,0.1,0.25,0.1,0.25,0.3,0.5201500254065536,0,2
1,21,748000.0,35619.04761904762,16452.890902440795,182,0.8076923076923077,0.0,0.2857142857142857,0.047619047619047616,0.2857142857142857,0.38095238095238093,0.4619127125016801,0,2
87,2,11500.0,5750.0,1767.7669529663688,121,0.11570247933884298,0.5,0.5,0.0,0.0,0.0,0.30743773095067284,1,3
9,17,13293500.0,781970.5882352941,732032.4760254031,160,0.74375,0.058823529411764705,0.5294117647058824,0.058823529411764705,0.11764705882352941,0.23529411764705882,0.9361381195645883,5,0
3,14,526500.0,37607.142857142855,20809.741220647837,182,0.5384615384615384,0.07142857142857142,0.21428571428571427,0.21428571428571427,0.14285714285714285,0.35714285714285715,0.5533454455632854,0,2
47,5,90000.0,18000.0,4703.721930556695,140,0.25,0.2,0.0,0.0,0.2,0.6,0.2613178850309275,6,3
24,8,787000.0,98375.0,41128.50071943508,175,0.32,0.25,0.0,0.75,0.0,0.0,0.41807878749108085,3,5
13,18,1789000.0,99388.88888888889,30924.745258143124,179,0.7039106145251396,0.0,0.2222222222222222,0.4444444444444444,0.2222222222222222,0.1111111111111111,0.3111489181926083,3,1
15,16,12601500.0,787593.75,462400.6999255804,169,0.6627218934911243,0.1875,0.4375,0.0,0.125,0.25,0.5871055984453666,5,0
55,2,16000.0,8000.0,0.0,163,0.08588957055214724,0.5,0.0,0.0,0.0,0.5,0.0,1,3
12,14,12235500.0,873964.2857142857,544474.0745500587,160,0.6124999999999999,0.07142857142857142,0.7142857142857143,0.14285714285714285,0.0,0.07142857142857142,0.6229935060848205,5,0
111,2,30000.0,15000.0,14849.242404917499,127,0.11023622047244094,0.0,0.0,0.0,0.0,1.0,0.9899494936611666,6,5
1,27,20860500.0,772611.1111111111,656283.0260310031,181,1.0441988950276242,0.1111111111111111,0.48148148148148145,0.037037037037037035,0.14814814814814814,0.2222222222222222,0.8494351383158162,5,0
44,1,17000.0,17000.0,0.0,44,0.1590909090909091,1.0,0.0,0.0,0.0,0.0,0.0,1,3
54,3,128000.0,42666.666666666664,25324.559884296774,162,0.12962962962962962,0.0,0.0,0.0,0.0,1.0,0.5935443722882057,6,5
31,18,722000.0,40111.11111111111,20959.032557626175,179,0.7039106145251396,0.0,0.6111111111111112,0.0,0.2777777777777778,0.1111111111111111,0.5225243573923424,0,2
38,4,112000.0,28000.0,22094.494035090884,169,0.16568047337278108,0.0,0.0,0.0,0.5,0.5,0.7890890726818173,4,5
2,13,1133500.0,87192.30769230769,37487.51929061327,173,0.5260115606936416,0.07692307692307693,0.0,0.6153846153846154,0.15384615384615385,0.15384615384615385,0.42994067117597934,3,1
15,16,910000.0,56875.0,42841.76311342318,167,0.6706586826347305,0.0625,0.25,0.0625,0.375,0.25,0.7532617690272208,0,2
134,1,12000.0,12000.0,0.0,134,0.05223880597014925,0.0,0.0,0.0,0.0,1.0,0.0,6,6
4,23,2445500.0,106326.08695652174,49225.2726793436,168,0.9583333333333334,0.0,0.043478260869565216,0.8260869565217391,0.0,0.13043478260869565,0.4629651488958916,3,1
15,17,1911000.0,112411.76470588235,42415.075184905385,182,0.6538461538461539,0.058823529411764705,0.058823529411764705,0.7058823529411765,0.11764705882352941,0.058823529411764705,0.3773188268672902,3,1
72,3,119500.0,39833.333333333336,11094.292827095082,150,0.14,0.0,0.3333333333333333,0.0,0.0,0.6666666666666666,0.27851781155887234,6,5
28,2,147500.0,73750.0,35001.785668734105,123,0.11382113821138211,0.0,0.0,0.0,0.5,0.5,0.47460048364385227,4,5
17,19,1811500.0,95342.1052631579,24224.673275849098,181,0.7348066298342542,0.15789473684210525,0.10526315789473684,0.6842105263157895,0.0,0.05263157894736842,0.25408158555955446,3,1
5,10,346500.0,34650.0,11035.422762882967,182,0.38461538461538464,0.1,0.0,0.1,0.4,0.4,0.31848261941942185,0,2
4,12,8732000.0,727666.6666666666,475559.303888749,181,0.46408839779005523,0.08333333333333333,0.5833333333333334,0.0,0.16666666666666666,0.16666666666666666,0.6535400419909515,5,0
14,15,1719500.0,114633.33333333333,46259.92814932761,179,0.5865921787709497,0.0,0.06666666666666667,0.9333333333333333,0.0,0.0,0.40354691610346854,3,1
4,3,30000.0,10000.0,4444.097208657794,64,0.328125,0.3333333333333333,0.0,0.3333333333333333,0.0,0.3333333333333333,0.4444097208657794,1,3
32,23,1126000.0,48956.52173913043,30420.878387995854,178,0.904494382022472,0.17391304347826086,0.043478260869565216,0.21739130434782608,0.30434782608695654,0.2608695652173913,0.6213856153853505,0,2
26,3,57000.0,19000.0,13313.526955694348,176,0.11931818181818182,0.0,0.0,0.0,0.6666666666666666,0.3333333333333333,0.7007119450365447,4,5
15,17,11115000.0,653823.5294117647,377973.7896491828,170,0.7000000000000001,0.058823529411764705,0.5882352941176471,0.11764705882352941,0.0,0.23529411764705882,0.5780975640158441,5,0
6,1,25500.0,25500.0,0.0,6,1.1666666666666667,0.0,0.0,0.0,0.0,1.0,0.0,6,6
7,25,991500.0,39660.0,22474.392835699327,180,0.9722222222222222,0.16,0.24,0.16,0.24,0.2,0.5666765717523784,0,2
75,1,267000.0,267000.0,0.0,75,0.09333333333333334,0.0,0.0,0.0,0.0,1.0,0.0,6,6
109,3,15000.0,5000.0,2179.449471770337,156,0.1346153846153846,0.6666666666666666,0.0,0.3333333333333333,0.0,0.0,0.4358898943540674,1,3
122,2,22000.0,11000.0,6363.961030678927,173,0.08092485549132948,0.5,0.0,0.0,0.0,0.5,0.5785419118799024,1,3
92,3,21000.0,7000.0,4769.696007084728,125,0.16799999999999998,1.0,0.0,0.0,0.0,0.0,0.6813851438692469,1,3
43,14,703000.0,50214.28571428572,27714.696383045506,182,0.5384615384615384,0.07142857142857142,0.2857142857142857,0.14285714285714285,0.07142857142857142,0.42857142857142855,0.5519285197192562,0,2
3,7,51500.0,7357.142857142857,1841.9709940325183,141,0.3475177304964539,0.7142857142857143,0.14285714285714285,0.0,0.0,0.14285714285714285,0.2503649894801481,1,3
50,2,35000.0,17500.0,19798.98987322333,113,0.12389380530973451,1.0,0.0,0.0,0.0,0.0,1.131370849898476,1,3
14,18,806500.0,44805.555555555555,20061.771437303694,183,0.6885245901639344,0.05555555555555555,0.2222222222222222,0.05555555555555555,0.5,0.16666666666666666,0.44775187336821637,0,2
2,2,193500.0,96750.0,31466.251762801367,141,0.09929078014184398,0.5,0.0,0.5,0.0,0.0,0.32523257635970404,1,5
14,7,58500.0,8357.142857142857,3037.4644814697795,150,0.3266666666666667,0.8571428571428571,0.14285714285714285,0.0,0.0,0.0,0.3634572883809993,1,3
38,1,5000.0,5000.0,0.0,38,0.18421052631578946,0.0,0.0,0.0,0.0,1.0,0.0,6,6
121,2,12000.0,6000.0,707.1067811865476,138,0.10144927536231883,0.5,0.0,0.0,0.5,0.0,0.11785113019775792,4,3
13,19,15805500.0,831868.4210526316,654714.8412796312,182,0.7307692307692307,0.0,0.5789473684210527,0.15789473684210525,0.15789473684210525,0.10526315789473684,0.7870413453742681,5,0
19,15,543000.0,36200.0,18001.785625717403,173,0.6069364161849711,0.06666666666666667,0.3333333333333333,0.13333333333333333,0.3333333333333333,0.13333333333333333,0.4972868957380498,0,2
69,4,565500.0,141375.0,89282.67375775287,168,0.16666666666666666,0.0,0.25,0.75,0.0,0.0,0.6315308488612051,2,5
1,14,1310500.0,93607.14285714286,37055.145273076334,159,0.6163522012578616,0.07142857142857142,0.07142857142857142,0.7142857142857143,0.0,0.14285714285714285,0.3958580952484309,3,1
5,19,2259000.0,118894.73684210527,54735.114401433486,181,0.7348066298342542,0.0,0.21052631578947367,0.631578947368421,0.10526315789473684,0.05263157894736842,0.46036616805101205,3,1
82,1,27500.0,27500.0,0.0,82,0.08536585365853659,0.0,0.0,0.0,1.0,0.0,0.0,4,4
13,17,13238000.0,778705.8823529412,488797.50596564554,168,0.7083333333333334,0.058823529411764705,0.4117647058823529,0.058823529411764705,0.23529411764705882,0.23529411764705882,0.6277049102142298,5,0
1,8,252500.0,31562.5,10844.47686942199,169,0.33136094674556216,0.0,0.375,0.0,0.25,0.375,0.3435873859618848,0,2
5,17,1743000.0,102529.41176470589,47542.24127954374,183,0.6502732240437159,0.0,0.11764705882352941,0.5882352941176471,0.11764705882352941,0.17647058823529413,0.4636936900471851,3,1
1,11,445000.0,40454.545454545456,19505.71011967335,171,0.45029239766081874,0.0,0.18181818181818182,0.18181818181818182,0.09090909090909091,0.5454545454545454,0.4821636209357457,0,2
16,17,1881000.0,110647.05882352941,35677.708685660065,161,0.7391304347826086,0.058823529411764705,0.058823529411764705,0.6470588235294118,0.058823529411764705,0.17647058823529413,0.3224460646763536,3,1
126,1,56500.0,56500.0,0.0,126,0.05555555555555555,0.0,0.0,1.0,0.0,0.0,0.0,2,6
27,17,7005500.0,412088.23529411765,228976.81619094362,182,0.6538461538461539,0.058823529411764705,0.47058823529411764,0.11764705882352941,0.17647058823529413,0.17647058823529413,0.5556499714861239,5,0
6,11,6530500.0,593681.8181818182,525784.5696065677,166,0.463855421686747,0.09090909090909091,0.7272727272727273,0.09090909090909091,0.09090909090909091,0.0,0.88563360625867,5,0
42,3,45500.0,15166.666666666666,6370.504951205464,95,0.22105263157894736,0.3333333333333333,0.0,0.0,0.6666666666666666,0.0,0.42003329348607454,4,3
106,1,9000.0,9000.0,0.0,106,0.0660377358490566,1.0,0.0,0.0,0.0,0.0,0.0,1,3
3,17,1826000.0,107411.76470588235,41199.679646098906,178,0.6685393258426967,0.0,0.11764705882352941,0.7058823529411765,0.0,0.17647058823529413,0.3835676637369559,3,1
56,4,59000.0,14750.0,2397.91576165636,139,0.2014388489208633,0.25,0.0,0.0,0.25,0.5,0.1625705601122956,6,3
4,16,632500.0,39531.25,20068.60628776531,166,0.6746987951807228,0.3125,0.3125,0.0625,0.25,0.0625,0.507664348781415,0,2
27,2,28500.0,14250.0,6010.407640085654,95,0.1473684210526316,0.0,0.0,0.5,0.0,0.5,0.42178299228671257,6,5
3,15,9785000.0,652333.3333333334,337188.1981214363,164,0.6402439024390244,0.0,0.4666666666666667,0.06666666666666667,0.13333333333333333,0.3333333333333333,0.5168955515402702,5,0
13,5,28000.0,5600.0,1949.3588689617927,138,0.25362318840579706,0.6,0.0,0.0,0.0,0.4,0.34809979802889157,1,3
2,16,1738000.0,108625.0,40438.63664038803,155,0.7225806451612904,0.1875,0.0,0.6875,0.0625,0.0625,0.3722774374258967,3,1
9,3,89500.0,29833.333333333332,7815.582725128904,86,0.2441860465116279,0.0,0.0,0.0,0.6666666666666666,0.3333333333333333,0.2619748399484549,4,5
58,2,292500.0,146250.0,91570.3281636579,86,0.1627906976744186,0.0,0.5,0.0,0.0,0.5,0.6261219019737293,2,5
3,4,58500.0,14625.0,4956.0569003997525,163,0.17177914110429449,0.25,0.0,0.0,0.25,0.5,0.338875685497419,6,5
43,3,551500.0,183833.33333333334,173968.62743993048,128,0.1640625,0.3333333333333333,0.0,0.3333333333333333,0.3333333333333333,0.0,0.9463388618672555,4,5
149,1,11000.0,11000.0,0.0,149,0.04697986577181208,1.0,0.0,0.0,0.0,0.0,0.0,1,3
16,19,2238000.0,117789.47368421052,42863.90471580232,179,0.7430167597765363,0.05263157894736842,0.10526315789473684,0.5789473684210527,0.15789473684210525,0.10526315789473684,0.36390267631825024,3,1
95,3,50000.0,16666.666666666668,8693.867570496652,165,0.12727272727272726,1.0,0.0,0.0,0.0,0.0,0.5216320542297991,1,3
115,1,12500.0,12500.0,0.0,115,0.06086956521739131,0.0,1.0,0.0,0.0,0.0,0.0,2,6
7,21,2580500.0,122880.95238095238,44433.06898074472,177,0.8305084745762712,0.2857142857142857,0.09523809523809523,0.42857142857142855,0.14285714285714285,0.047619047619047616,0.3615944385179768,3,1
34,3,15500.0,5166.666666666667,288.67513459481273,53,0.39622641509433965,0.3333333333333333,0.0,0.0,0.0,0.6666666666666666,0.055872606695770204,6,3
14,16,727500.0,45468.75,31112.413787211473,170,0.6588235294117647,0.1875,0.25,0.125,0.25,0.1875,0.6842592722960599,0,2
8,21,928500.0,44214.28571428572,24729.320364989526,162,0.9074074074074074,0.0,0.38095238095238093,0.14285714285714285,0.19047619047619047,0.2857142857142857,0.5593061148785999,0,2
14,21,2157000.0,102714.28571428571,31296.394132779667,182,0.8076923076923077,0.047619047619047616,0.09523809523809523,0.5714285714285714,0.14285714285714285,0.14285714285714285,0.3046936841856157,3,1
94,1,35000.0,35000.0,0.0,94,0.07446808510638298,1.0,0.0,0.0,0.0,0.0,0.0,1,3
3,21,846500.0,40309.52380952381,22189.792805745274,172,0.8546511627906976,0.09523809523809523,0.2857142857142857,0.09523809523809523,0.14285714285714285,0.38095238095238093,0.5504851139050806,0,2
23,12,7400500.0,616708.3333333334,569628.964499673,171,0.4912280701754386,0.0,0.4166666666666667,0.08333333333333333,0.16666666666666666,0.3333333333333333,0.9236602356592224,5,0
31,2,407000.0,203500.0,231223.91744800104,40,0.35,0.0,0.5,0.0,0.5,0.0,1.1362354665749437,0,5
125,2,23000.0,11500.0,7778.174593052023,159,0.0880503144654088,0.5,0.5,0.0,0.0,0.0,0.6763630080914802,1,3
110,1,16000.0,16000.0,0.0,110,0.06363636363636364,0.0,1.0,0.0,0.0,0.0,0.0,2,6
29,3,123500.0,41166.666666666664,26936.654085712526,106,0.19811320754716982,0.0,0.6666666666666666,0.0,0.3333333333333333,0.0,0.654331678195446,2,5
7,18,10986000.0,610333.3333333334,395343.89348723606,170,0.7411764705882353,0.0,0.5555555555555556,0.16666666666666666,0.1111111111111111,0.16666666666666666,0.647750781246154,5,0
15,6,1672000.0,278666.6666666667,196619.85318544685,144,0.29166666666666663,0.16666666666666666,0.0,0.3333333333333333,0.5,0.0,0.7055736358329432,0,5
7,3,80500.0,26833.333333333332,7182.153808805081,127,0.16535433070866143,0.0,0.3333333333333333,0.0,0.3333333333333333,0.3333333333333333,0.26765790591820177,4,5
99,2,19000.0,9500.0,1414.213562373095,109,0.12844036697247707,0.5,0.0,0.0,0.5,0.0,0.1488645855129574,4,3
20,21,2047500.0,97500.0,30505.737165326784,180,0.8166666666666667,0.0,0.09523809523809523,0.6190476190476191,0.14285714285714285,0.14285714285714285,0.3128793555418132,3,1
4,24,1127000.0,46958.333333333336,32605.319873572327,183,0.9180327868852459,0.125,0.2916666666666667,0.041666666666666664,0.3333333333333333,0.20833333333333334,0.6943457648320637,0,2
115,2,628500.0,314250.0,286731.79977114504,143,0.0979020979020979,0.0,0.0,0.0,0.0,1.0,0.9124321392876533,6,5
1,11,7393000.0,672090.9090909091,408590.43173952436,172,0.4476744186046511,0.0,0.5454545454545454,0.18181818181818182,0.09090909090909091,0.18181818181818182,0.6079392329412645,5,0
7,17,802000.0,47176.470588235294,27056.042056529735,160,0.74375,0.0,0.35294117647058826,0.11764705882352941,0.23529411764705882,0.29411764705882354,0.5735071258865405,0,2
13,14,546500.0,39035.71428571428,25625.606398614324,149,0.6577181208053692,0.0,0.35714285714285715,0.0,0.2857142857142857,0.35714285714285715,0.6564656716936881,0,2
5,14,1449500.0,103535.71428571429,39390.28789206522,167,0.5868263473053892,0.07142857142857142,0.0,0.6428571428571429,0.07142857142857142,0.21428571428571427,0.3804512110996296,3,1
18,19,814000.0,42842.10526315789,28190.351300272025,175,0.76,0.10526315789473684,0.47368421052631576,0.05263157894736842,0.3157894736842105,0.05263157894736842,0.6580057428810424,0,2
87,4,38500.0,9625.0,5234.102915814068,163,0.17177914110429449,0.25,0.0,0.0,0.25,0.5,0.5438029003443188,6,3
6,13,381500.0,29346.153846153848,13772.533982811306,168,0.5416666666666666,0.07692307692307693,0.15384615384615385,0.0,0.3076923076923077,0.46153846153846156,0.4693130846043171,0,2
30,3,41000.0,13666.666666666666,6251.666444503684,109,0.1926605504587156,0.3333333333333333,0.0,0.0,0.0,0.6666666666666666,0.4574390081344159,6,3
141,3,32500.0,10833.333333333334,3253.203549323856,163,0.12883435582822086,0.0,0.0,0.3333333333333333,0.6666666666666666,0.0,0.300295712245279,4,5
5,14,12193500.0,870964.2857142857,466485.3227258939,171,0.5730994152046784,0.0,0.5714285714285714,0.21428571428571427,0.07142857142857142,0.14285714285714285,0.5355963848085057,5,0
25,2,25500.0,12750.0,353.5533905932738,35,0.4,0.0,0.0,0.0,0.5,0.5,0.0277296776935901,4,5
3,24,1131000.0,47125.0,29837.69500947184,179,0.9385474860335195,0.125,0.2916666666666667,0.2916666666666667,0.16666666666666666,0.125,0.6331606368057685,0,2
7,19,2195000.0,115526.31578947368,38223.20182683205,159,0.8364779874213836,0.15789473684210525,0.05263157894736842,0.5789473684210527,0.0,0.21052631578947367,0.3308614281138082,3,1
54,2,47000.0,23500.0,7778.174593052023,111,0.12612612612612611,0.0,0.0,0.0,0.0,1.0,0.3309861528958308,6,5
2,22,2309500.0,104977.27272727272,36317.21265550173,183,0.8415300546448088,0.045454545454545456,0.045454545454545456,0.6363636363636364,0.2727272727272727,0.0,0.34595309738949476,3,1
3,16,815500.0,50968.75,27775.570051155864,182,0.6153846153846154,0.0625,0.0625,0.3125,0.3125,0.25,0.5449529378522303,0,2
3,19,827500.0,43552.63157894737,25913.260621222325,181,0.7348066298342542,0.15789473684210525,0.10526315789473684,0.0,0.3157894736842105,0.42105263157894735,0.5949872529344099,0,2
13,2,67000.0,33500.0,22627.41699796952,33,0.42424242424242425,0.0,0.0,0.5,0.0,0.5,0.6754452835214783,6,5
10,16,13519000.0,844937.5,576394.045626196,163,0.6871165644171779,0.0625,0.75,0.0625,0.0625,0.0625,0.6821735875448728,5,0
56,1,14500.0,14500.0,0.0,56,0.125,0.0,0.0,0.0,0.0,1.0,0.0,6,6
44,1,80500.0,80500.0,0.0,44,0.1590909090909091,0.0,0.0,0.0,0.0,1.0,0.0,6,6
32,4,65500.0,16375.0,14550.916351442154,166,0.1686746987951807,0.0,0.25,0.0,0.25,0.5,0.8886055787140247,4,5
2,18,10762000.0,597888.8888888889,326930.8955383635,183,0.6885245901639344,0.05555555555555555,0.4444444444444444,0.05555555555555555,0.3333333333333333,0.1111111111111111,0.5468087827253804,5,0
2,21,14293000.0,680619.0476190476,655134.6408327434,164,0.8963414634146342,0.047619047619047616,0.5714285714285714,0.047619047619047616,0.09523809523809523,0.23809523809523808,0.9625570179449808,5,0
8,21,970000.0,46190.47619047619,29671.735789500162,180,0.8166666666666667,0.09523809523809523,0.09523809523809523,0.19047619047619047,0.38095238095238093,0.23809523809523808,0.6423777851335086,0,2
2,15,12606500.0,840433.3333333334,913993.2569825249,153,0.6862745098039216,0.06666666666666667,0.8,0.06666666666666667,0.0,0.06666666666666667,1.0875261852804405,5,0
23,2,20000.0,10000.0,2121.3203435596424,109,0.12844036697247707,0.0,0.0,0.0,0.0,1.0,0.21213203435596426,6,5
91,1,18000.0,18000.0,0.0,91,0.07692307692307693,0.0,0.0,0.0,0.0,1.0,0.0,6,6
10,21,1048500.0,49928.57142857143,31960.634268692836,178,0.8258426966292135,0.14285714285714285,0.38095238095238093,0.0,0.09523809523809523,0.38095238095238093,0.6401271527349066,0,2
3,4,840500.0,210125.0,129929.0671866769,56,0.5,0.25,0.25,0.0,0.25,0.25,0.6183417831608656,0,5
18,4,33500.0,8375.0,4150.803135137424,140,0.2,0.25,0.0,0.25,0.5,0.0,0.49561828479252823,4,3
2,21,1035500.0,49309.52380952381,26650.73929109481,175,0.84,0.047619047619047616,0.23809523809523808,0.047619047619047616,0.2857142857142857,0.38095238095238093,0.5404785370477944,0,2
4,17,1544000.0,90823.5294117647,40969.859796742116,173,0.6878612716763005,0.0,0.058823529411764705,0.7647058823529411,0.11764705882352941,0.058823529411764705,0.45109301589677203,3,1
156,1,692854.152304978,692854.152304978,0.0,156,0.04487179487179487,0.0,0.0,0.0,0.0,1.0,0.0,6,6
10,6,81500.0,13583.333333333334,5014.146653885053,167,0.25149700598802394,0.0,0.16666666666666666,0.0,0.16666666666666666,0.6666666666666666,0.3691396309608628,6,5
54,3,227000.0,75666.66666666667,24618.75978463036,165,0.12727272727272726,0.0,0.0,0.3333333333333333,0.6666666666666666,0.0,0.325358058827714,4,5
20,15,1509500.0,100633.33333333333,21725.12260911207,169,0.6213017751479291,0.0,0.06666666666666667,0.6666666666666666,0.06666666666666667,0.2,0.21588396100475724,3,1
9,4,26000.0,6500.0,1354.0064007726603,136,0.2058823529411765,0.25,0.0,0.5,0.0,0.25,0.20830867704194775,1,3
141,3,23500.0,7833.333333333333,2020.7259421636902,163,0.12883435582822086,0.6666666666666666,0.3333333333333333,0.0,0.0,0.0,0.25796501389323706,1,3
37,17,872000.0,51294.117647058825,44840.36226699439,179,0.6648044692737429,0.0,0.23529411764705882,0.17647058823529413,0.4117647058823529,0.17647058823529413,0.8741813744712208,0,2
42,3,44000.0,14666.666666666666,4536.885862938733,134,0.15671641791044777,0.0,0.3333333333333333,0.0,0.6666666666666666,0.0,0.30933312701855,4,5
5,22,17865000.0,812045.4545454546,525969.8051511474,179,0.8603351955307262,0.0,0.4090909090909091,0.2727272727272727,0.13636363636363635,0.18181818181818182,0.6477098076308561,5,0
8,18,807000.0,44833.333333333336,40088.50502692907,176,0.7159090909090909,0.05555555555555555,0.2222222222222222,0.0,0.4444444444444444,0.2777777777777778,0.8941673983701651,0,2
60,1,16000.0,16000.0,0.0,60,0.11666666666666667,0.0,0.0,0.0,0.0,1.0,0.0,6,6
32,3,36500.0,12166.666666666666,4252.450274057691,122,0.17213114754098363,0.6666666666666666,0.0,0.0,0.3333333333333333,0.0,0.34951646088145405,1,3
18,13,662000.0,50923.07692307692,24186.64072879055,151,0.6026490066225165,0.07692307692307693,0.5384615384615384,0.0,0.15384615384615385,0.23076923076923078,0.4749642439188477,0,2
3,14,9434500.0,673892.8571428572,403986.25160210155,179,0.547486033519553,0.0,0.5,0.07142857142857142,0.2857142857142857,0.14285714285714285,0.5994814269361833,5,0
72,2,336000.0,168000.0,38890.87296526011,158,0.08860759493670886,0.5,0.0,0.0,0.5,0.0,0.23149329145988162,4,5
13,3,63500.0,21166.666666666668,8519.585279421372,65,0.32307692307692304,0.3333333333333333,0.0,0.0,0.0,0.6666666666666666,0.40250009194116715,6,5
8,10,10239500.0,1023950.0,683629.7101176598,171,0.40935672514619886,0.0,0.8,0.0,0.1,0.1,0.6676397383833779,5,0
40,2,16000.0,8000.0,3535.5339059327375,91,0.15384615384615385,0.0,0.0,1.0,0.0,0.0,0.44194173824159216,2,5
16,20,14943500.0,747175.0,426290.0629420746,169,0.8284023668639053,0.1,0.55,0.15,0.15,0.05,0.5705357686513529,5,0
19,17,720000.0,42352.94117647059,28458.722688462734,183,0.6502732240437159,0.0,0.35294117647058826,0.11764705882352941,0.17647058823529413,0.35294117647058826,0.6719420634775923,0,2
9,21,910000.0,43333.333333333336,25328.508312439822,176,0.8352272727272727,0.09523809523809523,0.09523809523809523,0.0,0.47619047619047616,0.3333333333333333,0.5845040379793804,0,2
60,2,11000.0,5500.0,2121.3203435596424,145,0.09655172413793103,0.5,0.0,0.0,0.5,0.0,0.385694607919935,4,3
128,3,39000.0,13000.0,7365.459931328118,181,0.11602209944751381,0.3333333333333333,0.0,0.0,0.0,0.6666666666666666,0.5665738408713937,6,3
5,14,9842500.0,703035.7142857143,539903.5691778569,178,0.550561797752809,0.0,0.7857142857142857,0.07142857142857142,0.14285714285714285,0.0,0.767960372719329,5,0
69,10,416000.0,41600.0,19453.36303401891,172,0.4069767441860465,0.0,0.2,0.1,0.3,0.4,0.467628919086993,0,2
60,2,37000.0,18500.0,9899.494936611665,90,0.15555555555555556,0.0,0.5,0.0,0.0,0.5,0.5351078344114414,2,5
46,3,20500.0,6833.333333333333,2081.6659994661327,118,0.17796610169491525,0.6666666666666666,0.0,0.0,0.3333333333333333,0.0,0.3046340487023609,1,3
4,19,12159500.0,639973.6842105263,332219.0740428592,169,0.7869822485207101,0.10526315789473684,0.5789473684210527,0.05263157894736842,0.15789473684210525,0.10526315789473684,0.5191136483255335,5,0
34,2,10000.0,5000.0,2121.3203435596424,164,0.08536585365853659,0.5,0.0,0.0,0.5,0.0,0.4242640687119285,4,3
20,5,68500.0,13700.0,1036.8220676663861,139,0.2517985611510791,0.2,0.2,0.0,0.2,0.4,0.07568044289535665,6,3
2,17,10643000.0,626058.8235294118,268719.9914846854,178,0.6685393258426967,0.058823529411764705,0.4117647058823529,0.058823529411764705,0.17647058823529413,0.29411764705882354,0.4292248290181012,5,0
107,3,861000.0,287000.0,137903.04565164616,180,0.11666666666666667,0.3333333333333333,0.0,0.3333333333333333,0.0,0.3333333333333333,0.4804984169046904,2,5
10,1,16500.0,16500.0,0.0,10,0.7,0.0,0.0,0.0,0.0,1.0,0.0,6,6
4,3,57500.0,19166.666666666668,5346.338310781814,127,0.16535433070866143,0.0,0.0,0.0,0.6666666666666666,0.3333333333333333,0.27893939012774677,4,5
160,1,41000.0,41000.0,0.0,160,0.04375,0.0,1.0,0.0,0.0,0.0,0.0,2,6
24,3,72000.0,24000.0,17578.395831246944,73,0.2876712328767123,0.0,0.0,0.0,0.3333333333333333,0.6666666666666666,0.7324331596352893,6,5
1,19,15632500.0,822763.1578947369,738332.1363500652,182,0.7307692307692307,0.15789473684210525,0.6842105263157895,0.05263157894736842,0.0,0.10526315789473684,0.8973811348569479,5,0
156,1,7000.0,7000.0,0.0,156,0.04487179487179487,1.0,0.0,0.0,0.0,0.0,0.0,1,3
31,14,607000.0,43357.142857142855,29030.109416728912,150,0.6533333333333334,0.14285714285714285,0.21428571428571427,0.07142857142857142,0.35714285714285715,0.21428571428571427,0.6695577130711776,0,2
117,1,32000.0,32000.0,0.0,117,0.059829059829059825,0.0,0.0,0.0,0.0,1.0,0.0,6,6
2,19,631500.0,33236.84210526316,14117.924403880486,155,0.8580645161290322,0.05263157894736842,0.3157894736842105,0.15789473684210525,0.3157894736842105,0.15789473684210525,0.4247673217319544,0,2
39,2,14500.0,7250.0,2474.8737341529163,69,0.20289855072463767,0.0,0.0,0.0,0.5,0.5,0.3413618943659195,4,5
144,3,51000.0,17000.0,7549.83443527075,177,0.11864406779661017,0.0,0.0,0.3333333333333333,0.0,0.6666666666666666,0.4441079079571029,6,5
1,23,2309000.0,100391.30434782608,36828.82903679323,178,0.904494382022472,0.0,0.13043478260869565,0.6086956521739131,0.13043478260869565,0.13043478260869565,0.36685277949166056,3,1
5,20,750500.0,37525.0,22914.29971827521,176,0.7954545454545455,0.05,0.3,0.05,0.3,0.3,0.610640898554969,0,2
17,11,1182500.0,107500.0,33915.33576422324,182,0.4230769230769231,0.09090909090909091,0.0,0.8181818181818182,0.09090909090909091,0.0,0.3154914954811464,3,1
131,1,14500.0,14500.0,0.0,131,0.05343511450381679,0.0,0.0,0.0,0.0,1.0,0.0,6,6
52,5,97000.0,19400.0,15809.016414691965,183,0.1912568306010929,0.0,0.2,0.0,0.4,0.4,0.8148977533346374,4,5
141,2,43000.0,21500.0,15556.349186104046,150,0.09333333333333334,0.0,0.5,0.0,0.0,0.5,0.7235511249350719,2,5
1,18,2004500.0,111361.11111111111,52105.8892334682,182,0.6923076923076923,0.0,0.16666666666666666,0.7222222222222222,0.0,0.1111111111111111,0.46790022758913824,3,1
82,13,10753500.0,827192.3076923077,580616.7173238276,183,0.4972677595628415,0.07692307692307693,0.6153846153846154,0.07692307692307693,0.07692307692307693,0.15384615384615385,0.701912616841936,5,0
103,1,56500.0,56500.0,0.0,103,0.06796116504854369,0.0,0.0,1.0,0.0,0.0,0.0,2,6
3,2,255500.0,127750.0,68942.91116568839,156,0.08974358974358974,0.0,0.0,0.5,0.5,0.0,0.5396705375004962,4,5
7,22,16565000.0,752954.5454545454,578502.6424825623,176,0.875,0.045454545454545456,0.5454545454545454,0.045454545454545456,0.09090909090909091,0.2727272727272727,0.7683101801760562,5,0
45,1,16000.0,16000.0,0.0,45,0.15555555555555556,0.0,0.0,0.0,1.0,0.0,0.0,4,4
120,1,14500.0,14500.0,0.0,120,0.058333333333333334,1.0,0.0,0.0,0.0,0.0,0.0,1,3
11,2,49500.0,24750.0,9545.941546018392,65,0.21538461538461537,0.0,0.0,0.0,1.0,0.0,0.38569460791993504,4,4
8,18,788500.0,43805.555555555555,27068.07262358285,157,0.802547770700637,0.05555555555555555,0.2222222222222222,0.05555555555555555,0.5,0.16666666666666666,0.6179141499359434,0,2
8,14,11249000.0,803500.0,573305.8654720143,181,0.5414364640883977,0.0,0.5,0.0,0.2857142857142857,0.21428571428571427,0.7135107224293893,5,0
4,17,531000.0,31235.29411764706,16496.323119731507,157,0.7579617834394905,0.058823529411764705,0.23529411764705882,0.17647058823529413,0.29411764705882354,0.23529411764705882,0.5281308720064701,0,2
14,2,22000.0,11000.0,4242.640687119285,32,0.4375,0.0,0.0,0.0,0.0,1.0,0.385694607919935,6,5
7,25,2633000.0,105320.0,40831.68704164288,168,1.0416666666666667,0.08,0.04,0.68,0.04,0.16,0.3876916733919757,3,1
6,20,719500.0,35975.0,18865.50388518964,177,0.7909604519774012,0.2,0.1,0.05,0.35,0.3,0.5244059453840066,0,2
80,2,195500.0,97750.0,110662.21125569468,107,0.1308411214953271,0.0,0.0,0.0,0.5,0.5,1.1320942327948305,4,5
48,3,23000.0,7666.666666666667,2753.785273643051,167,0.12574850299401197,1.0,0.0,0.0,0.0,0.0,0.3591893835186588,1,3
5,17,1687000.0,99235.29411764706,39052.495777742406,179,0.6648044692737429,0.0,0.11764705882352941,0.7647058823529411,0.058823529411764705,0.058823529411764705,0.3935343380092596,3,1
5,18,2208500.0,122694.44444444444,55105.55082771739,174,0.7241379310344828,0.0,0.1111111111111111,0.6666666666666666,0.2222222222222222,0.0,0.4491283291369314,3,1
4,14,1437000.0,102642.85714285714,45142.691959636584,171,0.5730994152046784,0.0,0.14285714285714285,0.6428571428571429,0.07142857142857142,0.14285714285714285,0.43980354031657076,3,1
75,1,5000.0,5000.0,0.0,75,0.09333333333333334,1.0,0.0,0.0,0.0,0.0,0.0,1,3
96,2,75500.0,37750.0,35708.89244992065,174,0.08045977011494253,0.0,0.0,0.0,0.5,0.5,0.9459309258257125,4,5
2,16,927000.0,57937.5,69091.21386495778,165,0.6787878787878787,0.125,0.125,0.25,0.3125,0.1875,1.1925128606680955,0,2
5,17,13377000.0,786882.3529411765,570088.5218929756,177,0.672316384180791,0.0,0.6470588235294118,0.058823529411764705,0.11764705882352941,0.17647058823529413,0.7244901601390883,5,0
17,16,12701500.0,793843.75,699118.2713187138,182,0.6153846153846154,0.0625,0.4375,0.1875,0.125,0.1875,0.8806749077746266,5,0
11,14,877000.0,62642.857142857145,50724.53077139326,98,1.0,0.07142857142857142,0.42857142857142855,0.07142857142857142,0.21428571428571427,0.21428571428571427,0.809741654275377,0,2
10,22,2409500.0,109522.72727272728,44818.54348176478,181,0.8508287292817679,0.0,0.09090909090909091,0.7727272727272727,0.09090909090909091,0.045454545454545456,0.4092168319563499,3,1
3,21,1147000.0,54619.04761904762,31367.939349718512,154,0.9545454545454546,0.047619047619047616,0.47619047619047616,0.09523809523809523,0.09523809523809523,0.2857142857142857,0.5743040334298943,0,2
58,2,20000.0,10000.0,707.1067811865476,139,0.10071942446043165,0.5,0.5,0.0,0.0,0.0,0.07071067811865475,1,3
1,3,44000.0,14666.666666666666,5859.465277082316,146,0.14383561643835616,0.0,0.0,0.0,0.3333333333333333,0.6666666666666666,0.39950899616470337,6,5
17,20,637500.0,31875.0,14736.166572862765,170,0.823529411764706,0.05,0.2,0.15,0.25,0.35,0.4623111081682436,0,2
4,16,654000.0,40875.0,25794.37923269331,159,0.7044025157232704,0.0,0.5625,0.125,0.0625,0.25,0.6310551494236896,0,2
20,5,74000.0,14800.0,2196.5882636488795,182,0.19230769230769232,0.2,0.0,0.2,0.2,0.4,0.1484181259222216,6,5
5,2,69000.0,34500.0,4242.640687119285,67,0.208955223880597,0.0,0.0,0.0,1.0,0.0,0.12297509238026913,4,4
2,26,1004500.0,38634.61538461538,17149.66920515244,183,0.994535519125683,0.07692307692307693,0.23076923076923078,0.0,0.3076923076923077,0.38461538461538464,0.4438938768879676,0,2
19,5,92000.0,18400.0,6767.569726275452,162,0.2160493827160494,0.4,0.0,0.2,0.4,0.0,0.3678027025149702,4,3
9,17,1145677.1518303792,67392.77363708113,110831.9651919755,163,0.7300613496932515,0.11764705882352941,0.29411764705882354,0.058823529411764705,0.23529411764705882,0.29411764705882354,1.6445674990143613,0,0
106,1,17000.0,17000.0,0.0,106,0.0660377358490566,0.0,0.0,0.0,0.0,1.0,0.0,6,6
119,4,75500.0,18875.0,5153.882032022076,147,0.19047619047619047,0.0,0.0,0.0,0.0,1.0,0.2730533526899113,6,5
33,2,44500.0,22250.0,13081.47545195113,146,0.0958904109589041,0.0,0.0,0.0,0.5,0.5,0.5879314809865677,4,5
76,3,70500.0,23500.0,10148.891565092219,153,0.1372549019607843,0.0,0.0,0.0,0.3333333333333333,0.6666666666666666,0.431867726174137,6,5
10,11,479000.0,43545.454545454544,25595.365347514133,178,0.43258426966292135,0.0,0.09090909090909091,0.45454545454545453,0.09090909090909091,0.36363636363636365,0.5877850079804916,3,2
9,13,456500.0,35115.38461538462,19540.720139998517,181,0.5027624309392265,0.15384615384615385,0.23076923076923078,0.07692307692307693,0.46153846153846156,0.07692307692307693,0.5564717674041199,0,2
104,2,39000.0,19500.0,3535.5339059327375,168,0.08333333333333333,0.0,0.0,0.0,0.5,0.5,0.18130943107347372,4,5
7,1,83500.0,83500.0,0.0,7,1.0,0.0,0.0,0.0,0.0,1.0,0.0,6,6
85,2,13000.0,6500.0,1414.213562373095,100,0.13999999999999999,0.5,0.0,0.0,0.5,0.0,0.21757131728816848,4,3
2,1,8500.0,8500.0,0.0,2,3.5,0.0,0.0,0.0,0.0,1.0,0.0,6,6
5,22,16083500.0,731068.1818181818,388415.8698959312,183,0.8415300546448088,0.045454545454545456,0.4090909090909091,0.13636363636363635,0.22727272727272727,0.18181818181818182,0.5312991039083835,5,0
5,19,10781000.0,567421.052631579,272711.04280079505,183,0.726775956284153,0.0,0.47368421052631576,0.10526315789473684,0.2631578947368421,0.15789473684210525,0.4806149534565537,5,0
62,2,25000.0,12500.0,4949.747468305833,104,0.1346153846153846,0.0,0.0,0.0,0.5,0.5,0.3959797974644666,4,5
113,2,120500.0,60250.0,30052.03820042827,131,0.10687022900763359,0.5,0.0,0.0,0.5,0.0,0.49878901577474305,4,3
146,1,35000.0,35000.0,0.0,146,0.04794520547945205,1.0,0.0,0.0,0.0,0.0,0.0,1,3
75,2,322000.0,161000.0,80610.17305526642,102,0.13725490196078433,0.5,0.0,0.5,0.0,0.0,0.5006843046910958,2,5
38,1,307500.0,307500.0,0.0,38,0.18421052631578946,0.0,0.0,0.0,1.0,0.0,0.0,4,4
96,3,46000.0,15333.333333333334,4618.802153517006,161,0.13043478260869565,0.0,0.0,0.0,0.6666666666666666,0.3333333333333333,0.30122622740328303,4,5
108,1,183000.0,183000.0,0.0,108,0.06481481481481481,1.0,0.0,0.0,0.0,0.0,0.0,1,3
146,1,152000.0,152000.0,0.0,146,0.04794520547945205,0.0,0.0,0.0,1.0,0.0,0.0,4,4
22,2,71000.0,35500.0,9192.388155425118,55,0.2545454545454546,0.0,0.0,0.5,0.0,0.5,0.25894051142042585,6,5
137,3,24500.0,8166.666666666667,577.3502691896257,177,0.11864406779661017,1.0,0.0,0.0,0.0,0.0,0.07069595132934192,1,3
20,15,656000.0,43733.333333333336,26191.51080207551,183,0.5737704918032787,0.06666666666666667,0.2,0.06666666666666667,0.3333333333333333,0.3333333333333333,0.5988912530962388,0,2
16,2,15000.0,7500.0,2121.3203435596424,172,0.0813953488372093,1.0,0.0,0.0,0.0,0.0,0.282842712474619,1,3
27,2,315500.0,157750.0,68942.91116568839,139,0.10071942446043165,0.5,0.5,0.0,0.0,0.0,0.4370390565178345,2,5
1,24,1063500.0,44312.5,25043.793164913266,178,0.9438202247191012,0.08333333333333333,0.16666666666666666,0.16666666666666666,0.3333333333333333,0.25,0.5651631743845025,0,2
4,23,2703000.0,117521.73913043478,60778.37501583286,176,0.9147727272727273,0.08695652173913043,0.08695652173913043,0.5652173913043478,0.2608695652173913,0.0,0.517167083005607,3,1
16,21,770000.0,36666.666666666664,18424.395060173163,183,0.8032786885245902,0.19047619047619047,0.2857142857142857,0.0,0.2857142857142857,0.23809523809523808,0.5024835016410863,0,2
143,1,116000.0,116000.0,0.0,143,0.04895104895104895,0.0,0.0,0.0,1.0,0.0,0.0,4,4
81,1,173000.0,173000.0,0.0,81,0.08641975308641975,1.0,0.0,0.0,0.0,0.0,0.0,1,3
3,19,2697500.0,141973.68421052632,83619.25510647295,178,0.7471910112359551,0.05263157894736842,0.0,0.7894736842105263,0.0,0.15789473684210525,0.5889771444014776,3,1
88,2,321500.0,160750.0,146724.6570962086,98,0.14285714285714285,0.5,0.0,0.5,0.0,0.0,0.9127505884678606,2,5
9,21,897500.0,42738.09523809524,18304.79380354983,165,0.8909090909090909,0.23809523809523808,0.23809523809523808,0.14285714285714285,0.19047619047619047,0.19047619047619047,0.42830158203292085,0,2
51,2,65500.0,32750.0,11667.261889578034,73,0.1917808219178082,0.0,0.0,0.0,1.0,0.0,0.3562522714374972,4,4
5,6,104500.0,17416.666666666668,12943.788729219381,172,0.2441860465116279,0.0,0.16666666666666666,0.16666666666666666,0.3333333333333333,0.3333333333333333,0.7431840418690553,0,5
1,21,851500.0,40547.619047619046,19120.607183026877,162,0.9074074074074074,0.09523809523809523,0.23809523809523808,0.09523809523809523,0.42857142857142855,0.14285714285714285,0.4715593080957891,0,2
111,1,26500.0,26500.0,0.0,111,0.06306306306306306,0.0,0.0,0.0,0.0,1.0,0.0,6,6
39,3,118000.0,39333.333333333336,15429.949233012187,151,0.1390728476821192,0.0,0.3333333333333333,0.0,0.3333333333333333,0.3333333333333333,0.3922868449070895,4,5
101,3,52000.0,17333.333333333332,4536.885862938732,158,0.13291139240506328,0.0,0.0,0.0,0.0,1.0,0.26174341516954225,6,5
73,2,43000.0,21500.0,8485.28137423857,83,0.1686746987951807,0.0,0.0,0.0,0.5,0.5,0.39466424996458466,4,5
26,1,16500.0,16500.0,0.0,26,0.2692307692307692,0.0,0.0,0.0,0.0,1.0,0.0,6,6
72,2,56500.0,28250.0,17324.116139070415,118,0.11864406779661017,0.0,0.0,0.0,0.5,0.5,0.6132430491706341,4,5
26,2,1261500.0,630750.0,517955.7172191461,81,0.1728395061728395,0.0,0.0,0.0,0.5,0.5,0.8211743435896093,4,5
94,2,32500.0,16250.0,353.5533905932738,116,0.12068965517241378,0.5,0.0,0.5,0.0,0.0,0.021757131728816846,1,3
121,2,33500.0,16750.0,13788.582233137677,139,0.10071942446043165,0.0,0.0,0.0,0.5,0.5,0.8231989392918015,4,5
4,18,16806000.0,933666.6666666666,873697.9219521638,175,0.72,0.0,0.6666666666666666,0.1111111111111111,0.05555555555555555,0.16666666666666666,0.9357707125514072,5,0
24,4,61500.0,15375.0,9612.27513824554,177,0.15819209039548024,0.0,0.0,0.0,0.0,1.0,0.6251886268777588,6,5
60,2,28500.0,14250.0,10960.155108391487,136,0.10294117647058824,0.0,0.5,0.0,0.0,0.5,0.7691336918169465,2,5
4,13,7685000.0,591153.8461538461,322868.87073904736,179,0.5083798882681564,0.07692307692307693,0.6153846153846154,0.15384615384615385,0.15384615384615385,0.0,0.5461672504369052,5,0
4,18,745500.0,41416.666666666664,23376.238564229374,168,0.75,0.05555555555555555,0.16666666666666666,0.16666666666666666,0.2777777777777778,0.3333333333333333,0.5644162228787777,0,2
60,2,41000.0,20500.0,9192.388155425118,63,0.2222222222222222,0.0,0.0,0.0,0.5,0.5,0.4484091783134204,4,5
6,14,9164000.0,654571.4285714285,400791.90155447053,176,0.5568181818181819,0.0,0.35714285714285715,0.21428571428571427,0.07142857142857142,0.35714285714285715,0.6122966632215832,5,0
57,6,141000.0,23500.0,9710.818709048172,165,0.2545454545454545,0.16666666666666666,0.16666666666666666,0.0,0.16666666666666666,0.5,0.413226328044603,6,3
41,2,725000.0,362500.0,103944.69683442249,59,0.23728813559322035,0.5,0.0,0.0,0.0,0.5,0.2867439912673724,1,5
170,3,65000.0,21666.666666666668,5057.99696849784,183,0.11475409836065574,0.3333333333333333,0.0,0.0,0.0,0.6666666666666666,0.2334460139306695,6,3
57,2,20000.0,10000.0,7778.174593052023,138,0.10144927536231883,0.5,0.0,0.0,0.0,0.5,0.7778174593052023,1,3
5,3,669500.0,223166.66666666666,116825.01159141108,174,0.12068965517241378,0.0,0.0,0.6666666666666666,0.3333333333333333,0.0,0.5234877293117748,3,5
13,2,17000.0,8500.0,707.1067811865476,142,0.09859154929577466,1.0,0.0,0.0,0.0,0.0,0.0831890330807703,1,3
31,1,102500.0,102500.0,0.0,31,0.22580645161290322,0.0,0.0,0.0,0.0,1.0,0.0,6,6
5,17,851500.0,50088.23529411765,29012.516315224646,182,0.6538461538461539,0.058823529411764705,0.11764705882352941,0.058823529411764705,0.7058823529411765,0.058823529411764705,0.5792281589651427,0,2
10,18,13921500.0,773416.6666666666,411552.70014908176,176,0.7159090909090909,0.0,0.6111111111111112,0.05555555555555555,0.1111111111111111,0.2222222222222222,0.5321228748829847,5,0
22,17,664500.0,39088.23529411765,18236.497825546892,183,0.6502732240437159,0.058823529411764705,0.23529411764705882,0.17647058823529413,0.23529411764705882,0.29411764705882354,0.4665469722111319,0,2
74,1,148500.0,148500.0,0.0,74,0.0945945945945946,0.0,0.0,0.0,0.0,1.0,0.0,6,6
8,19,11254500.0,592342.1052631579,370992.8515570519,178,0.7471910112359551,0.05263157894736842,0.5789473684210527,0.10526315789473684,0.21052631578947367,0.05263157894736842,0.6263151787803977,5,0
17,3,56000.0,18666.666666666668,5057.99696849784,162,0.12962962962962962,0.0,0.0,0.0,0.3333333333333333,0.6666666666666666,0.27096412331238423,6,5
25,5,32000.0,6400.0,2631.5394733881535,171,0.20467836257309943,1.0,0.0,0.0,0.0,0.0,0.411178042716899,1,3
9,13,475000.0,36538.46153846154,22491.166357095935,161,0.5652173913043478,0.0,0.46153846153846156,0.15384615384615385,0.23076923076923078,0.15384615384615385,0.6155477108257835,0,2
1,33,20133000.0,610090.9090909091,452678.2186081773,178,1.2977528089887642,0.09090909090909091,0.6060606060606061,0.06060606060606061,0.12121212121212122,0.12121212121212122,0.7419848613753466,5,0
4,15,1447500.0,96500.0,31696.101607971563,173,0.6069364161849711,0.06666666666666667,0.2,0.5333333333333333,0.06666666666666667,0.13333333333333333,0.3284570114815706,3,1
3,20,1122000.0,56100.0,36586.810968463826,153,0.9150326797385621,0.05,0.15,0.2,0.3,0.3,0.6521713185109417,0,2
2,9,8371000.0,930111.1111111111,703111.9566691432,175,0.36,0.1111111111111111,0.4444444444444444,0.1111111111111111,0.2222222222222222,0.1111111111111111,0.7559440461142383,5,0
54,3,185500.0,61833.333333333336,22368.132093076823,180,0.11666666666666667,0.0,0.0,0.6666666666666666,0.3333333333333333,0.0,0.3617487670039378,2,5
7,17,743500.0,43735.294117647056,33945.78289671028,183,0.6502732240437159,0.058823529411764705,0.17647058823529413,0.058823529411764705,0.47058823529411764,0.23529411764705882,0.7761645046994954,0,2
9,20,17743500.0,887175.0,396318.7272292739,179,0.7821229050279329,0.0,0.55,0.05,0.1,0.3,0.44671989994000494,5,0
120,1,20500.0,20500.0,0.0,120,0.058333333333333334,0.0,0.0,0.0,1.0,0.0,0.0,4,4
1,18,2261000.0,125611.11111111111,64042.1633988926,168,0.75,0.0,0.05555555555555555,0.7222222222222222,0.05555555555555555,0.16666666666666666,0.509844732941206,3,1
3,15,625000.0,41666.666666666664,19916.492328386208,169,0.6213017751479291,0.2,0.2,0.06666666666666667,0.13333333333333333,0.4,0.47799581588126905,0,2
51,3,27500.0,9166.666666666666,5057.99696849784,148,0.14189189189189189,0.6666666666666666,0.0,0.3333333333333333,0.0,0.0,0.5517814874724917,1,3
38,1,397000.0,397000.0,0.0,38,0.18421052631578946,0.0,0.0,0.0,1.0,0.0,0.0,4,4
1,8,369500.0,46187.5,23394.04304518567,182,0.3076923076923077,0.25,0.125,0.25,0.25,0.125,0.5065016085561174,0,2
87,1,36000.0,36000.0,0.0,87,0.08045977011494253,0.0,0.0,0.0,1.0,0.0,0.0,4,4
3,17,13556500.0,797441.1764705882,554631.1804465463,177,0.672316384180791,0.11764705882352941,0.6470588235294118,0.11764705882352941,0.058823529411764705,0.058823529411764705,0.6955135962520774,5,0
16,15,1348500.0,89900.0,28200.93716781159,183,0.5737704918032787,0.0,0.06666666666666667,0.8,0.13333333333333333,0.0,0.31369229330157494,3,1
60,2,36500.0,18250.0,2474.8737341529163,93,0.15053763440860216,0.0,0.5,0.0,0.0,0.5,0.13560951967961185,2,5
15,17,821000.0,48294.117647058825,34069.34968905767,173,0.6878612716763005,0.11764705882352941,0.17647058823529413,0.17647058823529413,0.29411764705882354,0.23529411764705882,0.7054554746820711,0,2
1,17,2515371.6853894237,147963.04031702492,434083.2987873513,154,0.7727272727272727,0.11764705882352941,0.11764705882352941,0.058823529411764705,0.4117647058823529,0.29411764705882354,2.9337278948667618,5,0
9,3,37500.0,12500.0,866.0254037844386,109,0.1926605504587156,0.6666666666666666,0.0,0.0,0.3333333333333333,0.0,0.06928203230275509,1,3
2,17,14842500.0,873088.2352941176,791722.4939036033,177,0.672316384180791,0.0,0.6470588235294118,0.23529411764705882,0.11764705882352941,0.0,0.9068069662362309,5,0
8,2,431000.0,215500.0,206475.18010647187,134,0.1044776119402985,0.0,0.0,0.0,0.5,0.5,0.9581214854128626,4,5
15,9,8543000.0,949222.2222222222,715981.8045484428,182,0.34615384615384615,0.0,0.6666666666666666,0.0,0.2222222222222222,0.1111111111111111,0.7542825987283138,5,0
120,4,31500.0,7875.0,2495.8298553119894,167,0.16766467065868262,0.75,0.0,0.0,0.25,0.0,0.31693077527771296,1,3
7,18,610000.0,33888.88888888889,18457.069071031037,174,0.7241379310344828,0.1111111111111111,0.16666666666666666,0.05555555555555555,0.1111111111111111,0.5555555555555556,0.5446348250468175,0,2
9,29,1294500.0,44637.93103448276,29795.10283099153,143,1.4195804195804196,0.1724137931034483,0.3448275862068966,0.10344827586206896,0.2413793103448276,0.13793103448275862,0.6674839568163418,0,2
17,4,29000.0,7250.0,1554.5631755148024,164,0.17073170731707318,0.5,0.0,0.0,0.0,0.5,0.21442250696755896,1,3
59,4,35500.0,8875.0,946.4847243000454,182,0.15384615384615385,0.75,0.0,0.0,0.25,0.0,0.10664616611831497,1,3
5,6,101000.0,16833.333333333332,9631.545393480044,164,0.25609756097560976,0.0,0.0,0.0,0.0,1.0,0.5721710134740621,6,5
101,1,22500.0,22500.0,0.0,101,0.0693069306930693,0.0,0.0,0.0,0.0,1.0,0.0,6,6
3,23,19623500.0,853195.6521739131,610495.8256712778,155,1.038709677419355,0.0,0.5217391304347826,0.17391304347826086,0.13043478260869565,0.17391304347826086,0.7155402446270741,5,0
45,3,45000.0,15000.0,4769.696007084728,179,0.11731843575418993,0.3333333333333333,0.0,0.3333333333333333,0.0,0.3333333333333333,0.31797973380564853,1,3
8,19,769500.0,40500.0,19234.661999167605,170,0.7823529411764706,0.10526315789473684,0.15789473684210525,0.15789473684210525,0.42105263157894735,0.15789473684210525,0.474929925905373,0,2
23,3,323500.0,107833.33333333333,47540.33375286014,128,0.1640625,0.0,0.0,0.3333333333333333,0.3333333333333333,0.3333333333333333,0.4408686283109132,4,5
61,3,72500.0,24166.666666666668,3818.8130791298663,147,0.14285714285714285,0.0,0.0,0.0,0.3333333333333333,0.6666666666666666,0.15801985155020135,6,5
31,21,2374000.0,113047.61904761905,46037.45886826964,177,0.8305084745762712,0.047619047619047616,0.0,0.7142857142857143,0.14285714285714285,0.09523809523809523,0.40723952663591506,3,1
8,22,1010500.0,45931.818181818184,26372.015946988682,172,0.8953488372093023,0.045454545454545456,0.36363636363636365,0.09090909090909091,0.2727272727272727,0.22727272727272727,0.5741557158176654,0,2
6,19,1112829.8599330285,58569.99262805413,80296.63047655662,165,0.806060606060606,0.0,0.42105263157894735,0.05263157894736842,0.3157894736842105,0.21052631578947367,1.3709516917045974,0,2
5,18,2127000.0,118166.66666666667,44796.59913562242,183,0.6885245901639344,0.1111111111111111,0.05555555555555555,0.6111111111111112,0.1111111111111111,0.1111111111111111,0.37909674867945625,3,1
42,2,45500.0,22750.0,8131.727983645296,134,0.1044776119402985,0.0,0.0,0.0,0.0,1.0,0.35743859268770534,6,5
21,23,4918455.802388234,213845.90445166235,533471.4498131435,166,0.9698795180722891,0.043478260869565216,0.21739130434782608,0.6956521739130435,0.0,0.043478260869565216,2.494653573941741,5,0
22,17,624500.0,36735.294117647056,17444.66039997879,180,0.6611111111111111,0.23529411764705882,0.35294117647058826,0.11764705882352941,0.058823529411764705,0.23529411764705882,0.4748746626095108,0,2
147,2,16000.0,8000.0,707.1067811865476,152,0.09210526315789473,1.0,0.0,0.0,0.0,0.0,0.08838834764831845,1,3
6,13,1455000.0,111923.07692307692,44987.42701848584,169,0.5384615384615384,0.0,0.0,0.9230769230769231,0.07692307692307693,0.0,0.40194951975279447,3,1
4,4,613500.0,153375.0,113378.69802862735,65,0.43076923076923074,0.5,0.25,0.0,0.0,0.25,0.7392254150195752,0,5
11,12,460500.0,38375.0,22482.442644711165,181,0.46408839779005523,0.08333333333333333,0.4166666666666667,0.0,0.3333333333333333,0.16666666666666666,0.5858616975820499,0,2
55,2,26500.0,13250.0,10253.048327204939,75,0.18666666666666668,0.5,0.0,0.0,0.0,0.5,0.7738149680909387,1,3
125,3,36500.0,12166.666666666666,5575.242894559244,183,0.11475409836065574,0.0,0.0,0.3333333333333333,0.0,0.6666666666666666,0.458239142018568,6,5
4,18,14005500.0,778083.3333333334,454258.55069811613,175,0.72,0.0,0.7222222222222222,0.05555555555555555,0.05555555555555555,0.16666666666666666,0.5838173512238828,5,0
153,1,15500.0,15500.0,0.0,153,0.0457516339869281,0.0,0.0,0.0,0.0,1.0,0.0,6,6
52,13,593000.0,45615.38461538462,40188.17915245407,166,0.5481927710843373,0.15384615384615385,0.23076923076923078,0.0,0.38461538461538464,0.23076923076923078,0.8810224772038834,0,2
117,1,13500.0,13500.0,0.0,117,0.059829059829059825,0.0,0.0,0.0,1.0,0.0,0.0,4,4
15,3,54000.0,18000.0,6062.177826491071,110,0.19090909090909092,0.3333333333333333,0.0,0.0,0.0,0.6666666666666666,0.3367876570272817,6,5
127,2,37000.0,18500.0,7778.174593052023,137,0.1021897810218978,0.0,0.0,0.0,0.0,1.0,0.42044186989470395,6,5
8,23,1029500.0,44760.86956521739,32579.926043925698,178,0.904494382022472,0.08695652173913043,0.13043478260869565,0.13043478260869565,0.2608695652173913,0.391304347826087,0.7278662447890151,0,2
13,2,30000.0,15000.0,8485.28137423857,125,0.112,0.0,0.0,0.0,0.5,0.5,0.565685424949238,4,5
7,16,1898000.0,118625.0,48373.37421901984,173,0.6473988439306358,0.0625,0.1875,0.4375,0.25,0.0625,0.40778397655654236,3,1
38,3,34500.0,11500.0,5408.326913195984,127,0.16535433070866143,0.3333333333333333,0.0,0.0,0.0,0.6666666666666666,0.4702892967996508,6,3
122,3,53500.0,17833.333333333332,10054.020754570449,170,0.12352941176470589,0.0,0.3333333333333333,0.0,0.6666666666666666,0.0,0.5637768647422682,4,5
1,16,10599000.0,662437.5,480695.84545046085,181,0.6187845303867403,0.0625,0.3125,0.1875,0.3125,0.125,0.7256470919150272,5,0
103,3,495000.0,165000.0,86395.8911060011,111,0.18918918918918917,0.3333333333333333,0.0,0.3333333333333333,0.3333333333333333,0.0,0.5236114612484916,4,5
7,1,33500.0,33500.0,0.0,7,1.0,0.0,0.0,0.0,1.0,0.0,0.0,4,4
15,19,17197500.0,905131.5789473684,904314.4248254411,180,0.7388888888888888,0.10526315789473684,0.5789473684210527,0.10526315789473684,0.15789473684210525,0.05263157894736842,0.9990971985278896,5,0
110,3,22500.0,7500.0,2179.449471770337,153,0.1372549019607843,0.0,0.0,0.3333333333333333,0.0,0.6666666666666666,0.2905932629027116,6,5
19,20,15555000.0,777750.0,340310.7519528832,161,0.8695652173913043,0.05,0.5,0.05,0.3,0.1,0.4375580224402227,5,0
3,3,31500.0,10500.0,7000.0,134,0.15671641791044777,0.6666666666666666,0.3333333333333333,0.0,0.0,0.0,0.6666666666666666,1,3
70,4,1271500.0,317875.0,270412.14685488277,129,0.2170542635658915,0.25,0.25,0.25,0.0,0.25,0.8506870526303822,2,5
5,15,661000.0,44066.666666666664,28129.081714397256,178,0.5898876404494382,0.13333333333333333,0.26666666666666666,0.06666666666666667,0.26666666666666666,0.26666666666666666,0.6383301448047789,0,2
160,1,31500.0,31500.0,0.0,160,0.04375,0.0,0.0,0.0,0.0,1.0,0.0,6,6
6,17,1733500.0,101970.58823529411,57777.988506717265,176,0.6761363636363636,0.11764705882352941,0.17647058823529413,0.5882352941176471,0.058823529411764705,0.058823529411764705,0.5666142512917183,3,1
23,2,17000.0,8500.0,2121.3203435596424,26,0.5384615384615384,0.5,0.0,0.0,0.5,0.0,0.24956709924231088,4,3
13,16,7998500.0,499906.25,284618.23663461907,181,0.6187845303867403,0.0,0.6875,0.0625,0.1875,0.0625,0.5693432251239489,5,0
5,25,1104000.0,44160.0,27716.090392886705,182,0.9615384615384616,0.08,0.2,0.16,0.2,0.36,0.6276288585345721,0,2
60,16,39830702.67517109,2489418.9171981933,6593608.3477567565,180,0.6222222222222222,0.0,0.5625,0.1875,0.1875,0.0625,2.648653588275039,5,0
15,20,874000.0,43700.0,42661.58138554863,170,0.823529411764706,0.05,0.4,0.05,0.15,0.35,0.9762375603100373,0,2
54,2,608500.0,304250.0,237234.32508808668,103,0.13592233009708737,0.0,0.5,0.5,0.0,0.0,0.7797348400594468,2,5
2,15,11893000.0,792866.6666666666,701945.2681825055,183,0.5737704918032787,0.06666666666666667,0.6666666666666666,0.0,0.2,0.06666666666666667,0.885325739740821,5,0
6,19,1971500.0,103763.15789473684,56144.25082396946,183,0.726775956284153,0.05263157894736842,0.15789473684210525,0.47368421052631576,0.21052631578947367,0.10526315789473684,0.5410807839997057,3,1
15,3,316000.0,105333.33333333333,64031.89309502986,122,0.17213114754098363,0.3333333333333333,0.0,0.3333333333333333,0.3333333333333333,0.0,0.6078977192566126,4,5
6,17,1824000.0,107294.11764705883,59052.16412829672,157,0.7579617834394905,0.058823529411764705,0.0,0.8235294117647058,0.0,0.11764705882352941,0.5503765297045199,3,1
10,16,2029000.0,126812.5,58188.73745551339,180,0.6222222222222222,0.0625,0.125,0.375,0.1875,0.25,0.4588564806743293,3,1
107,1,224000.0,224000.0,0.0,107,0.06542056074766354,0.0,0.0,0.0,0.0,1.0,0.0,6,6
124,1,22500.0,22500.0,0.0,124,0.056451612903225805,0.0,0.0,0.0,0.0,1.0,0.0,6,6
55,2,614000.0,307000.0,145663.9969244288,155,0.0903225806451613,0.0,0.5,0.5,0.0,0.0,0.47447556001442603,2,5
9,16,651500.0,40718.75,19844.368428683574,168,0.6666666666666666,0.0625,0.3125,0.1875,0.1875,0.25,0.4873521026230809,0,2
7,24,20895500.0,870645.8333333334,569646.5433316611,179,0.9385474860335195,0.125,0.625,0.0,0.16666666666666666,0.08333333333333333,0.6542804450699847,5,0
44,1,37000.0,37000.0,0.0,44,0.1590909090909091,0.0,0.0,0.0,0.0,1.0,0.0,6,6
33,1,115500.0,115500.0,0.0,33,0.21212121212121213,1.0,0.0,0.0,0.0,0.0,0.0,1,3
17,12,1263500.0,105291.66666666667,47477.96538363557,173,0.48554913294797686,0.0,0.16666666666666666,0.5833333333333334,0.08333333333333333,0.16666666666666666,0.4509185473712915,3,1
9,2,37000.0,18500.0,4949.747468305833,41,0.34146341463414637,0.0,0.0,0.0,0.5,0.5,0.2675539172057207,4,5
1,19,715000.0,37631.57894736842,19575.240955848592,180,0.7388888888888888,0.05263157894736842,0.3157894736842105,0.10526315789473684,0.2631578947368421,0.2631578947368421,0.5201812281973752,0,2
110,2,18500.0,9250.0,6010.407640085654,182,0.07692307692307693,0.0,0.0,0.5,0.0,0.5,0.6497737989281788,6,5
15,19,2044000.0,107578.94736842105,56468.590865949234,180,0.7388888888888888,0.05263157894736842,0.10526315789473684,0.7368421052631579,0.05263157894736842,0.05263157894736842,0.5249037311414068,3,1
73,4,86000.0,21500.0,1683.250823060346,145,0.19310344827586207,0.0,0.25,0.0,0.25,0.5,0.07829073595629515,6,5
2,20,1051500.0,52575.0,29739.339089389403,173,0.8092485549132947,0.05,0.2,0.15,0.2,0.4,0.5656555223849625,0,2
34,1,356500.0,356500.0,0.0,34,0.2058823529411765,0.0,0.0,0.0,0.0,1.0,0.0,6,6
180,1,251000.0,251000.0,0.0,180,0.03888888888888889,0.0,1.0,0.0,0.0,0.0,0.0,2,6
12,18,734500.0,40805.555555555555,21701.273267665852,173,0.7283236994219653,0.16666666666666666,0.3333333333333333,0.05555555555555555,0.2777777777777778,0.16666666666666666,0.5318215368522605,0,2
55,4,95000.0,23750.0,7858.116822750855,180,0.15555555555555556,0.0,0.0,0.25,0.75,0.0,0.3308680767474044,4,5
2,4,26500.0,6625.0,3300.8837200563935,135,0.20740740740740743,0.75,0.0,0.0,0.0,0.25,0.4982465992537952,1,3
7,20,2011000.0,100550.0,33685.0349405692,169,0.8284023668639053,0.25,0.05,0.6,0.05,0.05,0.3350078064701065,3,1
5,12,1307500.0,108958.33333333333,39594.22497682145,182,0.46153846153846156,0.08333333333333333,0.08333333333333333,0.5833333333333334,0.08333333333333333,0.16666666666666666,0.363388680475608,3,1
16,3,87500.0,29166.666666666668,12003.47172002056,176,0.11931818181818182,0.0,0.3333333333333333,0.0,0.3333333333333333,0.3333333333333333,0.4115476018292763,4,5
11,2,55500.0,27750.0,12374.368670764581,88,0.1590909090909091,0.0,0.0,0.0,0.0,1.0,0.4459231953428678,6,5
3,19,892500.0,46973.68421052631,26284.487231175877,182,0.7307692307692307,0.05263157894736842,0.15789473684210525,0.10526315789473684,0.3157894736842105,0.3684210526315789,0.5595577113639683,0,2
25,21,2102000.0,100095.23809523809,51922.687490060416,170,0.8647058823529412,0.14285714285714285,0.047619047619047616,0.6190476190476191,0.14285714285714285,0.047619047619047616,0.5187328436209652,3,1
5,17,751500.0,44205.882352941175,31176.442841275108,183,0.6502732240437159,0.17647058823529413,0.47058823529411764,0.11764705882352941,0.11764705882352941,0.11764705882352941,0.7052555266822047,0,2
7,20,776000.0,38800.0,33074.63649002613,168,0.8333333333333334,0.15,0.25,0.0,0.35,0.25,0.8524390847944879,0,2
8,14,1361000.0,97214.28571428571,38940.64234670027,181,0.5414364640883977,0.07142857142857142,0.21428571428571427,0.5,0.14285714285714285,0.07142857142857142,0.40056502046568976,3,1
21,6,37500.0,6250.0,1942.9359227725447,130,0.32307692307692304,0.8333333333333334,0.0,0.16666666666666666,0.0,0.0,0.31086974764360714,1,3
35,2,160500.0,80250.0,14495.689014324224,154,0.09090909090909091,1.0,0.0,0.0,0.0,0.0,0.1806316388077785,1,3
1,20,12612500.0,630625.0,344152.1571003764,176,0.7954545454545455,0.05,0.45,0.0,0.4,0.1,0.5457318645793877,5,0
1,15,9248500.0,616566.6666666666,638928.6196065887,180,0.5833333333333333,0.06666666666666667,0.7333333333333333,0.0,0.0,0.2,1.036268507768701,5,0
130,3,73000.0,24333.333333333332,3752.7767497325676,145,0.14482758620689654,0.3333333333333333,0.0,0.0,0.0,0.6666666666666666,0.15422370204380415,6,3
23,2,47000.0,23500.0,16970.56274847714,55,0.2545454545454546,0.0,0.0,0.0,0.0,1.0,0.7221516063181761,6,5
41,19,17460000.0,918947.3684210526,609300.4617030738,172,0.7732558139534883,0.05263157894736842,0.631578947368421,0.05263157894736842,0.21052631578947367,0.05263157894736842,0.6630417395394275,5,0
24,2,62000.0,31000.0,19798.98987322333,62,0.22580645161290322,0.0,0.0,0.0,0.0,1.0,0.6386770926846236,6,5
6,16,14618000.0,913625.0,566426.679574094,139,0.8057553956834532,0.0625,0.5625,0.0,0.125,0.25,0.6199772111906898,5,0
138,1,188000.0,188000.0,0.0,138,0.05072463768115942,0.0,0.0,0.0,0.0,1.0,0.0,6,6
115,1,3500.0,3500.0,0.0,115,0.06086956521739131,1.0,0.0,0.0,0.0,0.0,0.0,1,3
4,19,850500.0,44763.15789473684,25626.249791231123,178,0.7471910112359551,0.0,0.47368421052631576,0.05263157894736842,0.2631578947368421,0.21052631578947367,0.5724852980992255,0,2
137,2,49000.0,24500.0,12727.922061357855,160,0.0875,0.0,0.0,0.0,0.0,1.0,0.5195070229125655,6,5
1,21,679000.0,32333.333333333332,19432.14690489276,180,0.8166666666666667,0.047619047619047616,0.2857142857142857,0.14285714285714285,0.3333333333333333,0.19047619047619047,0.6009942341719411,0,2
126,3,91500.0,30500.0,22152.87791687572,171,0.12280701754385966,0.0,0.0,0.0,0.3333333333333333,0.6666666666666666,0.7263238661270728,6,5
30,2,35500.0,17750.0,10960.155108391487,65,0.21538461538461537,0.0,0.0,0.0,1.0,0.0,0.6174735272333233,4,4
3,25,1385500.0,55420.0,38803.37184661491,169,1.0355029585798816,0.08,0.28,0.08,0.2,0.36,0.7001691058573603,0,2
95,2,419500.0,209750.0,95105.86206959064,153,0.0915032679738562,0.0,0.5,0.0,0.0,0.5,0.45342484896109964,2,5
1,11,9618500.0,874409.0909090909,419539.4390389191,173,0.44508670520231214,0.09090909090909091,0.45454545454545453,0.0,0.18181818181818182,0.2727272727272727,0.4797976638174466,5,0
15,3,22000.0,7333.333333333333,3818.8130791298668,180,0.11666666666666667,0.6666666666666666,0.0,0.0,0.0,0.3333333333333333,0.5207472380631637,1,3
39,19,920000.0,48421.05263157895,34562.85062425919,182,0.7307692307692307,0.05263157894736842,0.21052631578947367,0.05263157894736842,0.47368421052631576,0.21052631578947367,0.7137980020227441,0,2
48,13,684500.0,52653.846153846156,45679.76604188145,171,0.5321637426900585,0.3076923076923077,0.07692307692307693,0.07692307692307693,0.15384615384615385,0.38461538461538464,0.8675485150393847,0,2
109,1,324414.19648581184,324414.19648581184,0.0,109,0.06422018348623854,0.0,0.0,0.0,0.0,1.0,0.0,6,6
6,15,637500.0,42500.0,23606.89971778832,180,0.5833333333333333,0.0,0.13333333333333333,0.13333333333333333,0.3333333333333333,0.4,0.5554564639479604,0,2
56,1,9500.0,9500.0,0.0,56,0.125,0.0,0.0,0.0,1.0,0.0,0.0,4,4
49,4,24500.0,6125.0,2174.6647251166482,173,0.16184971098265896,1.0,0.0,0.0,0.0,0.0,0.35504730205986096,1,3
56,2,42500.0,21250.0,18738.32970144351,69,0.20289855072463767,0.0,0.0,0.0,0.5,0.5,0.8818037506561651,4,5
11,14,652000.0,46571.42857142857,28300.48731766968,182,0.5384615384615384,0.07142857142857142,0.21428571428571427,0.0,0.5,0.21428571428571427,0.6076791755327845,0,2
13,13,9350500.0,719269.2307692308,344287.5866302651,168,0.5416666666666666,0.07692307692307693,0.6153846153846154,0.0,0.07692307692307693,0.23076923076923078,0.4786630261690227,5,0
2,19,12472000.0,656421.052631579,359860.74710913043,175,0.76,0.05263157894736842,0.42105263157894735,0.10526315789473684,0.3684210526315789,0.05263157894736842,0.548216340207944,5,0
32,16,14271500.0,891968.75,610620.4076934104,181,0.6187845303867403,0.0,0.8125,0.0625,0.0,0.125,0.6845760097463173,5,0
48,2,28500.0,14250.0,2474.8737341529163,130,0.10769230769230768,0.0,0.0,0.0,0.5,0.5,0.17367534976511692,4,5
144,2,252500.0,126250.0,10253.048327204939,168,0.08333333333333333,0.0,0.0,0.5,0.0,0.5,0.0812122639778609,2,5
24,14,670000.0,47857.142857142855,27591.40652967359,177,0.5536723163841808,0.14285714285714285,0.2857142857142857,0.07142857142857142,0.2857142857142857,0.21428571428571427,0.5765368528588511,0,2
76,4,73000.0,18250.0,5074.4457825461095,155,0.1806451612903226,0.25,0.25,0.0,0.25,0.25,0.27805182370115666,4,3
1,15,1521000.0,101400.0,48231.28800744536,174,0.603448275862069,0.06666666666666667,0.13333333333333333,0.5333333333333333,0.2,0.06666666666666667,0.4756537278840765,3,1
64,2,517000.0,258500.0,103237.59005323594,137,0.1021897810218978,0.5,0.0,0.0,0.0,0.5,0.3993717216759611,1,5
5,3,51000.0,17000.0,3122.4989991991993,71,0.29577464788732394,0.3333333333333333,0.0,0.0,0.3333333333333333,0.3333333333333333,0.18367641171759996,4,3
27,12,9587000.0,798916.6666666666,533635.3382623983,177,0.4745762711864407,0.16666666666666666,0.5833333333333334,0.0,0.16666666666666666,0.08333333333333333,0.6679486866745363,5,0
8,18,740000.0,41111.11111111111,20520.116066891358,178,0.7078651685393259,0.05555555555555555,0.2222222222222222,0.16666666666666666,0.3888888888888889,0.16666666666666666,0.49913795838384384,0,2
3,15,564000.0,37600.0,28928.60670191853,183,0.5737704918032787,0.2,0.13333333333333333,0.06666666666666667,0.5333333333333333,0.06666666666666667,0.7693778378169821,0,2
8,22,669500.0,30431.81818181818,16143.917809846602,171,0.9005847953216375,0.045454545454545456,0.22727272727272727,0.09090909090909091,0.2727272727272727,0.36363636363636365,0.5304946853123603,0,2
16,12,1344000.0,112000.0,34588.48994049373,129,0.6511627906976745,0.08333333333333333,0.0,0.5833333333333334,0.16666666666666666,0.16666666666666666,0.3088258030401226,3,1
52,4,83000.0,20750.0,15013.882464794597,163,0.17177914110429449,0.25,0.0,0.0,0.5,0.25,0.7235606007129927,4,3
10,11,1252500.0,113863.63636363637,22031.898362477652,142,0.5422535211267606,0.09090909090909091,0.18181818181818182,0.5454545454545454,0.09090909090909091,0.09090909090909091,0.19349371815349634,3,1
2,32,1353000.0,42281.25,17385.54159212801,182,1.2307692307692308,0.15625,0.34375,0.0625,0.3125,0.125,0.4111879755713942,0,2
83,1,93000.0,93000.0,0.0,83,0.08433734939759036,0.0,0.0,1.0,0.0,0.0,0.0,2,6
1,3,316500.0,105500.0,54145.636943340134,131,0.16030534351145037,0.3333333333333333,0.0,0.3333333333333333,0.0,0.3333333333333333,0.5132287861927974,3,5
3,14,782000.0,55857.142857142855,38395.42669653238,180,0.5444444444444444,0.14285714285714285,0.2857142857142857,0.0,0.14285714285714285,0.42857142857142855,0.6873861556923955,0,2
10,12,756000.0,63000.0,32259.600403318982,183,0.45901639344262296,0.08333333333333333,0.25,0.0,0.08333333333333333,0.5833333333333334,0.5120571492590315,0,2
8,21,764500.0,36404.76190476191,16641.52866146846,183,0.8032786885245902,0.09523809523809523,0.38095238095238093,0.14285714285714285,0.19047619047619047,0.19047619047619047,0.45712505152496746,0,2
126,1,94000.0,94000.0,0.0,126,0.05555555555555555,0.0,0.0,1.0,0.0,0.0,0.0,2,6
52,1,8500.0,8500.0,0.0,52,0.1346153846153846,0.0,1.0,0.0,0.0,0.0,0.0,2,6
17,23,16476000.0,716347.8260869565,456524.8533208294,173,0.9306358381502889,0.0,0.4782608695652174,0.043478260869565216,0.13043478260869565,0.34782608695652173,0.6372949518316992,5,0
78,3,78000.0,26000.0,11629.703349613008,156,0.1346153846153846,0.0,0.0,0.3333333333333333,0.3333333333333333,0.3333333333333333,0.4472962826774234,4,5
176,1,82000.0,82000.0,0.0,176,0.03977272727272727,0.0,1.0,0.0,0.0,0.0,0.0,2,6
9,20,10178500.0,508925.0,278963.3665347854,176,0.7954545454545455,0.1,0.45,0.2,0.05,0.2,0.5481423913833776,5,0
2,19,12625500.0,664500.0,293792.58556562196,171,0.7777777777777778,0.0,0.7368421052631579,0.05263157894736842,0.10526315789473684,0.10526315789473684,0.4421257871566922,5,0
14,4,30500.0,7625.0,2528.99848424892,179,0.1564245810055866,0.25,0.25,0.0,0.25,0.25,0.33167193236051407,4,3
16,10,374000.0,37400.0,26241.188997452082,167,0.41916167664670656,0.1,0.3,0.0,0.6,0.0,0.7016360694505904,0,2
35,2,254500.0,127250.0,126925.66722298528,92,0.15217391304347827,0.0,0.0,1.0,0.0,0.0,0.9974512158977232,3,5
11,20,992500.0,49625.0,28239.51831630352,173,0.8092485549132947,0.0,0.2,0.0,0.45,0.35,0.5690583036030936,0,2
1,16,10048500.0,628031.25,355301.06805121386,182,0.6153846153846154,0.1875,0.5625,0.125,0.125,0.0,0.5657378801631509,5,0
148,1,58500.0,58500.0,0.0,148,0.0472972972972973,0.0,0.0,0.0,0.0,1.0,0.0,6,6
2,16,1383000.0,86437.5,37166.685351265856,181,0.6187845303867403,0.0625,0.125,0.5625,0.25,0.0,0.4299833446278046,3,1
6,11,1287000.0,117000.0,60454.114831002196,105,0.7333333333333333,0.0,0.0,0.9090909090909091,0.09090909090909091,0.0,0.5167018361624119,3,1
55,3,33000.0,11000.0,3605.5512754639894,129,0.16279069767441862,0.6666666666666666,0.0,0.0,0.0,0.3333333333333333,0.3277773886785445,1,3
39,3,43500.0,14500.0,5291.502622129181,183,0.11475409836065574,0.0,0.0,0.0,0.3333333333333333,0.6666666666666666,0.3649312153192539,6,5
163,1,12500.0,12500.0,0.0,163,0.04294478527607362,0.0,0.0,1.0,0.0,0.0,0.0,2,6
4,25,15106500.0,604260.0,449194.5597399862,179,0.9776536312849161,0.16,0.6,0.12,0.08,0.04,0.743379604375577,5,0
8,16,11216000.0,701000.0,429140.0315359389,183,0.6120218579234973,0.125,0.5625,0.125,0.125,0.0625,0.6121826412780869,5,0
37,3,65500.0,21833.333333333332,8519.585279421372,154,0.13636363636363635,0.0,0.0,0.0,0.6666666666666666,0.3333333333333333,0.39021001279792544,4,5
113,1,6500.0,6500.0,0.0,113,0.061946902654867256,0.0,0.0,0.0,0.0,1.0,0.0,6,6
38,5,95000.0,19000.0,10547.511554864494,117,0.29914529914529914,0.0,0.0,0.0,0.2,0.8,0.5551321870981313,6,5
73,6,112000.0,18666.666666666668,8152.70916117254,166,0.25301204819277107,0.0,0.0,0.0,0.8333333333333334,0.16666666666666666,0.43675227649138604,4,5
5,20,1144500.0,57225.0,41058.19842485465,174,0.8045977011494253,0.15,0.5,0.0,0.15,0.2,0.7174870847506274,0,2
87,1,270500.0,270500.0,0.0,87,0.08045977011494253,1.0,0.0,0.0,0.0,0.0,0.0,1,3
1,16,1684000.0,105250.0,41596.87488261588,179,0.6256983240223464,0.125,0.1875,0.4375,0.0625,0.1875,0.39521971384908194,3,1
8,15,697500.0,46500.0,33163.01726751826,169,0.6213017751479291,0.0,0.26666666666666666,0.06666666666666667,0.26666666666666666,0.4,0.7131831670434035,0,2
11,19,1774500.0,93394.73684210527,38838.54719911665,179,0.7430167597765363,0.10526315789473684,0.05263157894736842,0.5263157894736842,0.21052631578947367,0.10526315789473684,0.41585370345630673,3,1
47,3,505500.0,168500.0,35717.64269937197,138,0.15217391304347824,0.0,0.0,0.6666666666666666,0.3333333333333333,0.0,0.2119741406490918,2,5
63,3,42500.0,14166.666666666666,3685.5573979159967,81,0.25925925925925924,0.0,0.0,0.0,0.0,1.0,0.26015699279407034,6,5
3,16,664000.0,41500.0,20040.79173419387,178,0.6292134831460674,0.0625,0.3125,0.125,0.375,0.125,0.4829106441974427,0,2
9,17,749500.0,44088.23529411765,22900.078666702797,183,0.6502732240437159,0.0,0.23529411764705882,0.058823529411764705,0.35294117647058826,0.35294117647058826,0.5194147262627719,0,2
1,18,680000.0,37777.77777777778,25971.263657121355,179,0.7039106145251396,0.16666666666666666,0.2222222222222222,0.0,0.3888888888888889,0.2222222222222222,0.6874746262179182,0,2
47,1,557500.0,557500.0,0.0,47,0.14893617021276595,0.0,0.0,1.0,0.0,0.0,0.0,2,6
80,1,5000.0,5000.0,0.0,80,0.0875,1.0,0.0,0.0,0.0,0.0,0.0,1,3
2,19,819500.0,43131.57894736842,19785.546145035016,158,0.8417721518987341,0.0,0.21052631578947367,0.0,0.42105263157894735,0.3684210526315789,0.45872529195322187,0,2
46,10,983000.0,98300.0,40819.52147359562,173,0.40462427745664736,0.1,0.1,0.6,0.1,0.1,0.4152545419490907,3,1
1,19,663500.0,34921.05263157895,13829.58097490739,178,0.7471910112359551,0.10526315789473684,0.3684210526315789,0.05263157894736842,0.21052631578947367,0.2631578947368421,0.3960241726047331,0,2
23,12,8853500.0,737791.6666666666,760779.1896330945,168,0.5,0.16666666666666666,0.5833333333333334,0.0,0.25,0.0,1.0311572006096046,5,0
45,3,426000.0,142000.0,145742.06667945944,148,0.14189189189189189,0.0,0.0,0.0,0.0,1.0,1.0263525822497144,6,5
1,4,65500.0,16375.0,8148.363843946424,155,0.1806451612903226,0.25,0.25,0.25,0.0,0.25,0.49761000573718617,0,5
3,19,866000.0,45578.94736842105,23475.911506321354,183,0.726775956284153,0.0,0.3157894736842105,0.05263157894736842,0.3157894736842105,0.3157894736842105,0.5150604141109766,0,2
2,9,7325500.0,813944.4444444445,506512.4902485404,165,0.3818181818181818,0.0,0.2222222222222222,0.2222222222222222,0.1111111111111111,0.4444444444444444,0.6222936881082334,5,0
13,5,50500.0,10100.0,3927.4673773310965,85,0.411764705882353,0.8,0.0,0.0,0.0,0.2,0.3888581561713957,1,3
15,2,39500.0,19750.0,13081.47545195113,75,0.18666666666666668,0.0,0.0,0.5,0.0,0.5,0.6623531874405635,6,5
3,17,835000.0,49117.64705882353,24960.925345780895,175,0.68,0.11764705882352941,0.23529411764705882,0.058823529411764705,0.17647058823529413,0.4117647058823529,0.5081865040458385,0,2
16,12,472000.0,39333.333333333336,25784.362185893475,180,0.4666666666666667,0.25,0.16666666666666666,0.08333333333333333,0.3333333333333333,0.16666666666666666,0.6555346318447494,0,2
1,17,12665500.0,745029.4117647059,376855.01483446173,174,0.6839080459770115,0.0,0.5294117647058824,0.11764705882352941,0.29411764705882354,0.058823529411764705,0.5058256880648888,5,0
2,19,11055000.0,581842.1052631579,393382.9083388085,177,0.7514124293785311,0.0,0.5263157894736842,0.05263157894736842,0.10526315789473684,0.3157894736842105,0.6760990735809463,5,0
10,2,231000.0,115500.0,16970.56274847714,74,0.1891891891891892,0.0,0.0,0.0,1.0,0.0,0.14693127920759427,4,4
102,1,232000.0,232000.0,0.0,102,0.06862745098039216,0.0,0.0,1.0,0.0,0.0,0.0,2,6
112,1,150500.0,150500.0,0.0,112,0.0625,0.0,0.0,0.0,0.0,1.0,0.0,6,6
48,1,94500.0,94500.0,0.0,48,0.14583333333333334,0.0,0.0,1.0,0.0,0.0,0.0,2,6
7,4,77500.0,19375.0,11607.289376364606,175,0.16,0.0,0.5,0.0,0.25,0.25,0.5990859032962378,0,5
4,14,8813000.0,629500.0,365568.9980122662,158,0.620253164556962,0.14285714285714285,0.42857142857142855,0.2857142857142857,0.0,0.14285714285714285,0.580729146961503,5,0
135,1,14000.0,14000.0,0.0,135,0.05185185185185186,0.0,0.0,0.0,1.0,0.0,0.0,4,4
45,3,50500.0,16833.333333333332,10981.044273352756,163,0.12883435582822086,0.3333333333333333,0.0,0.3333333333333333,0.3333333333333333,0.0,0.6523392637635301,4,3
55,2,20000.0,10000.0,5656.85424949238,106,0.1320754716981132,0.5,0.5,0.0,0.0,0.0,0.565685424949238,1,3
12,20,2366000.0,118300.0,45146.07868965623,175,0.8,0.1,0.0,0.55,0.25,0.1,0.38162365756260547,3,1
76,1,7500.0,7500.0,0.0,76,0.09210526315789473,0.0,0.0,0.0,1.0,0.0,0.0,4,4
91,2,38000.0,19000.0,5656.85424949238,96,0.14583333333333334,0.0,0.0,0.0,0.5,0.5,0.2977291710259148,4,5
4,20,15288000.0,764400.0,428384.4989578503,180,0.7777777777777778,0.05,0.65,0.05,0.15,0.1,0.560419281734498,5,0
12,21,12958000.0,617047.619047619,341632.1817672446,173,0.8497109826589595,0.0,0.6190476190476191,0.14285714285714285,0.047619047619047616,0.19047619047619047,0.5536561056576738,5,0
10,20,931500.0,46575.0,38586.6335597404,178,0.7865168539325843,0.15,0.25,0.15,0.2,0.25,0.8284838123401053,0,2
31,3,75500.0,25166.666666666668,5773.502691896258,120,0.17500000000000002,0.0,0.0,0.0,0.6666666666666666,0.3333333333333333,0.22941070298925526,4,5
3,17,11748500.0,691088.2352941176,582410.7022565271,165,0.7212121212121212,0.11764705882352941,0.29411764705882354,0.0,0.29411764705882354,0.29411764705882354,0.8427443450960516,5,0
6,21,964000.0,45904.76190476191,35803.14897031372,173,0.8497109826589595,0.09523809523809523,0.19047619047619047,0.14285714285714285,0.38095238095238093,0.19047619047619047,0.7799441165732242,0,2
80,3,13000.0,4333.333333333333,3617.0890690351175,173,0.12138728323699421,0.6666666666666666,0.0,0.0,0.3333333333333333,0.0,0.8347128620850272,1,3
5,15,608500.0,40566.666666666664,19672.194541922316,183,0.5737704918032787,0.13333333333333333,0.13333333333333333,0.26666666666666666,0.2,0.26666666666666666,0.48493495173185663,0,2
8,17,692000.0,40705.882352941175,20463.42684486873,172,0.6918604651162791,0.11764705882352941,0.23529411764705882,0.11764705882352941,0.35294117647058826,0.17647058823529413,0.5027142432987983,0,2
91,1,173000.0,173000.0,0.0,91,0.07692307692307693,1.0,0.0,0.0,0.0,0.0,0.0,1,3
9,15,592500.0,39500.0,18053.49194556475,169,0.6213017751479291,0.2,0.2,0.06666666666666667,0.2,0.3333333333333333,0.4570504290016393,0,2
12,4,24500.0,6125.0,2286.737122335374,154,0.18181818181818182,0.75,0.0,0.0,0.0,0.25,0.37334483629965287,1,3
16,16,1844000.0,115250.0,47632.2719732466,164,0.6829268292682927,0.0625,0.125,0.625,0.125,0.0625,0.4132952015032243,3,1
5,28,1097000.0,39178.57142857143,25224.99285530651,171,1.1461988304093569,0.07142857142857142,0.32142857142857145,0.14285714285714285,0.21428571428571427,0.25,0.6438466726969757,0,2
12,21,2376500.0,113166.66666666667,39788.60808489452,179,0.8212290502793296,0.09523809523809523,0.047619047619047616,0.7619047619047619,0.0,0.09523809523809523,0.35159300222292655,3,1
34,9,1042500.0,115833.33333333333,43743.57095619881,164,0.38414634146341464,0.0,0.0,0.7777777777777778,0.0,0.2222222222222222,0.37764233919020557,3,1
102,4,753500.0,188375.0,135499.92312420945,156,0.1794871794871795,0.25,0.0,0.5,0.0,0.25,0.7193094790933481,2,5
62,1,481000.0,481000.0,0.0,62,0.11290322580645161,0.0,1.0,0.0,0.0,0.0,0.0,2,6
8,11,1400500.0,127318.18181818182,58206.216475249756,126,0.6111111111111112,0.0,0.0,0.6363636363636364,0.18181818181818182,0.18181818181818182,0.4571712825617617,3,1
6,15,8045000.0,536333.3333333334,304648.07956222596,169,0.6213017751479291,0.06666666666666667,0.4666666666666667,0.06666666666666667,0.13333333333333333,0.26666666666666666,0.5680200364740073,5,0
86,1,24500.0,24500.0,0.0,86,0.0813953488372093,0.0,0.0,0.0,1.0,0.0,0.0,4,4
9,10,1070000.0,107000.0,43102.59079606855,172,0.4069767441860465,0.1,0.1,0.7,0.0,0.1,0.40282795136512667,3,1
48,4,28500.0,7125.0,3637.1921404658656,163,0.17177914110429449,0.5,0.0,0.25,0.0,0.25,0.5104831074338056,1,3
2,16,8835500.0,552218.75,282801.6365316863,165,0.6787878787878787,0.125,0.5,0.0,0.125,0.25,0.5121188596578553,5,0
3,27,2790500.0,103351.85185185185,39198.65941948654,181,1.0441988950276242,0.037037037037037035,0.1111111111111111,0.5555555555555556,0.1111111111111111,0.18518518518518517,0.37927389511776977,3,1
3,4,55500.0,13875.0,3198.3068437325815,174,0.16091954022988506,0.25,0.0,0.25,0.0,0.5,0.23050860135009596,6,5
69,3,722000.0,240666.66666666666,32343.211549463256,167,0.12574850299401197,0.0,0.3333333333333333,0.0,0.3333333333333333,0.3333333333333333,0.13439007569029054,2,5
9,4,26000.0,6500.0,2516.611478423583,45,0.6222222222222222,0.75,0.0,0.0,0.0,0.25,0.3871709966805512,1,3
1,18,1090233.8257800764,60568.54587667091,108627.02647363677,145,0.8689655172413793,0.2777777777777778,0.2222222222222222,0.16666666666666666,0.2777777777777778,0.05555555555555555,1.7934560736330383,0,0
147,2,26500.0,13250.0,1767.7669529663688,147,0.09523809523809523,0.5,0.0,0.0,0.5,0.0,0.13341637380878255,4,3
1,24,16009000.0,667041.6666666666,710504.3052322929,180,0.9333333333333333,0.041666666666666664,0.4583333333333333,0.16666666666666666,0.16666666666666666,0.16666666666666666,1.0651573068633287,5,0
21,12,5191000.0,432583.3333333333,212104.4804007228,175,0.48,0.08333333333333333,0.5,0.16666666666666666,0.16666666666666666,0.08333333333333333,0.4903205094988776,5,0
3,17,12770500.0,751205.8823529412,549355.3056431105,182,0.6538461538461539,0.0,0.47058823529411764,0.058823529411764705,0.17647058823529413,0.29411764705882354,0.7312979285018503,5,0
1,20,864500.0,43225.0,30388.049503572598,152,0.9210526315789473,0.05,0.2,0.05,0.3,0.4,0.7030202314302509,0,2
33,5,117000.0,23400.0,16067.82499282339,110,0.3181818181818182,0.0,0.2,0.0,0.4,0.4,0.6866591877274953,4,5
3,18,18489500.0,1027194.4444444445,825873.9602400685,169,0.7455621301775148,0.05555555555555555,0.3333333333333333,0.16666666666666666,0.3888888888888889,0.05555555555555555,0.8040093720393322,5,0
4,14,8161500.0,582964.2857142857,294898.44824993535,175,0.56,0.0,0.7857142857142857,0.07142857142857142,0.0,0.14285714285714285,0.505860231023598,5,0
3,25,4178920.2981411186,167156.81192564475,262054.48153269413,174,1.0057471264367817,0.0,0.08,0.72,0.08,0.12,1.5677164365234608,3,0
1,17,1987500.0,116911.76470588235,45013.96842027124,179,0.6648044692737429,0.0,0.11764705882352941,0.7647058823529411,0.058823529411764705,0.058823529411764705,0.3850251386891125,3,1
11,16,1588500.0,99281.25,41223.76691101061,182,0.6153846153846154,0.0,0.0625,0.625,0.125,0.1875,0.41522207779425224,3,1
136,1,288500.0,288500.0,0.0,136,0.05147058823529412,0.0,1.0,0.0,0.0,0.0,0.0,2,6
7,23,2294500.0,99760.86956521739,33025.42738186655,177,0.9096045197740114,0.043478260869565216,0.043478260869565216,0.6521739130434783,0.08695652173913043,0.17391304347826086,0.3310459053314146,3,1
16,19,14946500.0,786657.8947368421,716611.1810426359,177,0.7514124293785311,0.0,0.5789473684210527,0.21052631578947367,0.10526315789473684,0.10526315789473684,0.9109565744361611,5,0
14,23,2535000.0,110217.39130434782,51821.333376181814,180,0.8944444444444444,0.0,0.043478260869565216,0.8260869565217391,0.08695652173913043,0.043478260869565216,0.4701738333933656,3,1
7,17,697500.0,41029.41176470588,21383.01793204956,183,0.6502732240437159,0.0,0.35294117647058826,0.23529411764705882,0.29411764705882354,0.11764705882352941,0.5211631610678745,0,2
134,2,23500.0,11750.0,1060.6601717798212,138,0.10144927536231883,0.0,0.0,0.0,0.5,0.5,0.09026895078977201,4,5
20,16,9946500.0,621656.25,340996.80930814194,180,0.6222222222222222,0.0,0.5625,0.125,0.25,0.0625,0.5485295278671162,5,0
20,3,405000.0,135000.0,43534.46910208048,117,0.1794871794871795,0.3333333333333333,0.0,0.3333333333333333,0.3333333333333333,0.0,0.32247754890429986,4,5
5,10,1128500.0,112850.0,36740.115828765585,146,0.4794520547945205,0.0,0.1,0.5,0.1,0.3,0.3255659355672626,3,1
7,13,582000.0,44769.230769230766,29054.270615963516,173,0.5260115606936416,0.0,0.23076923076923078,0.3076923076923077,0.3076923076923077,0.15384615384615385,0.6489785532775356,0,2
23,12,6553500.0,546125.0,343762.4129990204,176,0.4772727272727273,0.0,0.6666666666666666,0.08333333333333333,0.25,0.0,0.6294573824655901,5,0
4,2,70000.0,35000.0,27577.164466275353,49,0.2857142857142857,0.5,0.0,0.0,0.5,0.0,0.7879189847507244,4,3
12,32,3230000.0,100937.5,45050.464535215506,179,1.2513966480446927,0.0,0.15625,0.625,0.125,0.09375,0.44632039168015364,3,1
65,1,101500.0,101500.0,0.0,65,0.10769230769230768,0.0,0.0,1.0,0.0,0.0,0.0,2,6
13,13,11027500.0,848269.2307692308,437789.790471438,167,0.5449101796407185,0.07692307692307693,0.46153846153846156,0.07692307692307693,0.0,0.38461538461538464,0.5160976899685962,5,0
1,21,11392500.0,542500.0,216009.14332499908,172,0.8546511627906976,0.09523809523809523,0.42857142857142855,0.3333333333333333,0.09523809523809523,0.047619047619047616,0.3981735360829476,5,0
98,3,46000.0,15333.333333333334,11361.484644769509,161,0.13043478260869565,0.0,0.3333333333333333,0.3333333333333333,0.3333333333333333,0.0,0.7409663898762723,2,5
56,2,32500.0,16250.0,3889.0872965260114,152,0.09210526315789473,0.0,0.0,0.0,0.0,1.0,0.23932844901698533,6,5
85,1,160500.0,160500.0,0.0,85,0.08235294117647059,0.0,0.0,1.0,0.0,0.0,0.0,2,6
4,20,2109000.0,105450.0,34408.49803234813,183,0.7650273224043715,0.2,0.1,0.55,0.0,0.15,0.3263015460630453,3,1
8,22,15993000.0,726954.5454545454,579855.9531529589,159,0.9685534591194969,0.045454545454545456,0.4090909090909091,0.13636363636363635,0.22727272727272727,0.18181818181818182,0.7976509078575061,5,0
83,4,77000.0,19250.0,5330.728530573158,164,0.17073170731707318,0.0,0.0,0.0,0.25,0.75,0.2769209626271771,6,5
7,18,865500.0,48083.333333333336,27745.29636872231,179,0.7039106145251396,0.05555555555555555,0.2222222222222222,0.2222222222222222,0.3333333333333333,0.16666666666666666,0.5770252277723876,0,2
24,13,668500.0,51423.07692307692,16506.117746972577,180,0.5055555555555555,0.15384615384615385,0.23076923076923078,0.0,0.46153846153846156,0.15384615384615385,0.3209865829628175,0,2
14,17,672000.0,39529.41176470588,21770.443401142587,182,0.6538461538461539,0.058823529411764705,0.17647058823529413,0.11764705882352941,0.23529411764705882,0.4117647058823529,0.5507403836598571,0,2
13,1,5500.0,5500.0,0.0,13,0.5384615384615384,0.0,0.0,0.0,0.0,1.0,0.0,6,6
12,2,17500.0,8750.0,3181.9805153394636,57,0.2456140350877193,1.0,0.0,0.0,0.0,0.0,0.36365491603879585,1,3
1,24,16449000.0,685375.0,457028.1422692556,179,0.9385474860335195,0.041666666666666664,0.5833333333333334,0.0,0.125,0.25,0.6668293157311772,5,0
148,2,39000.0,19500.0,12727.922061357855,183,0.07650273224043716,0.0,0.0,0.5,0.0,0.5,0.6527139518645053,6,5
8,18,1495395.0136605909,83077.50075892171,112991.51317606076,167,0.7544910179640718,0.05555555555555555,0.3333333333333333,0.16666666666666666,0.2222222222222222,0.2222222222222222,1.360073571591242,0,2
99,2,46000.0,23000.0,12727.922061357855,171,0.08187134502923978,0.0,0.5,0.0,0.5,0.0,0.553387915711211,4,5
18,2,157000.0,78500.0,60104.07640085654,52,0.2692307692307692,0.0,1.0,0.0,0.0,0.0,0.765657024214733,2,5
77,1,31000.0,31000.0,0.0,77,0.09090909090909091,0.0,0.0,0.0,0.0,1.0,0.0,6,6
14,1,56000.0,56000.0,0.0,14,0.5,0.0,0.0,0.0,0.0,1.0,0.0,6,6
156,2,516000.0,258000.0,220617.31573020283,167,0.08383233532934131,0.0,0.0,0.0,1.0,0.0,0.8551058749232667,4,4
7,20,1973469.3915274728,98673.46957637364,234030.44770271194,174,0.8045977011494253,0.0,0.3,0.2,0.35,0.15,2.3717666836633478,5,0
6,17,1810500.0,106500.0,50624.53703492013,182,0.6538461538461539,0.0,0.058823529411764705,0.7647058823529411,0.17647058823529413,0.0,0.47534776558610453,3,1
43,3,27000.0,9000.0,1500.0,90,0.23333333333333334,0.3333333333333333,0.0,0.0,0.6666666666666666,0.0,0.16666666666666666,4,3
18,1,20000.0,20000.0,0.0,18,0.38888888888888884,0.0,0.0,1.0,0.0,0.0,0.0,2,6
10,15,711000.0,47400.0,28336.12031111024,181,0.580110497237569,0.06666666666666667,0.4,0.06666666666666667,0.3333333333333333,0.13333333333333333,0.5978084453820726,0,2
20,1,5000.0,5000.0,0.0,20,0.35,1.0,0.0,0.0,0.0,0.0,0.0,1,3
15,1,38000.0,38000.0,0.0,15,0.4666666666666667,0.0,1.0,0.0,0.0,0.0,0.0,2,6
9,22,16305500.0,741159.0909090909,621587.9508385806,177,0.8700564971751413,0.045454545454545456,0.45454545454545453,0.09090909090909091,0.18181818181818182,0.22727272727272727,0.8386700756461791,5,0
10,23,16848500.0,732543.4782608695,695896.0200712373,176,0.9147727272727273,0.043478260869565216,0.34782608695652173,0.08695652173913043,0.21739130434782608,0.30434782608695654,0.949972309798407,5,0
71,1,6500.0,6500.0,0.0,71,0.09859154929577466,0.0,0.0,0.0,1.0,0.0,0.0,4,4
76,2,236000.0,118000.0,5656.85424949238,181,0.07734806629834254,0.5,0.0,0.5,0.0,0.0,0.04793944279230831,2,5
28,16,9186500.0,574156.25,253348.02931606423,181,0.6187845303867403,0.0625,0.5625,0.1875,0.125,0.0625,0.4412527588371009,5,0
15,21,709000.0,33761.90476190476,15702.403516356222,178,0.8258426966292135,0.0,0.2857142857142857,0.09523809523809523,0.23809523809523808,0.38095238095238093,0.4650923467467992,0,2
21,11,1066000.0,96909.09090909091,25385.84072058495,168,0.4583333333333333,0.0,0.09090909090909091,0.7272727272727273,0.09090909090909091,0.09090909090909091,0.26195520443380343,3,1
19,5,48000.0,9600.0,5079.370039680118,170,0.2058823529411765,0.8,0.0,0.2,0.0,0.0,0.5291010458000123,1,3
157,1,147000.0,147000.0,0.0,157,0.0445859872611465,0.0,0.0,0.0,0.0,1.0,0.0,6,6
2,4,117000.0,29250.0,17177.98979314324,135,0.20740740740740743,0.0,0.25,0.0,0.0,0.75,0.5872817023296834,6,5
8,20,762500.0,38125.0,24725.266748600985,178,0.7865168539325843,0.05,0.4,0.1,0.15,0.3,0.6485315868485504,0,2
9,2,22500.0,11250.0,3181.9805153394636,56,0.25,0.5,0.0,0.0,0.5,0.0,0.282842712474619,4,3
80,2,10500.0,5250.0,3889.0872965260114,167,0.08383233532934131,0.0,0.0,0.5,0.0,0.5,0.7407785326716212,6,5
9,15,10353000.0,690200.0,357216.5109765865,171,0.6140350877192983,0.06666666666666667,0.4,0.0,0.26666666666666666,0.26666666666666666,0.5175550724088475,5,0
17,19,1903500.0,100184.21052631579,53340.939698820606,178,0.7471910112359551,0.05263157894736842,0.15789473684210525,0.7368421052631579,0.0,0.05263157894736842,0.53242860744817,3,1
7,15,7979500.0,531966.6666666666,368300.2689318026,155,0.6774193548387097,0.0,0.6666666666666666,0.13333333333333333,0.13333333333333333,0.06666666666666667,0.6923371181122927,5,0
61,1,55000.0,55000.0,0.0,61,0.11475409836065575,0.0,0.0,0.0,1.0,0.0,0.0,4,4
5,18,563000.0,31277.777777777777,12775.461568986602,179,0.7039106145251396,0.1111111111111111,0.2222222222222222,0.05555555555555555,0.3333333333333333,0.2777777777777778,0.40845170202799086,0,2
11,20,743000.0,37150.0,25510.11151433259,183,0.7650273224043715,0.05,0.25,0.2,0.25,0.25,0.6866786410318328,0,2
139,1,9500.0,9500.0,0.0,139,0.050359712230215826,0.0,0.0,0.0,1.0,0.0,0.0,4,4
144,2,1085000.0,542500.0,114551.2985522207,174,0.08045977011494253,0.0,1.0,0.0,0.0,0.0,0.21115446737736535,2,5
9,12,664000.0,55333.333333333336,42648.31518218261,167,0.5029940119760479,0.08333333333333333,0.08333333333333333,0.16666666666666666,0.25,0.4166666666666667,0.7707526840153484,0,2
7,2,31000.0,15500.0,5656.85424949238,49,0.2857142857142857,0.0,0.0,0.0,0.0,1.0,0.3649583386769278,6,5
6,21,14235000.0,677857.1428571428,483165.2704524908,181,0.8121546961325967,0.0,0.7142857142857143,0.047619047619047616,0.14285714285714285,0.09523809523809523,0.7127833283809137,5,0
132,3,77500.0,25833.333333333332,13250.786140200638,159,0.1320754716981132,0.0,0.0,0.0,0.3333333333333333,0.6666666666666666,0.5129336570400247,6,5
2,24,1030000.0,42916.666666666664,27709.54421457903,183,0.9180327868852459,0.125,0.25,0.20833333333333334,0.25,0.16666666666666666,0.6456592826698027,0,2
6,16,16368139.868066598,1023008.7417541624,1447805.196340611,154,0.7272727272727273,0.0625,0.625,0.0625,0.0,0.25,1.415242252825764,5,0
64,2,51500.0,25750.0,1767.7669529663688,167,0.08383233532934131,0.0,0.0,0.0,0.0,1.0,0.06865114380451917,6,5
4,16,1825500.0,114093.75,54340.04623663841,177,0.632768361581921,0.0625,0.1875,0.6875,0.0625,0.0,0.47627539840384253,3,1
60,3,21500.0,7166.666666666667,5575.242894559244,174,0.12068965517241378,0.6666666666666666,0.0,0.0,0.3333333333333333,0.0,0.7779408690082665,1,3
29,19,733500.0,38605.26315789474,18285.983511489234,175,0.76,0.05263157894736842,0.2631578947368421,0.2631578947368421,0.21052631578947367,0.21052631578947367,0.47366555789815323,0,2
23,3,27000.0,9000.0,1802.7756377319947,109,0.1926605504587156,0.3333333333333333,0.0,0.3333333333333333,0.0,0.3333333333333333,0.20030840419244386,1,3
82,2,14500.0,7250.0,3181.9805153394636,153,0.0915032679738562,1.0,0.0,0.0,0.0,0.0,0.4388938641847536,1,3
111,1,252000.0,252000.0,0.0,111,0.06306306306306306,0.0,1.0,0.0,0.0,0.0,0.0,2,6
18,19,2039000.0,107315.78947368421,49272.54433993636,176,0.7556818181818182,0.0,0.05263157894736842,0.9473684210526315,0.0,0.0,0.4591360188615943,3,1
15,14,1494500.0,106750.0,46786.64750348527,167,0.5868263473053892,0.0,0.14285714285714285,0.5,0.14285714285714285,0.21428571428571427,0.43828241221063485,3,1
22,21,2009500.0,95690.47619047618,40769.92647481603,164,0.8963414634146342,0.0,0.09523809523809523,0.8571428571428571,0.0,0.047619047619047616,0.4260604408913345,3,1
2,19,2037500.0,107236.84210526316,39621.95253652976,183,0.726775956284153,0.05263157894736842,0.10526315789473684,0.47368421052631576,0.15789473684210525,0.21052631578947367,0.36948078438972537,3,1
6,25,856500.0,34260.0,15876.55504194786,181,0.9668508287292817,0.08,0.2,0.12,0.12,0.48,0.46341374903525573,0,2
97,3,29500.0,9833.333333333334,763.7626158259732,136,0.15441176470588236,0.6666666666666666,0.0,0.0,0.0,0.3333333333333333,0.07767077449077693,1,3
14,11,9059500.0,823590.9090909091,651288.4467799893,179,0.4301675977653631,0.0,0.5454545454545454,0.09090909090909091,0.0,0.36363636363636365,0.7907912042143477,5,0
79,3,332500.0,110833.33333333333,112765.61237067501,176,0.11931818181818182,0.0,0.0,0.3333333333333333,0.3333333333333333,0.3333333333333333,1.0174340965775188,4,5
84,2,37000.0,18500.0,2828.42712474619,158,0.08860759493670886,0.5,0.0,0.0,0.5,0.0,0.15288795268898325,4,3
1,21,930000.0,44285.71428571428,33108.371837260216,173,0.8497109826589595,0.23809523809523808,0.14285714285714285,0.09523809523809523,0.38095238095238093,0.14285714285714285,0.7476083963252307,0,2
3,22,16204500.0,736568.1818181818,577744.5739675256,181,0.8508287292817679,0.09090909090909091,0.45454545454545453,0.13636363636363635,0.045454545454545456,0.2727272727272727,0.7843735152140187,5,0
5,16,15748500.0,984281.25,1119266.1281504948,181,0.6187845303867403,0.0625,0.375,0.25,0.1875,0.125,1.1371405562693537,5,0
43,2,59000.0,29500.0,1414.213562373095,65,0.21538461538461537,0.5,0.0,0.0,0.0,0.5,0.04793944279230831,1,3
137,1,16000.0,16000.0,0.0,137,0.0510948905109489,1.0,0.0,0.0,0.0,0.0,0.0,1,3
41,3,73000.0,24333.333333333332,18750.555547325348,74,0.28378378378378377,0.3333333333333333,0.0,0.0,0.3333333333333333,0.3333333333333333,0.7705707759174801,4,3
9,19,13467500.0,708815.7894736842,473461.7845227942,181,0.7348066298342542,0.0,0.6842105263157895,0.0,0.21052631578947367,0.10526315789473684,0.6679616785545268,5,0
80,2,47500.0,23750.0,4596.194077712559,159,0.0880503144654088,0.0,0.0,0.5,0.0,0.5,0.1935239611668446,6,5
60,4,19000.0,4750.0,2533.114025595111,160,0.175,0.75,0.0,0.25,0.0,0.0,0.5332871632831813,1,3
6,20,801000.0,40050.0,17168.5912734793,176,0.7954545454545455,0.25,0.2,0.15,0.25,0.15,0.4286789331705193,0,2
4,3,49000.0,16333.333333333334,2466.4414311581236,161,0.13043478260869565,0.3333333333333333,0.0,0.0,0.0,0.6666666666666666,0.15100661823417083,6,5
54,2,35500.0,17750.0,8838.834764831845,163,0.08588957055214724,0.0,0.0,0.0,0.5,0.5,0.49796252196235746,4,5
8,24,16717500.0,696562.5,465247.4870268324,178,0.9438202247191012,0.0,0.625,0.2916666666666667,0.08333333333333333,0.0,0.6679192276742323,5,0
9,15,13971500.0,931433.3333333334,603870.3108954375,163,0.6441717791411044,0.26666666666666666,0.13333333333333333,0.2,0.26666666666666666,0.13333333333333333,0.6483237063616335,5,0
17,16,1780000.0,111250.0,38560.77454270509,167,0.6706586826347305,0.0625,0.125,0.75,0.0625,0.0,0.3466137037546525,3,1
50,5,43500.0,8700.0,3914.715826212677,178,0.19662921348314608,0.6,0.2,0.0,0.2,0.0,0.44996733634628466,1,3
25,3,47500.0,15833.333333333334,5107.1844820148535,130,0.16153846153846152,0.0,0.6666666666666666,0.0,0.0,0.3333333333333333,0.3225590199167276,2,5
35,11,1076500.0,97863.63636363637,28438.61011819223,177,0.43502824858757067,0.0,0.09090909090909091,0.7272727272727273,0.0,0.18181818181818182,0.29059425109160664,3,1
5,16,633000.0,39562.5,28333.651958992745,178,0.6292134831460674,0.0625,0.3125,0.0,0.375,0.25,0.7161744570993427,0,2
2,4,42000.0,10500.0,5000.0,104,0.2692307692307692,0.0,0.0,0.0,0.25,0.75,0.47619047619047616,6,5
36,19,13723000.0,722263.1578947369,379108.543838959,176,0.7556818181818182,0.0,0.5789473684210527,0.10526315789473684,0.05263157894736842,0.2631578947368421,0.5248897714013132,5,0
5,16,634000.0,39625.0,18739.886161162598,179,0.6256983240223464,0.0,0.4375,0.125,0.1875,0.25,0.4729308810388037,0,2
5,12,1142500.0,95208.33333333333,40080.86050458346,172,0.4883720930232558,0.16666666666666666,0.0,0.6666666666666666,0.0,0.16666666666666666,0.420980591733043,3,1
34,9,1079000.0,119888.88888888889,42114.26256164426,158,0.39873417721518983,0.0,0.0,0.6666666666666666,0.1111111111111111,0.2222222222222222,0.3512774449071347,3,1
17,14,1680000.0,120000.0,59163.073202541054,172,0.5697674418604651,0.07142857142857142,0.0,0.7857142857142857,0.07142857142857142,0.07142857142857142,0.49302561002117545,3,1
27,18,17243000.0,957944.4444444445,564170.8097858122,177,0.711864406779661,0.1111111111111111,0.5555555555555556,0.1111111111111111,0.05555555555555555,0.16666666666666666,0.5889389651536634,5,0
30,16,1731500.0,108218.75,47394.43312950021,174,0.6436781609195402,0.0,0.0625,0.5625,0.25,0.125,0.43795029169621913,3,1
42,3,26000.0,8666.666666666666,2516.6114784235833,115,0.18260869565217394,0.0,0.0,0.0,0.3333333333333333,0.6666666666666666,0.29037824751041347,6,5
8,14,580500.0,41464.28571428572,27780.364043216327,176,0.5568181818181819,0.0,0.35714285714285715,0.14285714285714285,0.21428571428571427,0.2857142857142857,0.6699829398880768,0,2
10,14,523500.0,37392.857142857145,22510.83377759778,180,0.5444444444444444,0.14285714285714285,0.14285714285714285,0.07142857142857142,0.35714285714285715,0.2857142857142857,0.6020089262394822,0,2
3,29,3540500.0,122086.20689655172,61033.6659097603,175,1.16,0.034482758620689655,0.06896551724137931,0.6896551724137931,0.10344827586206896,0.10344827586206896,0.4999226977497666,3,1
2,6,40500.0,6750.0,2115.4195801306178,91,0.46153846153846156,0.6666666666666666,0.0,0.0,0.3333333333333333,0.0,0.31339549335268413,1,3
31,11,448000.0,40727.27272727273,21008.76440484261,174,0.4425287356321839,0.09090909090909091,0.09090909090909091,0.18181818181818182,0.2727272727272727,0.36363636363636365,0.5158401974403319,0,2
19,22,12105500.0,550250.0,409923.9403898752,172,0.8953488372093023,0.0,0.6363636363636364,0.09090909090909091,0.09090909090909091,0.18181818181818182,0.7449776290592917,5,0
156,1,167000.0,167000.0,0.0,156,0.04487179487179487,0.0,0.0,1.0,0.0,0.0,0.0,2,6
22,2,322500.0,161250.0,80256.61966467314,32,0.4375,0.5,0.0,0.5,0.0,0.0,0.4977154707886706,3,5
1,21,14782500.0,703928.5714285715,445822.7586640874,170,0.8647058823529412,0.09523809523809523,0.5714285714285714,0.09523809523809523,0.14285714285714285,0.09523809523809523,0.6333352228612098,5,0
1,14,1848000.0,132000.0,85850.72017080669,182,0.5384615384615384,0.07142857142857142,0.07142857142857142,0.42857142857142855,0.2857142857142857,0.14285714285714285,0.6503842437182324,3,1
1,19,2093000.0,110157.8947368421,55130.16230088242,166,0.8012048192771084,0.10526315789473684,0.0,0.47368421052631576,0.15789473684210525,0.2631578947368421,0.5004649229415986,3,1
68,2,576000.0,288000.0,214253.3546995239,178,0.07865168539325842,0.0,0.0,0.5,0.0,0.5,0.7439352593733468,2,5
4,22,891500.0,40522.72727272727,17586.84388746537,182,0.8461538461538461,0.045454545454545456,0.18181818181818182,0.18181818181818182,0.3181818181818182,0.2727272727272727,0.4339995126463692,0,2
3,3,16000.0,5333.333333333333,763.7626158259734,179,0.11731843575418993,0.6666666666666666,0.0,0.3333333333333333,0.0,0.0,0.14320549046737002,1,3
9,17,741000.0,43588.23529411765,33057.35323556888,173,0.6878612716763005,0.17647058823529413,0.29411764705882354,0.11764705882352941,0.11764705882352941,0.29411764705882354,0.758400816470541,0,2
58,1,56000.0,56000.0,0.0,58,0.12068965517241378,0.0,0.0,0.0,1.0,0.0,0.0,4,4
26,21,1038500.0,49452.380952380954,30398.56277930947,178,0.8258426966292135,0.09523809523809523,0.3333333333333333,0.047619047619047616,0.23809523809523808,0.2857142857142857,0.6147037249547413,0,2
9,15,545000.0,36333.333333333336,12769.476254315357,178,0.5898876404494382,0.13333333333333333,0.13333333333333333,0.13333333333333333,0.26666666666666666,0.3333333333333333,0.3514534748894135,0,2
2,17,7018899.084167226,412876.4167157192,1524447.633903921,178,0.6685393258426967,0.0,0.4117647058823529,0.0,0.47058823529411764,0.11764705882352941,3.6922613454901207,5,0
35,3,66000.0,22000.0,13811.227316933133,91,0.23076923076923078,0.0,0.0,0.0,0.6666666666666666,0.3333333333333333,0.6277830598605969,4,5
35,3,54500.0,18166.666666666668,11814.53906563152,130,0.16153846153846152,0.0,0.3333333333333333,0.0,0.6666666666666666,0.0,0.6503415999430193,4,5
6,15,722000.0,48133.333333333336,31831.288889722204,165,0.6363636363636364,0.0,0.2,0.2,0.3333333333333333,0.26666666666666666,0.6613148661299626,0,2
12,18,12028000.0,668222.2222222222,430330.69439205434,181,0.6961325966850829,0.05555555555555555,0.5555555555555556,0.1111111111111111,0.1111111111111111,0.16666666666666666,0.6439933903439456,5,0
102,1,31500.0,31500.0,0.0,102,0.06862745098039216,0.0,0.0,0.0,0.0,1.0,0.0,6,6
35,3,348000.0,116000.0,66121.10101926616,176,0.11931818181818182,0.3333333333333333,0.0,0.0,0.0,0.6666666666666666,0.5700094915453979,6,5
99,1,132000.0,132000.0,0.0,99,0.0707070707070707,0.0,0.0,0.0,1.0,0.0,0.0,4,4
1,25,2658500.0,106340.0,45333.42218128549,168,1.0416666666666667,0.0,0.12,0.68,0.08,0.12,0.426306396288184,3,1
17,15,535000.0,35666.666666666664,20037.167844735326,179,0.5865921787709497,0.13333333333333333,0.26666666666666666,0.06666666666666667,0.4,0.13333333333333333,0.5617897526561306,0,2
28,2,25000.0,12500.0,1414.213562373095,158,0.08860759493670886,0.5,0.0,0.0,0.0,0.5,0.1131370849898476,1,3
22,3,26500.0,8833.333333333334,3214.5502536643185,47,0.44680851063829785,1.0,0.0,0.0,0.0,0.0,0.3639113494714323,1,3
10,20,776000.0,38800.0,28527.180021866865,178,0.7865168539325843,0.2,0.25,0.15,0.1,0.3,0.7352365985017233,0,2
17,2,35500.0,17750.0,8131.727983645296,155,0.0903225806451613,0.0,0.0,0.0,0.5,0.5,0.4581255202053688,4,5
55,3,19000.0,6333.333333333333,2516.6114784235833,140,0.15,0.6666666666666666,0.3333333333333333,0.0,0.0,0.0,0.3973597071195132,1,3
62,2,16000.0,8000.0,0.0,158,0.08860759493670886,1.0,0.0,0.0,0.0,0.0,0.0,1,3
7,4,70000.0,17500.0,7071.067811865475,168,0.16666666666666666,0.25,0.25,0.0,0.25,0.25,0.40406101782088427,4,3
5,15,1430500.0,95366.66666666667,27452.20955631458,168,0.625,0.0,0.26666666666666666,0.4666666666666667,0.06666666666666667,0.2,0.2878595898949449,3,1
1,13,9430000.0,725384.6153846154,596366.2239571613,180,0.5055555555555555,0.07692307692307693,0.6153846153846154,0.0,0.15384615384615385,0.15384615384615385,0.822137954553881,5,0
43,1,59000.0,59000.0,0.0,43,0.1627906976744186,0.0,1.0,0.0,0.0,0.0,0.0,2,6
19,12,613500.0,51125.0,25321.680433968042,174,0.48275862068965514,0.16666666666666666,0.16666666666666666,0.08333333333333333,0.3333333333333333,0.25,0.4952895928404507,0,2
10,23,993500.0,43195.65217391304,25738.51868063735,173,0.9306358381502889,0.043478260869565216,0.2608695652173913,0.08695652173913043,0.4782608695652174,0.13043478260869565,0.5958590132407238,0,2
10,19,1930000.0,101578.94736842105,41786.58183020755,172,0.7732558139534883,0.10526315789473684,0.15789473684210525,0.631578947368421,0.05263157894736842,0.05263157894736842,0.4113704947015251,3,1
152,1,10000.0,10000.0,0.0,152,0.046052631578947366,0.0,0.0,0.0,0.0,1.0,0.0,6,6
6,22,2016000.0,91636.36363636363,35733.86476312198,182,0.8461538461538461,0.045454545454545456,0.045454545454545456,0.6818181818181818,0.13636363636363635,0.09090909090909091,0.38995288928010097,3,1
21,1,19000.0,19000.0,0.0,21,0.3333333333333333,0.0,0.0,0.0,0.0,1.0,0.0,6,6
60,1,59500.0,59500.0,0.0,60,0.11666666666666667,0.0,0.0,0.0,1.0,0.0,0.0,4,4
1,3,1034500.0,344833.3333333333,243980.190452695,158,0.13291139240506328,0.3333333333333333,0.3333333333333333,0.0,0.3333333333333333,0.0,0.70753076013348,0,5
12,12,8828000.0,735666.6666666666,457855.9387034972,166,0.5060240963855421,0.0,0.5833333333333334,0.08333333333333333,0.08333333333333333,0.25,0.6223687431402318,5,0
118,1,93500.0,93500.0,0.0,118,0.059322033898305086,0.0,0.0,0.0,0.0,1.0,0.0,6,6
54,1,43000.0,43000.0,0.0,54,0.12962962962962962,0.0,0.0,0.0,0.0,1.0,0.0,6,6
13,21,15159000.0,721857.1428571428,575086.8661093109,161,0.9130434782608695,0.047619047619047616,0.6190476190476191,0.09523809523809523,0.19047619047619047,0.047619047619047616,0.7966768380694985,5,0
5,17,549500.0,32323.529411764706,16768.59152596621,181,0.6574585635359116,0.11764705882352941,0.29411764705882354,0.0,0.35294117647058826,0.23529411764705882,0.5187735321954969,0,2
49,1,375500.0,375500.0,0.0,49,0.14285714285714285,0.0,0.0,1.0,0.0,0.0,0.0,2,6
39,2,331000.0,165500.0,101116.2697096763,123,0.11382113821138211,0.5,0.0,0.0,0.0,0.5,0.6109744393333916,1,5
36,6,52000.0,8666.666666666666,3816.6302763912913,154,0.2727272727272727,0.6666666666666666,0.0,0.16666666666666666,0.0,0.16666666666666666,0.44038041650668747,1,3
36,2,174000.0,87000.0,29698.484809834998,182,0.07692307692307693,0.0,0.5,0.0,0.5,0.0,0.3413618943659195,4,5
45,1,7500.0,7500.0,0.0,45,0.15555555555555556,1.0,0.0,0.0,0.0,0.0,0.0,1,3
13,2,38000.0,19000.0,1414.213562373095,38,0.3684210526315789,0.0,1.0,0.0,0.0,0.0,0.0744322927564787,2,6
122,2,12000.0,6000.0,2121.3203435596424,124,0.11290322580645161,0.5,0.0,0.0,0.0,0.5,0.35355339059327373,1,3
4,18,16306500.0,905916.6666666666,674375.1410619708,169,0.7455621301775148,0.1111111111111111,0.6666666666666666,0.0,0.2222222222222222,0.0,0.744411893362492,5,0
79,2,24000.0,12000.0,7071.067811865475,138,0.10144927536231883,0.0,0.0,0.0,1.0,0.0,0.5892556509887896,4,4
24,19,17961000.0,945315.7894736842,619173.7372975897,179,0.7430167597765363,0.05263157894736842,0.7368421052631579,0.05263157894736842,0.05263157894736842,0.10526315789473684,0.6549914263489897,5,0
122,2,37500.0,18750.0,7424.621202458749,173,0.08092485549132948,0.0,0.0,0.0,0.5,0.5,0.39597979746446665,4,5
59,3,75500.0,25166.666666666668,6751.543033509698,99,0.21212121212121213,0.3333333333333333,0.0,0.0,0.3333333333333333,0.3333333333333333,0.2682732331195906,4,3
97,4,59000.0,14750.0,5236.09269080167,166,0.1686746987951807,0.75,0.0,0.0,0.0,0.25,0.3549893349696047,1,3
2,15,537000.0,35800.0,15688.712958229373,159,0.660377358490566,0.13333333333333333,0.13333333333333333,0.13333333333333333,0.3333333333333333,0.26666666666666666,0.4382322055371333,0,2
23,13,9962000.0,766307.6923076923,432175.4822244055,171,0.5321637426900585,0.15384615384615385,0.7692307692307693,0.0,0.0,0.07692307692307693,0.5639712175182967,5,0
83,1,62500.0,62500.0,0.0,83,0.08433734939759036,0.0,0.0,0.0,1.0,0.0,0.0,4,4
16,23,2191500.0,95282.60869565218,48195.111522887426,169,0.9526627218934911,0.13043478260869565,0.043478260869565216,0.6521739130434783,0.043478260869565216,0.13043478260869565,0.5058122587389509,3,1
1,18,13838500.0,768805.5555555555,568328.2279398083,177,0.711864406779661,0.05555555555555555,0.4444444444444444,0.16666666666666666,0.2222222222222222,0.1111111111111111,0.7392353291842721,5,0
28,3,34000.0,11333.333333333334,1040.8329997330663,123,0.17073170731707316,0.0,0.0,0.0,0.6666666666666666,0.3333333333333333,0.09183820585879997,4,5
18,21,12114500.0,576880.9523809524,310893.3460514194,177,0.8305084745762712,0.0,0.6190476190476191,0.14285714285714285,0.09523809523809523,0.14285714285714285,0.5389211496206865,5,0
34,2,45000.0,22500.0,16970.56274847714,121,0.11570247933884298,0.0,0.0,0.0,1.0,0.0,0.7542472332656507,4,4
12,2,363000.0,181500.0,193747.25804511402,117,0.11965811965811965,0.5,0.0,0.5,0.0,0.0,1.067478005758204,3,5
9,22,878000.0,39909.09090909091,26210.06548003138,182,0.8461538461538461,0.22727272727272727,0.045454545454545456,0.0,0.5909090909090909,0.13636363636363635,0.6567442375406496,0,2
7,12,1194500.0,99541.66666666667,46508.77646077983,165,0.509090909090909,0.08333333333333333,0.08333333333333333,0.4166666666666667,0.25,0.16666666666666666,0.4672292319207685,3,1
14,1,167500.0,167500.0,0.0,14,0.5,0.0,1.0,0.0,0.0,0.0,0.0,2,6
44,18,12283500.0,682416.6666666666,524477.7864975901,177,0.711864406779661,0.16666666666666666,0.6666666666666666,0.1111111111111111,0.0,0.05555555555555555,0.7685594624460962,5,0
141,2,562000.0,281000.0,280721.3921310594,146,0.0958904109589041,0.5,0.0,0.0,0.0,0.5,0.9990085129219195,1,5
152,1,50500.0,50500.0,0.0,152,0.046052631578947366,0.0,0.0,0.0,1.0,0.0,0.0,4,4
21,4,965500.0,241375.0,127920.79255018187,84,0.3333333333333333,0.25,0.0,0.0,0.5,0.25,0.5299670328334827,4,5
1,19,2318500.0,122026.31578947368,53765.55942345396,169,0.7869822485207101,0.0,0.21052631578947367,0.5789473684210527,0.10526315789473684,0.10526315789473684,0.44060626657132856,3,1
82,4,817500.0,204375.0,185294.5290611679,173,0.16184971098265896,0.0,0.5,0.25,0.0,0.25,0.9066398975469989,2,5
10,17,1587000.0,93352.94117647059,27044.96528115397,146,0.8150684931506849,0.0,0.29411764705882354,0.47058823529411764,0.11764705882352941,0.11764705882352941,0.28970662241941875,3,1
52,1,203000.0,203000.0,0.0,52,0.1346153846153846,0.0,0.0,1.0,0.0,0.0,0.0,2,6
42,4,31000.0,7750.0,1322.8756555322952,144,0.19444444444444442,0.75,0.0,0.0,0.0,0.25,0.17069363297190907,1,3
26,6,367157.9058468641,61192.984307810686,91135.48655247824,164,0.25609756097560976,0.16666666666666666,0.16666666666666666,0.0,0.3333333333333333,0.3333333333333333,1.4893126652240376,0,0
156,1,57000.0,57000.0,0.0,156,0.04487179487179487,0.0,0.0,1.0,0.0,0.0,0.0,2,6
4,16,1682500.0,105156.25,55115.24857060884,171,0.6549707602339182,0.0625,0.125,0.625,0.0625,0.125,0.5241271780860276,3,1
12,22,13789000.0,626772.7272727273,576285.699798466,180,0.8555555555555555,0.09090909090909091,0.7272727272727273,0.09090909090909091,0.09090909090909091,0.0,0.9194492273236822,5,0
39,2,13000.0,6500.0,2828.42712474619,101,0.1386138613861386,0.5,0.0,0.0,0.5,0.0,0.43514263457633695,4,3
57,3,50500.0,16833.333333333332,8751.190395216718,72,0.29166666666666663,0.0,0.3333333333333333,0.6666666666666666,0.0,0.0,0.5198726967455476,2,5
5,13,6394000.0,491846.1538461539,298749.4340730612,183,0.4972677595628415,0.0,0.46153846153846156,0.15384615384615385,0.23076923076923078,0.15384615384615385,0.6074042294259925,5,0
3,22,685500.0,31159.090909090908,20065.5985894577,176,0.875,0.09090909090909091,0.22727272727272727,0.09090909090909091,0.4090909090909091,0.18181818181818182,0.6439725294939014,0,2
111,2,24500.0,12250.0,1060.6601717798212,148,0.0945945945945946,0.0,0.0,0.0,1.0,0.0,0.08658450381876091,4,4
162,1,366500.0,366500.0,0.0,162,0.043209876543209874,0.0,0.0,0.0,0.0,1.0,0.0,6,6
44,3,31000.0,10333.333333333334,6251.666444503684,136,0.15441176470588236,0.0,0.0,0.0,0.3333333333333333,0.6666666666666666,0.6049999785003565,6,5
6,1,20000.0,20000.0,0.0,6,1.1666666666666667,0.0,0.0,0.0,0.0,1.0,0.0,6,6
51,2,67000.0,33500.0,30405.591591021544,53,0.2641509433962264,0.0,0.0,0.0,0.0,1.0,0.9076295997319864,6,5
2,18,17569000.0,976055.5555555555,1167632.6840951825,174,0.7241379310344828,0.0,0.5555555555555556,0.3333333333333333,0.05555555555555555,0.05555555555555555,1.1962768691281966,5,0
10,4,551500.0,137875.0,74326.27956068657,157,0.178343949044586,0.0,0.25,0.0,0.0,0.75,0.5390845299052517,6,5
82,3,370000.0,123333.33333333333,11094.292827095082,119,0.17647058823529413,0.3333333333333333,0.0,0.3333333333333333,0.3333333333333333,0.0,0.08995372562509527,4,5
28,25,1176000.0,47040.0,61540.62343958934,179,0.9776536312849161,0.16,0.32,0.04,0.28,0.2,1.3082615527123584,0,2
11,19,12841000.0,675842.1052631579,370833.8221956171,183,0.726775956284153,0.05263157894736842,0.5789473684210527,0.21052631578947367,0.10526315789473684,0.05263157894736842,0.5486989036458784,5,0
7,13,15728463.135339264,1209881.7796414818,1545332.2475854557,163,0.558282208588957,0.07692307692307693,0.6153846153846154,0.23076923076923078,0.0,0.07692307692307693,1.2772588806514436,5,0
22,18,1872500.0,104027.77777777778,40621.44906552457,182,0.6923076923076923,0.0,0.16666666666666666,0.5,0.2777777777777778,0.05555555555555555,0.39048655977540303,3,1
110,2,27500.0,13750.0,12374.368670764581,164,0.08536585365853659,0.0,0.0,0.0,0.0,1.0,0.899954085146515,6,5
67,3,48000.0,16000.0,6946.221994724902,156,0.1346153846153846,0.0,0.0,0.3333333333333333,0.0,0.6666666666666666,0.4341388746703064,6,5
9,19,18408000.0,968842.1052631579,630785.8205936372,170,0.7823529411764706,0.0,0.5789473684210527,0.05263157894736842,0.15789473684210525,0.21052631578947367,0.6510718487222461,5,0
8,30,17233000.0,574433.3333333334,283290.4788415927,166,1.2650602409638554,0.0,0.43333333333333335,0.26666666666666666,0.2,0.1,0.4931651114285255,5,0
39,15,12409500.0,827300.0,431560.9044917233,169,0.6213017751479291,0.06666666666666667,0.4,0.3333333333333333,0.13333333333333333,0.06666666666666667,0.5216498301604294,5,0
1,21,15127500.0,720357.1428571428,356899.85089857987,176,0.8352272727272727,0.0,0.6190476190476191,0.14285714285714285,0.14285714285714285,0.09523809523809523,0.49544847918493984,5,0
35,1,252500.0,252500.0,0.0,35,0.2,0.0,0.0,1.0,0.0,0.0,0.0,2,6
21,16,1636000.0,102250.0,44713.159882373184,168,0.6666666666666666,0.0,0.0625,0.8125,0.0625,0.0625,0.4372925171870238,3,1
67,2,24500.0,12250.0,353.5533905932738,180,0.07777777777777778,0.0,0.0,0.0,0.0,1.0,0.02886150127292031,6,5
129,2,257000.0,128500.0,23334.52377915607,176,0.07954545454545454,1.0,0.0,0.0,0.0,0.0,0.18159162474051416,1,3
33,1,310000.0,310000.0,0.0,33,0.21212121212121213,0.0,0.0,1.0,0.0,0.0,0.0,2,6
12,13,562000.0,43230.769230769234,26334.874995443606,179,0.5083798882681564,0.23076923076923078,0.07692307692307693,0.07692307692307693,0.46153846153846156,0.15384615384615385,0.6091697063002969,0,2
19,16,15487500.0,967968.75,1417412.695356696,170,0.6588235294117647,0.0625,0.6875,0.125,0.0,0.125,1.4643165860020748,5,0
143,2,24000.0,12000.0,2121.3203435596424,172,0.0813953488372093,0.0,0.0,0.0,0.5,0.5,0.17677669529663687,4,5
7,20,2223000.0,111150.0,46407.83168933088,177,0.7909604519774012,0.05,0.15,0.6,0.0,0.2,0.4175243516808896,3,1
5,2,23000.0,11500.0,707.1067811865476,143,0.0979020979020979,0.0,0.0,0.0,0.0,1.0,0.06148754619013457,6,5
17,19,1796000.0,94526.31578947368,31027.52974922724,183,0.726775956284153,0.05263157894736842,0.15789473684210525,0.631578947368421,0.05263157894736842,0.10526315789473684,0.3282422412223372,3,1
41,4,58000.0,14500.0,4490.731195102493,144,0.19444444444444442,0.0,0.25,0.0,0.0,0.75,0.3097055996622409,6,5
30,13,11454000.0,881076.9230769231,534727.4557408446,149,0.610738255033557,0.0,0.6153846153846154,0.15384615384615385,0.07692307692307693,0.15384615384615385,0.6069021236800226,5,0
25,3,27500.0,9166.666666666666,1154.7005383792514,145,0.14482758620689654,0.3333333333333333,0.0,0.3333333333333333,0.0,0.3333333333333333,0.12596733145955472,1,3
9,2,32000.0,16000.0,14849.242404917499,69,0.20289855072463767,0.0,0.5,0.0,0.0,0.5,0.9280776503073437,2,5
41,2,290500.0,145250.0,76721.0857587404,70,0.2,0.0,0.5,0.5,0.0,0.0,0.5282002461875415,2,5
62,5,39500.0,7900.0,1781.8529681205462,159,0.220125786163522,1.0,0.0,0.0,0.0,0.0,0.22555100862285393,1,3
31,2,549000.0,274500.0,137885.82233137678,134,0.1044776119402985,0.5,0.0,0.0,0.5,0.0,0.5023162926461814,4,5
7,17,685000.0,40294.117647058825,19169.522378903814,178,0.6685393258426967,0.11764705882352941,0.29411764705882354,0.11764705882352941,0.23529411764705882,0.23529411764705882,0.4757399714472479,0,2
176,1,154500.0,154500.0,0.0,176,0.03977272727272727,0.0,0.0,0.0,0.0,1.0,0.0,6,6
10,13,495500.0,38115.38461538462,27351.99097426749,165,0.5515151515151515,0.07692307692307693,0.3076923076923077,0.3076923076923077,0.23076923076923078,0.07692307692307693,0.7176102576498029,0,2
25,2,49500.0,24750.0,9545.941546018392,111,0.12612612612612611,0.0,0.0,0.0,0.0,1.0,0.38569460791993504,6,5
142,2,235500.0,117750.0,81670.83322704624,148,0.0945945945945946,0.5,0.0,0.0,0.0,0.5,0.6935951866415817,1,5
1,13,1594500.0,122653.84615384616,55373.12247207748,161,0.5652173913043478,0.07692307692307693,0.0,0.38461538461538464,0.15384615384615385,0.38461538461538464,0.45145850870931775,3,1
4,15,15999240.519603044,1066616.034640203,1181918.9412170697,124,0.846774193548387,0.0,0.6,0.13333333333333333,0.2,0.06666666666666667,1.1081016062314883,5,0
8,3,74500.0,24833.333333333332,2843.1203515386637,162,0.12962962962962962,0.0,0.3333333333333333,0.0,0.3333333333333333,0.3333333333333333,0.11448806784719452,4,5
24,2,177000.0,88500.0,3535.5339059327375,163,0.08588957055214724,0.5,0.0,0.0,0.0,0.5,0.03994953566025692,1,5
1,20,1794000.0,89700.0,35003.533656204665,166,0.8433734939759036,0.0,0.05,0.7,0.1,0.15,0.39022891478489036,3,1
5,21,13960000.0,664761.9047619047,362586.0800915977,183,0.8032786885245902,0.14285714285714285,0.5714285714285714,0.0,0.047619047619047616,0.23809523809523808,0.545437513031773,5,0
32,1,486000.0,486000.0,0.0,32,0.21875,0.0,1.0,0.0,0.0,0.0,0.0,2,6
79,1,17500.0,17500.0,0.0,79,0.08860759493670886,0.0,0.0,0.0,0.0,1.0,0.0,6,6
7,18,823000.0,45722.22222222222,20630.661235320014,170,0.7411764705882353,0.0,0.2222222222222222,0.16666666666666666,0.2777777777777778,0.3333333333333333,0.4512173781722482,0,2
8,15,1963000.0,130866.66666666667,54839.8534262221,183,0.5737704918032787,0.06666666666666667,0.13333333333333333,0.5333333333333333,0.2,0.06666666666666667,0.41905135068432575,3,1
1,1,6500.0,6500.0,0.0,1,7.0,1.0,0.0,0.0,0.0,0.0,0.0,1,3
71,2,35000.0,17500.0,707.1067811865476,102,0.13725490196078433,0.0,0.0,0.0,0.0,1.0,0.04040610178208843,6,5
16,4,54500.0,13625.0,5313.112709765027,143,0.1958041958041958,0.25,0.0,0.0,0.75,0.0,0.3899532264047726,4,3
6,22,823000.0,37409.09090909091,15238.294776832076,167,0.9221556886227544,0.09090909090909091,0.18181818181818182,0.13636363636363635,0.22727272727272727,0.36363636363636365,0.4073420231959971,0,2
80,2,292500.0,146250.0,42779.960261786124,142,0.09859154929577466,0.0,0.5,0.5,0.0,0.0,0.2925125487985376,2,5
81,1,34000.0,34000.0,0.0,81,0.08641975308641975,1.0,0.0,0.0,0.0,0.0,0.0,1,3
1,21,12296500.0,585547.619047619,401658.2472937006,174,0.8448275862068966,0.047619047619047616,0.47619047619047616,0.047619047619047616,0.19047619047619047,0.23809523809523808,0.685953173111675,5,0
9,5,45000.0,9000.0,2598.076211353316,136,0.2573529411764706,0.6,0.2,0.2,0.0,0.0,0.28867513459481287,1,3
24,10,456000.0,45600.0,26547.4418102134,176,0.39772727272727276,0.2,0.2,0.0,0.2,0.4,0.5821807414520482,0,2
7,17,12322500.0,724852.9411764706,333839.95813422155,173,0.6878612716763005,0.058823529411764705,0.47058823529411764,0.17647058823529413,0.11764705882352941,0.17647058823529413,0.46056232812187187,5,0
1,19,12407000.0,653000.0,372773.72493243136,181,0.7348066298342542,0.21052631578947367,0.42105263157894735,0.10526315789473684,0.21052631578947367,0.05263157894736842,0.5708632847357294,5,0
106,1,853000.0,853000.0,0.0,106,0.0660377358490566,1.0,0.0,0.0,0.0,0.0,0.0,1,3
107,1,10500.0,10500.0,0.0,107,0.06542056074766354,0.0,0.0,0.0,1.0,0.0,0.0,4,4
102,2,36000.0,18000.0,12727.922061357855,155,0.0903225806451613,0.0,0.0,0.0,1.0,0.0,0.7071067811865475,4,4
8,20,925000.0,46250.0,23761.14696859472,149,0.9395973154362417,0.1,0.45,0.1,0.15,0.2,0.5137545290506966,0,2
9,17,1684000.0,99058.82352941176,33045.36765613921,182,0.6538461538461539,0.0,0.11764705882352941,0.8235294117647058,0.058823529411764705,0.0,0.33359337895152413,3,1
123,1,38500.0,38500.0,0.0,123,0.056910569105691054,0.0,0.0,0.0,0.0,1.0,0.0,6,6
5,15,852000.0,56800.0,44529.20390036184,169,0.6213017751479291,0.0,0.26666666666666666,0.0,0.3333333333333333,0.4,0.7839648574007366,0,2
5,3,41500.0,13833.333333333334,6429.100507328637,183,0.11475409836065574,0.3333333333333333,0.0,0.3333333333333333,0.3333333333333333,0.0,0.46475425354182914,4,3
108,2,559000.0,279500.0,185969.083452062,122,0.11475409836065575,0.5,0.0,0.0,0.5,0.0,0.6653634470556781,4,5
11,16,611500.0,38218.75,32245.91382382167,183,0.6120218579234973,0.125,0.25,0.1875,0.1875,0.25,0.8437197402798802,0,2
50,1,28000.0,28000.0,0.0,50,0.13999999999999999,0.0,1.0,0.0,0.0,0.0,0.0,2,6
19,15,10404000.0,693600.0,565086.5041237997,171,0.6140350877192983,0.06666666666666667,0.7333333333333333,0.0,0.06666666666666667,0.13333333333333333,0.8147152596940596,5,0
119,1,11000.0,11000.0,0.0,119,0.058823529411764705,0.0,0.0,0.0,0.0,1.0,0.0,6,6
81,2,22000.0,11000.0,707.1067811865476,113,0.12389380530973451,0.5,0.0,0.0,0.5,0.0,0.0642824346533225,4,3
3,18,18759500.0,1042194.4444444445,1271772.0746923643,177,0.711864406779661,0.05555555555555555,0.5555555555555556,0.16666666666666666,0.0,0.2222222222222222,1.2202829150277223,5,0
28,17,540000.0,31764.70588235294,18424.77751481923,175,0.68,0.11764705882352941,0.11764705882352941,0.17647058823529413,0.35294117647058826,0.23529411764705882,0.580039292133198,0,2
18,13,6720000.0,516923.07692307694,700960.5268889328,175,0.52,0.07692307692307693,0.5384615384615384,0.0,0.38461538461538464,0.0,1.356024828802995,5,0
2,10,1334000.0,133400.0,43881.65903882851,182,0.38461538461538464,0.0,0.1,0.9,0.0,0.0,0.32894796880681043,3,1
1,18,13184000.0,732444.4444444445,595651.913968535,175,0.72,0.0,0.5,0.2222222222222222,0.1111111111111111,0.16666666666666666,0.813238353415779,5,0
22,18,1156000.0,64222.22222222222,45890.605927774595,175,0.72,0.16666666666666666,0.16666666666666666,0.05555555555555555,0.4444444444444444,0.16666666666666666,0.7145596078719229,0,2
7,3,570000.0,190000.0,90701.4332852574,112,0.1875,0.0,0.3333333333333333,0.0,0.6666666666666666,0.0,0.4773759646592495,4,5
12,13,442000.0,34000.0,20267.99611867603,164,0.5548780487804879,0.07692307692307693,0.15384615384615385,0.07692307692307693,0.46153846153846156,0.23076923076923078,0.5961175329022362,0,2
90,1,121000.0,121000.0,0.0,90,0.07777777777777778,0.0,1.0,0.0,0.0,0.0,0.0,2,6
7,3,62000.0,20666.666666666668,2843.1203515386633,150,0.14,0.0,0.3333333333333333,0.0,0.3333333333333333,0.3333333333333333,0.13757033959058046,4,5
21,2,387000.0,193500.0,107480.23074035523,179,0.0782122905027933,0.0,0.5,0.0,0.5,0.0,0.555453388839045,4,5
60,3,97000.0,32333.333333333332,12332.207155790618,128,0.1640625,0.0,0.0,0.0,0.3333333333333333,0.6666666666666666,0.3814084687357923,6,5
16,22,1022000.0,46454.545454545456,38611.899563201856,177,0.8700564971751413,0.18181818181818182,0.2727272727272727,0.13636363636363635,0.13636363636363635,0.2727272727272727,0.8311759201472023,0,2
18,22,20106000.0,913909.0909090909,614468.8111803721,181,0.8508287292817679,0.045454545454545456,0.6818181818181818,0.045454545454545456,0.13636363636363635,0.09090909090909091,0.6723522255032421,5,0
12,10,478500.0,47850.0,39183.365234638935,166,0.4216867469879518,0.0,0.2,0.0,0.6,0.2,0.8188791062620467,0,2
55,2,45000.0,22500.0,9192.388155425118,120,0.11666666666666667,0.0,0.0,0.0,0.0,1.0,0.4085505846855608,6,5
10,20,2104500.0,105225.0,45300.3064355849,169,0.8284023668639053,0.05,0.05,0.75,0.1,0.05,0.4305089706399135,3,1
29,1,246500.0,246500.0,0.0,29,0.24137931034482757,0.0,0.0,0.0,1.0,0.0,0.0,4,4
2,15,664000.0,44266.666666666664,26291.54309079705,182,0.5769230769230769,0.3333333333333333,0.2,0.0,0.3333333333333333,0.13333333333333333,0.5939354613884876,0,2
150,2,238000.0,119000.0,57275.64927611035,168,0.08333333333333333,0.0,0.5,0.0,0.0,0.5,0.48130797711017104,2,5
146,1,76000.0,76000.0,0.0,146,0.04794520547945205,0.0,0.0,0.0,0.0,1.0,0.0,6,6
91,2,358000.0,179000.0,5656.85424949238,93,0.15053763440860216,0.0,0.5,0.0,0.0,0.5,0.03160253770666134,2,5
7,12,1261000.0,105083.33333333333,20975.996382589892,183,0.45901639344262296,0.08333333333333333,0.0,0.5833333333333334,0.16666666666666666,0.16666666666666666,0.19961297112694584,3,1
27,15,1556000.0,103733.33333333333,44366.92247073048,148,0.7094594594594594,0.13333333333333333,0.13333333333333333,0.5333333333333333,0.06666666666666667,0.13333333333333333,0.42770169476925274,3,1
12,20,25422500.0,1271125.0,1163970.6190336954,170,0.823529411764706,0.05,0.55,0.15,0.2,0.05,0.9157011458618904,5,0
3,11,1280500.0,116409.09090909091,42494.01027310683,153,0.5032679738562091,0.09090909090909091,0.0,0.9090909090909091,0.0,0.0,0.3650403069146233,3,1
121,1,10500.0,10500.0,0.0,121,0.05785123966942149,0.0,0.0,0.0,0.0,1.0,0.0,6,6
4,15,668500.0,44566.666666666664,27366.47236170218,159,0.660377358490566,0.2,0.2,0.13333333333333333,0.26666666666666666,0.2,0.6140569714667655,0,2
182,1,10500.0,10500.0,0.0,182,0.038461538461538464,0.0,0.0,0.0,0.0,1.0,0.0,6,6
19,13,701500.0,53961.53846153846,27820.452262725063,167,0.5449101796407185,0.15384615384615385,0.15384615384615385,0.07692307692307693,0.15384615384615385,0.46153846153846156,0.5155607689457247,0,2
6,3,26000.0,8666.666666666666,2843.1203515386637,75,0.28,1.0,0.0,0.0,0.0,0.0,0.3280523482544612,1,3
12,5,88500.0,17700.0,5118.593556827891,162,0.2160493827160494,0.4,0.2,0.0,0.2,0.2,0.289186076656943,1,3
4,19,1950500.0,102657.8947368421,38891.96311992539,180,0.7388888888888888,0.10526315789473684,0.05263157894736842,0.631578947368421,0.05263157894736842,0.15789473684210525,0.3788501918885324,3,1
158,2,299500.0,149750.0,44901.28060534577,174,0.08045977011494253,0.5,0.0,0.0,0.5,0.0,0.2998416067134943,4,5
28,1,12000.0,12000.0,0.0,28,0.25,0.0,1.0,0.0,0.0,0.0,0.0,2,6
21,17,708500.0,41676.470588235294,21008.88292519871,180,0.6611111111111111,0.11764705882352941,0.29411764705882354,0.058823529411764705,0.23529411764705882,0.29411764705882354,0.5040945797154243,0,2
46,2,350000.0,175000.0,110308.65786510141,107,0.1308411214953271,0.5,0.0,0.0,0.0,0.5,0.6303351878005795,1,5
14,4,285000.0,71250.0,18323.482201808692,84,0.3333333333333333,0.0,0.25,0.25,0.0,0.5,0.25717168002538515,2,5
9,18,695500.0,38638.88888888889,19306.20561279193,181,0.6961325966850829,0.1111111111111111,0.16666666666666666,0.1111111111111111,0.3333333333333333,0.2777777777777778,0.4996573702807401,0,2
152,1,85500.0,85500.0,0.0,152,0.046052631578947366,0.0,0.0,1.0,0.0,0.0,0.0,2,6
94,2,71500.0,35750.0,30759.144981614816,129,0.10852713178294575,0.0,0.0,0.0,1.0,0.0,0.8603956638213934,4,4
6,24,2518000.0,104916.66666666667,44798.25954176138,165,1.018181818181818,0.0,0.20833333333333334,0.5416666666666666,0.125,0.125,0.4269889710096398,3,1
1,21,14965000.0,712619.0476190476,673207.3771276185,183,0.8032786885245902,0.09523809523809523,0.47619047619047616,0.14285714285714285,0.09523809523809523,0.19047619047619047,0.9446946154146335,5,0
10,2,33000.0,16500.0,2828.42712474619,144,0.09722222222222221,0.0,0.0,0.0,0.0,1.0,0.17141982574219333,6,5
15,26,1172000.0,45076.92307692308,42665.37057326288,177,1.0282485875706215,0.07692307692307693,0.2692307692307692,0.038461538461538464,0.34615384615384615,0.2692307692307692,0.9465013949699956,0,2
10,17,638000.0,37529.41176470588,22553.734854395025,183,0.6502732240437159,0.0,0.23529411764705882,0.0,0.47058823529411764,0.29411764705882354,0.6009615870293346,0,2
8,25,1867409.0189738898,74696.36075895559,176574.16091545313,175,1.0,0.04,0.16,0.08,0.44,0.28,2.3638924188724024,0,0
20,18,1616000.0,89777.77777777778,50432.89724161211,182,0.6923076923076923,0.1111111111111111,0.0,0.6666666666666666,0.05555555555555555,0.16666666666666666,0.5617525682852834,3,1
29,2,32500.0,16250.0,8838.834764831845,105,0.13333333333333333,0.5,0.5,0.0,0.0,0.0,0.5439282932204212,1,3
22,4,50500.0,12625.0,1796.9882210706521,98,0.2857142857142857,0.25,0.0,0.0,0.5,0.25,0.14233570067886353,4,3
23,22,2367500.0,107613.63636363637,42293.738087159916,183,0.8415300546448088,0.18181818181818182,0.045454545454545456,0.4090909090909091,0.09090909090909091,0.2727272727272727,0.39301467282682917,3,1
18,21,2357500.0,112261.90476190476,53580.69126271587,182,0.8076923076923077,0.047619047619047616,0.0,0.6666666666666666,0.19047619047619047,0.09523809523809523,0.47728293383543297,3,1
7,15,9507500.0,633833.3333333334,451989.122287989,177,0.5932203389830508,0.13333333333333333,0.5333333333333333,0.06666666666666667,0.13333333333333333,0.13333333333333333,0.7131040583034273,5,0
7,3,31500.0,10500.0,4272.001872658766,138,0.15217391304347824,1.0,0.0,0.0,0.0,0.0,0.40685732120559676,1,3
13,2,25500.0,12750.0,3181.9805153394636,146,0.0958904109589041,0.0,0.5,0.0,0.0,0.5,0.24956709924231088,6,5
136,1,163500.0,163500.0,0.0,136,0.05147058823529412,0.0,0.0,0.0,0.0,1.0,0.0,6,6
8,14,475500.0,33964.28571428572,15168.875377554536,174,0.5632183908045977,0.0,0.07142857142857142,0.07142857142857142,0.5,0.35714285714285715,0.4466125242602807,0,2
15,16,1545500.0,96593.75,33472.983509092825,181,0.6187845303867403,0.0,0.0,0.8125,0.0625,0.125,0.3465336371048109,3,1
58,4,37500.0,9375.0,3794.18414594407,135,0.20740740740740743,1.0,0.0,0.0,0.0,0.0,0.4047129755673675,1,3
38,3,461500.0,153833.33333333334,37941.8414594407,153,0.1372549019607843,0.3333333333333333,0.0,0.6666666666666666,0.0,0.0,0.24664252302995038,2,5
5,18,19594500.0,1088583.3333333333,608937.2673668736,173,0.7283236994219653,0.0,0.5555555555555556,0.2777777777777778,0.05555555555555555,0.1111111111111111,0.5593850729849562,5,0
5,15,1844000.0,122933.33333333333,60051.12900885457,183,0.5737704918032787,0.0,0.06666666666666667,0.7333333333333333,0.13333333333333333,0.06666666666666667,0.4884853227401402,3,1
61,2,18500.0,9250.0,353.5533905932738,113,0.12389380530973451,0.0,0.0,0.0,1.0,0.0,0.03822198817224581,4,4
12,21,1918000.0,91333.33333333333,27882.491519470306,170,0.8647058823529412,0.047619047619047616,0.19047619047619047,0.5238095238095238,0.19047619047619047,0.047619047619047616,0.30528275386281356,3,1
141,1,81000.0,81000.0,0.0,141,0.04964539007092199,0.0,0.0,0.0,1.0,0.0,0.0,4,4
64,3,29000.0,9666.666666666666,5965.176722724427,104,0.20192307692307693,1.0,0.0,0.0,0.0,0.0,0.617087247178389,1,3
15,16,8699000.0,543687.5,342174.1211235395,172,0.6511627906976744,0.0,0.625,0.0625,0.25,0.0625,0.6293580800065102,5,0
20,15,935500.0,62366.666666666664,44449.99866088166,170,0.6176470588235294,0.13333333333333333,0.26666666666666666,0.13333333333333333,0.4,0.06666666666666667,0.7127204488650186,0,2
32,18,20953591.89061419,1164088.438367455,1696639.219293837,178,0.7078651685393259,0.0,0.6666666666666666,0.05555555555555555,0.16666666666666666,0.1111111111111111,1.4574830943886392,5,0
7,17,740500.0,43558.82352941176,29747.312038727327,178,0.6685393258426967,0.11764705882352941,0.23529411764705882,0.0,0.35294117647058826,0.29411764705882354,0.6829227611861777,0,2
176,1,18000.0,18000.0,0.0,176,0.03977272727272727,0.0,0.0,0.0,1.0,0.0,0.0,4,4
10,3,48500.0,16166.666666666666,7522.189397597839,177,0.11864406779661017,0.0,0.0,0.0,0.6666666666666666,0.3333333333333333,0.4652900658307942,4,5
18,9,876500.0,97388.88888888889,42260.18943534342,174,0.3620689655172414,0.0,0.0,1.0,0.0,0.0,0.43393235016325243,3,1
11,30,1332500.0,44416.666666666664,22173.331035173815,180,1.1666666666666665,0.16666666666666666,0.3,0.1,0.26666666666666666,0.16666666666666666,0.4992119557637632,0,2
1,13,513000.0,39461.53846153846,17502.930157621155,178,0.5112359550561798,0.07692307692307693,0.15384615384615385,0.3076923076923077,0.15384615384615385,0.3076923076923077,0.44354403908201756,0,2
13,20,848000.0,42400.0,15913.086306228395,181,0.7734806629834254,0.05,0.35,0.05,0.3,0.25,0.37530863929783953,0,2
80,2,648000.0,324000.0,299813.27522309613,141,0.09929078014184398,0.0,0.0,0.0,1.0,0.0,0.9253496148860991,4,4
15,9,1050500.0,116722.22222222222,45228.66286376864,148,0.4256756756756757,0.0,0.1111111111111111,0.6666666666666666,0.0,0.2222222222222222,0.38748973419697075,3,1
19,22,972500.0,44204.545454545456,22116.390760242506,181,0.8508287292817679,0.09090909090909091,0.22727272727272727,0.09090909090909091,0.3181818181818182,0.2727272727272727,0.5003193796661544,0,2
19,17,638500.0,37558.82352941176,15323.47295913729,160,0.74375,0.17647058823529413,0.35294117647058826,0.0,0.17647058823529413,0.29411764705882354,0.40798596758862016,0,2
7,16,12015000.0,750937.5,539198.4753625824,160,0.7,0.1875,0.375,0.0625,0.3125,0.0625,0.7180337582855861,5,0
12,2,48000.0,24000.0,707.1067811865476,93,0.15053763440860216,0.0,0.0,0.0,0.0,1.0,0.02946278254943948,6,5
1,19,15494000.0,815473.6842105263,752034.2499899154,179,0.7430167597765363,0.05263157894736842,0.5789473684210527,0.0,0.10526315789473684,0.2631578947368421,0.9222054182140437,5,0
73,1,10000.0,10000.0,0.0,73,0.0958904109589041,0.0,0.0,0.0,1.0,0.0,0.0,4,4
64,4,28500.0,7125.0,2286.737122335374,166,0.1686746987951807,0.5,0.0,0.0,0.25,0.25,0.32094556102952615,1,3
49,1,18000.0,18000.0,0.0,49,0.14285714285714285,0.0,0.0,0.0,0.0,1.0,0.0,6,6
16,11,1212500.0,110227.27272727272,44637.07183293033,182,0.4230769230769231,0.18181818181818182,0.18181818181818182,0.5454545454545454,0.0,0.09090909090909091,0.4049548784843164,3,1
27,17,763000.0,44882.35294117647,28274.065751455822,182,0.6538461538461539,0.23529411764705882,0.23529411764705882,0.11764705882352941,0.23529411764705882,0.17647058823529413,0.6299595252617942,0,2
12,6,49000.0,8166.666666666667,2503.331114069145,102,0.4117647058823529,0.5,0.0,0.16666666666666666,0.16666666666666666,0.16666666666666666,0.3065303404982626,1,3
11,4,27500.0,6875.0,2561.7376914898996,181,0.15469613259668508,1.0,0.0,0.0,0.0,0.0,0.3726163914894399,1,3
4,21,2260000.0,107619.04761904762,42163.64096051975,181,0.8121546961325967,0.0,0.14285714285714285,0.6190476190476191,0.14285714285714285,0.09523809523809523,0.3917860443234136,3,1
15,16,12966000.0,810375.0,634522.6420966657,175,0.64,0.0,0.5625,0.125,0.0625,0.25,0.782998787100621,5,0
6,2,166155.45444580674,83077.72722290337,89205.37732230053,120,0.11666666666666667,0.0,0.0,0.0,0.5,0.5,1.073758037252948,4,5
19,1,347000.0,347000.0,0.0,19,0.3684210526315789,0.0,0.0,0.0,1.0,0.0,0.0,4,4
1,16,1848000.0,115500.0,52617.17083487734,146,0.7671232876712328,0.0,0.125,0.6875,0.0,0.1875,0.45555992064828865,3,1
41,2,21500.0,10750.0,3889.0872965260114,171,0.08187134502923978,0.0,0.0,0.5,0.5,0.0,0.36177556246753595,4,5
4,20,18646642.141108256,932332.1070554128,561100.0007751548,159,0.880503144654088,0.05,0.35,0.05,0.2,0.35,0.6018241745929769,5,0
13,18,20293000.0,1127388.888888889,1003747.2226253503,178,0.7078651685393259,0.0,0.6111111111111112,0.05555555555555555,0.1111111111111111,0.2222222222222222,0.8903291779064852,5,0
66,2,477500.0,238750.0,39951.533137039936,146,0.0958904109589041,0.0,0.5,0.5,0.0,0.0,0.1673362644483348,2,5
11,19,2627000.0,138263.15789473685,66209.97080438964,141,0.9432624113475178,0.05263157894736842,0.15789473684210525,0.47368421052631576,0.10526315789473684,0.21052631578947367,0.47886922165337004,3,1
29,16,1642000.0,102625.0,49266.11411507914,183,0.6120218579234973,0.0,0.0625,0.75,0.0625,0.125,0.48005957724803056,3,1
6,15,1553500.0,103566.66666666667,33322.48633037599,181,0.580110497237569,0.2,0.06666666666666667,0.6,0.0,0.13333333333333333,0.32174914384012865,3,1
125,2,50500.0,25250.0,8131.727983645296,183,0.07650273224043716,0.0,0.0,0.0,0.0,1.0,0.3220486330156553,6,5
19,2,23000.0,11500.0,3535.5339059327375,130,0.10769230769230768,0.0,0.0,0.0,0.5,0.5,0.30743773095067284,4,5
6,13,465500.0,35807.692307692305,20480.212463841835,173,0.5260115606936416,0.15384615384615385,0.15384615384615385,0.07692307692307693,0.15384615384615385,0.46153846153846156,0.5719500795487517,0,2
130,1,169000.0,169000.0,0.0,130,0.05384615384615384,1.0,0.0,0.0,0.0,0.0,0.0,1,3
15,1,11000.0,11000.0,0.0,15,0.4666666666666667,0.0,0.0,0.0,0.0,1.0,0.0,6,6
18,4,80000.0,20000.0,4743.416490252569,69,0.40579710144927533,0.25,0.25,0.0,0.0,0.5,0.23717082451262844,6,3
41,6,135000.0,22500.0,6284.902544988267,173,0.24277456647398843,0.0,0.3333333333333333,0.0,0.16666666666666666,0.5,0.2793290019994786,6,5
11,2,32500.0,16250.0,1060.6601717798212,16,0.875,0.0,0.0,0.0,0.5,0.5,0.06527139518645053,4,5
9,22,21371500.0,971431.8181818182,888428.4184185463,177,0.8700564971751413,0.09090909090909091,0.5909090909090909,0.13636363636363635,0.18181818181818182,0.0,0.9145556093492744,5,0
56,3,26000.0,8666.666666666666,2362.907813126304,128,0.1640625,0.0,0.0,0.0,0.6666666666666666,0.3333333333333333,0.27264320920688123,4,5
15,14,587500.0,41964.28571428572,19897.298121289547,178,0.550561797752809,0.0,0.35714285714285715,0.07142857142857142,0.35714285714285715,0.21428571428571427,0.4741483807626445,0,2
79,2,207500.0,103750.0,66821.59082212874,139,0.10071942446043165,0.5,0.0,0.0,0.0,0.5,0.6440635259964216,1,5
2,4,57500.0,14375.0,5482.928049865327,148,0.1891891891891892,0.0,0.0,0.25,0.0,0.75,0.38142108172976186,6,5
31,3,99500.0,33166.666666666664,2254.624876411448,127,0.16535433070866143,0.0,0.0,0.0,0.0,1.0,0.06797863948979241,6,5
8,4,70000.0,17500.0,12516.655570345725,144,0.19444444444444442,0.0,0.25,0.0,0.0,0.75,0.7152374611626129,6,5
95,1,201500.0,201500.0,0.0,95,0.0736842105263158,0.0,0.0,0.0,1.0,0.0,0.0,4,4
60,1,10500.0,10500.0,0.0,60,0.11666666666666667,0.0,0.0,0.0,0.0,1.0,0.0,6,6
10,3,451500.0,150500.0,120294.43046126449,82,0.25609756097560976,0.0,0.0,0.3333333333333333,0.3333333333333333,0.3333333333333333,0.7992985412708604,0,5
97,1,7000.0,7000.0,0.0,97,0.07216494845360824,1.0,0.0,0.0,0.0,0.0,0.0,1,3
11,26,2521000.0,96961.53846153847,39848.443652650494,179,1.0167597765363128,0.07692307692307693,0.07692307692307693,0.6153846153846154,0.11538461538461539,0.11538461538461539,0.41097165210984243,3,1
34,2,33500.0,16750.0,3889.0872965260114,44,0.3181818181818182,0.0,0.0,0.0,0.0,1.0,0.23218431621050814,6,5
1,18,1721500.0,95638.88888888889,30726.88301584268,180,0.7,0.05555555555555555,0.05555555555555555,0.6666666666666666,0.16666666666666666,0.05555555555555555,0.3212802174180472,3,1
20,15,11101000.0,740066.6666666666,794160.6050835478,167,0.6287425149700598,0.06666666666666667,0.4,0.13333333333333333,0.2,0.2,1.0730933317947227,5,0
82,1,15500.0,15500.0,0.0,82,0.08536585365853659,0.0,0.0,0.0,0.0,1.0,0.0,6,6
3,17,10515500.0,618558.8235294118,344169.3297978909,179,0.6648044692737429,0.0,0.5294117647058824,0.23529411764705882,0.17647058823529413,0.058823529411764705,0.5564051739398169,5,0
63,2,19500.0,9750.0,5303.300858899106,177,0.07909604519774012,0.5,0.0,0.0,0.5,0.0,0.5439282932204211,4,3
16,9,380000.0,42222.22222222222,13729.783117167017,172,0.36627906976744184,0.1111111111111111,0.5555555555555556,0.2222222222222222,0.1111111111111111,0.0,0.3251790738276399,0,2
66,3,51000.0,17000.0,3605.5512754639894,166,0.12650602409638553,0.0,0.0,0.0,1.0,0.0,0.21209125149788174,4,4
2,27,1103500.0,40870.37037037037,25032.89858158682,181,1.0441988950276242,0.14814814814814814,0.14814814814814814,0.037037037037037035,0.4074074074074074,0.25925925925925924,0.6124950264638369,0,2
79,2,16000.0,8000.0,2828.42712474619,174,0.08045977011494253,0.0,0.5,0.0,0.0,0.5,0.3535533905932738,6,5
8,22,16359000.0,743590.9090909091,607492.8695713939,167,0.9221556886227544,0.13636363636363635,0.2727272727272727,0.09090909090909091,0.22727272727272727,0.2727272727272727,0.8169718889033968,5,0
22,2,12000.0,6000.0,0.0,111,0.12612612612612611,0.5,0.0,0.0,0.0,0.5,0.0,1,3
13,19,669500.0,35236.84210526316,17134.572280960558,171,0.7777777777777778,0.05263157894736842,0.21052631578947367,0.05263157894736842,0.3157894736842105,0.3684210526315789,0.4862686681676633,0,2
1,24,3181500.0,132562.5,64057.43219615673,173,0.9710982658959537,0.041666666666666664,0.16666666666666666,0.5416666666666666,0.16666666666666666,0.08333333333333333,0.48322438243211113,3,1
28,18,12885000.0,715833.3333333334,513352.7052621813,167,0.7544910179640718,0.05555555555555555,0.6666666666666666,0.16666666666666666,0.05555555555555555,0.05555555555555555,0.7171399840682392,5,0
7,20,1084000.0,54200.0,43446.70055911823,181,0.7734806629834254,0.2,0.25,0.1,0.25,0.2,0.8015996413121445,0,2
7,2,33500.0,16750.0,1767.7669529663688,170,0.08235294117647059,0.0,0.0,0.0,0.0,1.0,0.10553832555023097,6,5
21,19,678500.0,35710.52631578947,21998.93671008372,181,0.7348066298342542,0.10526315789473684,0.2631578947368421,0.10526315789473684,0.3157894736842105,0.21052631578947367,0.6160350736795736,0,2
66,2,22500.0,11250.0,353.5533905932738,177,0.07909604519774012,0.0,0.0,0.5,0.0,0.5,0.03142696805273545,6,5
119,3,84000.0,28000.0,10037.429949942365,163,0.12883435582822086,0.0,0.0,0.0,0.6666666666666666,0.3333333333333333,0.3584796410693702,4,5
60,2,33500.0,16750.0,10960.155108391487,97,0.14432989690721648,0.0,1.0,0.0,0.0,0.0,0.6543376184114321,2,5
4,22,21954000.0,997909.0909090909,863441.7927325672,175,0.88,0.045454545454545456,0.5909090909090909,0.045454545454545456,0.2727272727272727,0.045454545454545456,0.8652509538178226,5,0
17,13,553500.0,42576.92307692308,36699.70830597417,146,0.6232876712328766,0.15384615384615385,0.3076923076923077,0.15384615384615385,0.23076923076923078,0.15384615384615385,0.8619624353706671,0,2
29,23,991500.0,43108.69565217391,25520.916787527236,181,0.8895027624309392,0.08695652173913043,0.17391304347826086,0.21739130434782608,0.21739130434782608,0.30434782608695654,0.592013198298665,0,2
23,7,250000.0,35714.28571428572,10633.50499936068,164,0.2987804878048781,0.0,0.2857142857142857,0.0,0.42857142857142855,0.2857142857142857,0.297738139982099,4,5
53,15,15281500.0,1018766.6666666666,666002.9726088387,174,0.603448275862069,0.0,0.5333333333333333,0.13333333333333333,0.2,0.13333333333333333,0.6537345541427596,5,0
110,1,34000.0,34000.0,0.0,110,0.06363636363636364,0.0,0.0,1.0,0.0,0.0,0.0,2,6
6,13,8262000.0,635538.4615384615,546411.9501170974,169,0.5384615384615384,0.07692307692307693,0.38461538461538464,0.0,0.38461538461538464,0.15384615384615385,0.8597622066717824,5,0
36,3,45000.0,15000.0,5766.2812973353975,181,0.11602209944751381,0.0,0.3333333333333333,0.0,0.0,0.6666666666666666,0.3844187531556932,6,5
7,17,844500.0,49676.470588235294,30013.50798831596,178,0.6685393258426967,0.058823529411764705,0.11764705882352941,0.23529411764705882,0.29411764705882354,0.29411764705882354,0.6041795568991963,0,2
46,4,36000.0,9000.0,3851.406669430448,124,0.22580645161290322,0.75,0.0,0.0,0.25,0.0,0.4279340743811609,1,3
15,15,687500.0,45833.333333333336,29267.038179657393,174,0.603448275862069,0.13333333333333333,0.06666666666666667,0.13333333333333333,0.4666666666666667,0.2,0.638553560283434,0,2
4,20,780500.0,39025.0,15770.120815209875,182,0.7692307692307693,0.05,0.2,0.2,0.35,0.2,0.4041030317798815,0,2
20,14,572500.0,40892.857142857145,14196.666146329204,183,0.5355191256830601,0.21428571428571427,0.14285714285714285,0.07142857142857142,0.35714285714285715,0.21428571428571427,0.3471673817442949,0,2
22,5,30000.0,6000.0,790.5694150420949,172,0.20348837209302326,0.6,0.0,0.0,0.2,0.2,0.13176156917368248,1,3
4,18,2177000.0,120944.44444444444,65314.82330827245,174,0.7241379310344828,0.2222222222222222,0.1111111111111111,0.5555555555555556,0.05555555555555555,0.05555555555555555,0.5400398803623813,3,1
8,19,1642500.0,86447.36842105263,27128.242119013834,173,0.7687861271676301,0.0,0.10526315789473684,0.6842105263157895,0.10526315789473684,0.10526315789473684,0.3138122376019865,3,1
72,3,25500.0,8500.0,4582.57569495584,108,0.19444444444444445,0.6666666666666666,0.3333333333333333,0.0,0.0,0.0,0.5391265523477459,1,3
8,13,612500.0,47115.38461538462,21378.682768661798,171,0.5321637426900585,0.07692307692307693,0.15384615384615385,0.15384615384615385,0.23076923076923078,0.38461538461538464,0.4537516342736381,0,2
30,3,21500.0,7166.666666666667,1154.7005383792516,106,0.19811320754716982,0.3333333333333333,0.0,0.3333333333333333,0.3333333333333333,0.0,0.1611210053552444,4,3
182,1,16000.0,16000.0,0.0,182,0.038461538461538464,0.0,0.0,0.0,0.0,1.0,0.0,6,6
29,13,1614000.0,124153.84615384616,47305.03171588648,183,0.4972677595628415,0.15384615384615385,0.07692307692307693,0.6923076923076923,0.07692307692307693,0.0,0.381019462395616,3,1
25,3,97500.0,32500.0,23848.48003542364,180,0.11666666666666667,0.3333333333333333,0.0,0.0,0.0,0.6666666666666666,0.7337993857053428,6,5
18,3,39000.0,13000.0,8185.35277187245,169,0.1242603550295858,0.0,0.0,0.0,0.6666666666666666,0.3333333333333333,0.6296425209132653,4,5
88,4,37000.0,9250.0,5008.326400438906,150,0.18666666666666668,0.5,0.5,0.0,0.0,0.0,0.5414406919393412,1,3
3,23,899000.0,39086.95652173913,18843.646248870446,183,0.8797814207650273,0.0,0.21739130434782608,0.13043478260869565,0.30434782608695654,0.34782608695652173,0.4820955102603118,0,2
105,1,4500.0,4500.0,0.0,105,0.06666666666666667,1.0,0.0,0.0,0.0,0.0,0.0,1,3
13,3,39500.0,13166.666666666666,1607.2751268321595,149,0.14093959731543626,0.3333333333333333,0.3333333333333333,0.3333333333333333,0.0,0.0,0.12207152862016402,2,3
1,20,2268500.0,113425.0,46062.67897915667,162,0.8641975308641976,0.1,0.05,0.7,0.05,0.1,0.4061069339136581,3,1
24,6,42500.0,7083.333333333333,2010.3896803024697,182,0.23076923076923078,0.6666666666666666,0.0,0.16666666666666666,0.16666666666666666,0.0,0.2838197195721134,1,3
10,17,649000.0,38176.470588235294,27482.34727538217,163,0.7300613496932515,0.058823529411764705,0.23529411764705882,0.058823529411764705,0.29411764705882354,0.35294117647058826,0.719876585025419,0,2
43,2,19500.0,9750.0,1060.6601717798212,96,0.14583333333333334,0.5,0.0,0.0,0.0,0.5,0.10878565864408422,1,3
22,16,11633000.0,727062.5,489140.26192221517,176,0.6363636363636364,0.125,0.5625,0.0,0.0625,0.25,0.6727623305042072,5,0
4,12,1408500.0,117375.0,34607.62199285007,166,0.5060240963855421,0.3333333333333333,0.0,0.4166666666666667,0.08333333333333333,0.16666666666666666,0.29484661974739146,3,1
13,28,1055500.0,37696.42857142857,19008.935172758003,179,1.094972067039106,0.14285714285714285,0.25,0.10714285714285714,0.32142857142857145,0.17857142857142858,0.5042635574014439,0,2
4,18,13206000.0,733666.6666666666,462374.5298806509,182,0.6923076923076923,0.0,0.7222222222222222,0.1111111111111111,0.16666666666666666,0.0,0.6302242569931635,5,0
17,16,1738500.0,108656.25,85077.75242878325,165,0.6787878787878787,0.0625,0.0625,0.5625,0.125,0.1875,0.7829991595401392,3,1
30,18,10531000.0,585055.5555555555,380889.7049281609,167,0.7544910179640718,0.1111111111111111,0.6111111111111112,0.0,0.2222222222222222,0.05555555555555555,0.6510316863267398,5,0
4,15,673500.0,44900.0,20713.34973254826,182,0.5769230769230769,0.13333333333333333,0.5333333333333333,0.13333333333333333,0.06666666666666667,0.13333333333333333,0.4613218203240147,0,2
60,3,54500.0,18166.666666666668,10202.123961868594,181,0.11602209944751381,0.3333333333333333,0.6666666666666666,0.0,0.0,0.0,0.561584805240473,2,3
89,2,493000.0,246500.0,134350.28842544404,182,0.07692307692307693,0.0,0.5,0.0,0.0,0.5,0.5450315960464261,2,5
15,22,977500.0,44431.818181818184,24308.677391762725,183,0.8415300546448088,0.18181818181818182,0.3181818181818182,0.09090909090909091,0.18181818181818182,0.22727272727272727,0.5471006676406955,0,2
2,21,2568000.0,122285.71428571429,53281.22826769561,179,0.8212290502793296,0.047619047619047616,0.0,0.7619047619047619,0.14285714285714285,0.047619047619047616,0.4357109788246136,3,1
11,2,25500.0,12750.0,4596.194077712559,78,0.1794871794871795,0.0,0.0,0.0,0.5,0.5,0.3604858100166713,4,5
21,17,837000.0,49235.294117647056,42715.3066999476,181,0.6574585635359116,0.058823529411764705,0.29411764705882354,0.058823529411764705,0.29411764705882354,0.29411764705882354,0.8675749270001305,0,2
3,12,506000.0,42166.666666666664,23848.321203858864,170,0.49411764705882355,0.08333333333333333,0.3333333333333333,0.16666666666666666,0.25,0.16666666666666666,0.5655728348741234,0,2
3,26,2649500.0,101903.84615384616,40853.40113889399,177,1.0282485875706215,0.11538461538461539,0.0,0.5384615384615384,0.19230769230769232,0.15384615384615385,0.40090146428052226,3,1
1,17,1080000.0,63529.41176470588,60741.63280553423,145,0.8206896551724138,0.058823529411764705,0.4117647058823529,0.0,0.23529411764705882,0.29411764705882354,0.956118294161187,0,2
15,18,21893617.218697682,1216312.0677054268,2044355.9427571506,171,0.736842105263158,0.05555555555555555,0.5555555555555556,0.0,0.2777777777777778,0.1111111111111111,1.6807824217462783,5,0
35,10,1015000.0,101500.0,51248.30620507266,152,0.4605263157894737,0.1,0.1,0.7,0.0,0.1,0.5049094207396321,3,1
10,16,13955000.0,872187.5,597820.2593589481,129,0.868217054263566,0.0625,0.5,0.1875,0.0625,0.1875,0.6854263095480595,5,0
160,2,35000.0,17500.0,4242.640687119285,174,0.08045977011494253,0.0,0.5,0.0,0.0,0.5,0.24243661069253056,2,5
15,10,1247000.0,124700.0,53634.66955037364,134,0.5223880597014926,0.1,0.0,0.9,0.0,0.0,0.43010961948976456,3,1
23,10,7922500.0,792250.0,1136155.3163092525,177,0.3954802259887006,0.0,0.5,0.0,0.3,0.2,1.4340868618608427,5,0
61,2,41500.0,20750.0,353.5533905932738,157,0.089171974522293,0.5,0.0,0.0,0.5,0.0,0.017038717618952953,4,3
9,17,9621000.0,565941.1764705882,239536.26306580266,179,0.6648044692737429,0.058823529411764705,0.5294117647058824,0.058823529411764705,0.23529411764705882,0.11764705882352941,0.42325293338724096,5,0
166,1,75500.0,75500.0,0.0,166,0.04216867469879518,1.0,0.0,0.0,0.0,0.0,0.0,1,3
2,13,1636000.0,125846.15384615384,50756.10990124925,169,0.5384615384615384,0.07692307692307693,0.07692307692307693,0.7692307692307693,0.0,0.07692307692307693,0.4033187217091933,3,1
12,21,10100000.0,480952.38095238095,242637.43037513323,183,0.8032786885245902,0.09523809523809523,0.5714285714285714,0.09523809523809523,0.14285714285714285,0.09523809523809523,0.5044936671166137,5,0
67,2,28500.0,14250.0,8131.727983645296,74,0.1891891891891892,0.0,0.5,0.0,0.0,0.5,0.5706475777996699,2,5
1,20,1297274.4949692672,64863.724748463355,79082.42110343112,180,0.7777777777777778,0.1,0.2,0.1,0.2,0.4,1.2192087551263329,0,2
88,3,53500.0,17833.333333333332,5057.99696849784,155,0.13548387096774195,0.3333333333333333,0.0,0.0,0.3333333333333333,0.3333333333333333,0.28362599823352375,4,3
5,17,664500.0,39088.23529411765,22588.87675253412,174,0.6839080459770115,0.058823529411764705,0.23529411764705882,0.17647058823529413,0.11764705882352941,0.4117647058823529,0.5778945143612942,0,2
129,1,10000.0,10000.0,0.0,129,0.054263565891472874,0.0,0.0,0.0,0.0,1.0,0.0,6,6
4,2,19500.0,9750.0,1060.6601717798212,146,0.0958904109589041,0.0,0.0,0.0,0.5,0.5,0.10878565864408422,4,5
154,1,87500.0,87500.0,0.0,154,0.045454545454545456,0.0,0.0,0.0,0.0,1.0,0.0,6,6
5,21,1144970.5750890519,54522.4083375739,84815.16967383483,172,0.8546511627906976,0.047619047619047616,0.42857142857142855,0.047619047619047616,0.2857142857142857,0.19047619047619047,1.55560204070048,0,2
43,1,20000.0,20000.0,0.0,43,0.1627906976744186,0.0,0.0,0.0,1.0,0.0,0.0,4,4
2,2,40000.0,20000.0,10606.601717798212,95,0.1473684210526316,0.0,0.0,0.0,1.0,0.0,0.5303300858899106,4,4
73,3,29500.0,9833.333333333334,2466.4414311581236,174,0.12068965517241378,0.0,0.0,0.3333333333333333,0.3333333333333333,0.3333333333333333,0.2508245523211651,4,5
4,5,699500.0,139900.0,110287.91864932442,178,0.19662921348314608,0.2,0.2,0.2,0.2,0.2,0.7883339431688665,0,5
26,4,30500.0,7625.0,3300.8837200563935,93,0.3010752688172043,0.75,0.25,0.0,0.0,0.0,0.43290278295821555,1,3
36,2,69000.0,34500.0,20506.096654409877,105,0.13333333333333333,0.0,0.0,0.0,0.5,0.5,0.5943796131713008,4,5
25,14,633000.0,45214.28571428572,37678.148271151236,175,0.56,0.07142857142857142,0.21428571428571427,0.2857142857142857,0.35714285714285715,0.07142857142857142,0.8333239744014491,0,2
48,2,154000.0,77000.0,79195.95949289332,57,0.2456140350877193,0.0,0.0,0.5,0.0,0.5,1.02851895445316,2,5
16,18,699500.0,38861.11111111111,20831.117529223917,162,0.7777777777777778,0.05555555555555555,0.2222222222222222,0.05555555555555555,0.2777777777777778,0.3888888888888889,0.5360401937470057,0,2
52,4,32500.0,8125.0,3326.0336739125173,172,0.1627906976744186,0.75,0.25,0.0,0.0,0.0,0.40935799063538675,1,3
10,27,18633500.0,690129.6296296297,382213.1048902661,171,1.105263157894737,0.0,0.7407407407407407,0.0,0.1111111111111111,0.14814814814814814,0.5538279889466382,5,0
124,2,37000.0,18500.0,12727.922061357855,169,0.08284023668639054,0.5,0.0,0.0,0.0,0.5,0.6879957871004245,1,3
2,25,1101000.0,44040.0,25257.391657361084,183,0.9562841530054645,0.08,0.32,0.12,0.28,0.2,0.5735102556167367,0,2
20,21,1010500.0,48119.04761904762,35817.211212594695,173,0.8497109826589595,0.047619047619047616,0.2857142857142857,0.047619047619047616,0.23809523809523808,0.38095238095238093,0.7443458045170595,0,2
38,4,66000.0,16500.0,4527.692569068708,148,0.1891891891891892,0.25,0.0,0.0,0.5,0.25,0.2744056102465883,4,3
177,1,7000.0,7000.0,0.0,177,0.03954802259887006,1.0,0.0,0.0,0.0,0.0,0.0,1,3
142,1,522000.0,522000.0,0.0,142,0.04929577464788733,0.0,1.0,0.0,0.0,0.0,0.0,2,6
104,4,24500.0,6125.0,1376.8926368215255,152,0.18421052631578946,0.5,0.25,0.0,0.25,0.0,0.2247987978484123,1,3
18,23,949500.0,41282.608695652176,20308.32010808989,178,0.904494382022472,0.043478260869565216,0.391304347826087,0.08695652173913043,0.34782608695652173,0.13043478260869565,0.4919340310543101,0,2
31,18,11993500.0,666305.5555555555,567451.55633838,178,0.7078651685393259,0.05555555555555555,0.4444444444444444,0.05555555555555555,0.16666666666666666,0.2777777777777778,0.8516386387702373,5,0
17,3,53000.0,17666.666666666668,4509.249752822894,104,0.20192307692307693,0.3333333333333333,0.0,0.0,0.3333333333333333,0.3333333333333333,0.2552405520465789,4,3
5,22,18504500.0,841113.6363636364,578645.8315555581,182,0.8461538461538461,0.045454545454545456,0.6818181818181818,0.13636363636363635,0.13636363636363635,0.0,0.6879520275728758,5,0
24,2,48500.0,24250.0,5303.300858899106,110,0.1272727272727273,0.0,0.0,0.5,0.0,0.5,0.21869281892367448,6,5
79,3,78500.0,26166.666666666668,11150.485789118487,134,0.15671641791044777,0.0,0.6666666666666666,0.0,0.0,0.3333333333333333,0.4261332148707702,2,5
8,15,15331000.0,1022066.6666666666,686026.9899591276,181,0.580110497237569,0.06666666666666667,0.6666666666666666,0.13333333333333333,0.13333333333333333,0.0,0.6712155012319427,5,0
18,20,702500.0,35125.0,16969.690472629198,166,0.8433734939759036,0.15,0.15,0.0,0.35,0.35,0.4831228604307245,0,2
1,27,22076500.0,817648.1481481482,667158.8412931883,165,1.1454545454545453,0.037037037037037035,0.5185185185185185,0.037037037037037035,0.2222222222222222,0.18518518518518517,0.815948574951468,5,0
6,16,1681000.0,105062.5,59052.483718581505,169,0.6627218934911243,0.125,0.125,0.5625,0.0625,0.125,0.5620700413428341,3,1
7,10,473000.0,47300.0,32805.14864739646,146,0.4794520547945205,0.2,0.1,0.1,0.4,0.2,0.6935549396912571,0,2
123,2,13500.0,6750.0,1060.6601717798212,176,0.07954545454545454,0.5,0.0,0.5,0.0,0.0,0.15713484026367722,1,3
19,17,36693407.75887449,2158435.7505220287,4628710.579265952,182,0.6538461538461539,0.058823529411764705,0.7058823529411765,0.11764705882352941,0.11764705882352941,0.0,2.1444745705988586,5,0
96,1,221000.0,221000.0,0.0,96,0.07291666666666667,0.0,0.0,1.0,0.0,0.0,0.0,2,6
9,15,1471000.0,98066.66666666667,34012.007683561795,147,0.7142857142857143,0.13333333333333333,0.2,0.4666666666666667,0.06666666666666667,0.13333333333333333,0.3468253672694948,3,1
10,15,1967907.239782737,131193.8159855158,120272.73583467228,163,0.6441717791411044,0.0,0.13333333333333333,0.4,0.3333333333333333,0.13333333333333333,0.9167561361882389,0,2
1,18,1959000.0,108833.33333333333,40832.15284408052,181,0.6961325966850829,0.1111111111111111,0.05555555555555555,0.5,0.0,0.3333333333333333,0.37518057743412425,3,1
10,1,215500.0,215500.0,0.0,10,0.7,1.0,0.0,0.0,0.0,0.0,0.0,1,3
15,21,4360294.358883461,207633.06470873623,519873.97081209393,182,0.8076923076923077,0.0,0.19047619047619047,0.6666666666666666,0.047619047619047616,0.09523809523809523,2.503811093581667,5,0
82,2,43000.0,21500.0,12727.922061357855,138,0.10144927536231883,0.5,0.0,0.0,0.0,0.5,0.591996374946877,1,3
13,16,544500.0,34031.25,16325.306275840585,173,0.6473988439306358,0.0625,0.25,0.0,0.5,0.1875,0.4797151522744708,0,2
8,20,1846500.0,92325.0,33654.30878802891,180,0.7777777777777778,0.0,0.1,0.75,0.05,0.1,0.364519997704077,3,1
3,17,560500.0,32970.58823529412,16288.867544502686,168,0.7083333333333334,0.058823529411764705,0.17647058823529413,0.17647058823529413,0.4117647058823529,0.17647058823529413,0.49404236977082183,0,2
103,2,58000.0,29000.0,31819.80515339464,107,0.1308411214953271,0.0,0.0,0.0,1.0,0.0,1.0972346604618841,4,4
8,20,843500.0,42175.0,24652.99971072166,174,0.8045977011494253,0.0,0.25,0.1,0.3,0.35,0.5845405977645918,0,2
7,21,13525000.0,644047.619047619,376548.8648489697,178,0.8258426966292135,0.0,0.5714285714285714,0.0,0.3333333333333333,0.09523809523809523,0.5846599749965518,5,0
18,14,577500.0,41250.0,29177.671916407904,160,0.6124999999999999,0.0,0.21428571428571427,0.0,0.5714285714285714,0.21428571428571427,0.707337501003828,0,2
34,18,1837000.0,102055.55555555556,44940.11992735408,177,0.711864406779661,0.0,0.05555555555555555,0.7777777777777778,0.16666666666666666,0.0,0.44034956923917984,3,1
29,1,120500.0,120500.0,0.0,29,0.24137931034482757,0.0,0.0,1.0,0.0,0.0,0.0,2,6
88,2,627500.0,313750.0,256326.20818012347,128,0.109375,0.0,0.5,0.0,0.0,0.5,0.8169759623270868,2,5
57,3,51500.0,17166.666666666668,7653.97500213669,175,0.12,0.0,0.3333333333333333,0.0,0.0,0.6666666666666666,0.44586262148369066,6,5
22,12,7430500.0,619208.3333333334,331097.7237184139,168,0.5,0.0,0.6666666666666666,0.0,0.0,0.3333333333333333,0.5347113497908575,5,0
1,25,21629500.0,865180.0,807039.4052750253,171,1.023391812865497,0.08,0.56,0.12,0.08,0.16,0.9327994235592886,5,0
10,17,9812000.0,577176.4705882353,320734.40829097945,145,0.8206896551724138,0.0,0.7058823529411765,0.058823529411764705,0.17647058823529413,0.058823529411764705,0.5556955708261976,5,0
22,16,1789000.0,111812.5,46323.0953916798,158,0.7088607594936709,0.0,0.0625,0.625,0.0,0.3125,0.41429263625873497,3,1
87,1,14500.0,14500.0,0.0,87,0.08045977011494253,0.0,0.0,0.0,0.0,1.0,0.0,6,6
78,2,11000.0,5500.0,1414.213562373095,80,0.175,0.0,0.0,0.0,0.5,0.5,0.25712973861329,4,5
33,15,940500.0,62700.0,35851.28011263037,182,0.5769230769230769,0.06666666666666667,0.13333333333333333,0.06666666666666667,0.26666666666666666,0.4666666666666667,0.5717907513976135,0,2
110,1,80000.0,80000.0,0.0,110,0.06363636363636364,0.0,0.0,1.0,0.0,0.0,0.0,2,6
6,17,11849000.0,697000.0,480235.97715081694,173,0.6878612716763005,0.0,0.5294117647058824,0.17647058823529413,0.17647058823529413,0.11764705882352941,0.6890042713785035,5,0
159,2,25500.0,12750.0,1060.6601717798212,171,0.08187134502923978,0.0,0.0,0.0,0.5,0.5,0.08318903308077029,4,5
1,16,1961000.0,122562.5,46193.38877660597,173,0.6473988439306358,0.125,0.0625,0.5625,0.125,0.125,0.37689659379178764,3,1
38,9,393000.0,43666.666666666664,28461.59693341187,183,0.3442622950819672,0.1111111111111111,0.3333333333333333,0.1111111111111111,0.1111111111111111,0.3333333333333333,0.6517922961850047,0,2
1,2,104000.0,52000.0,26870.057685088806,156,0.08974358974358974,0.5,0.0,0.0,0.0,0.5,0.5167318785594002,1,5
3,27,18641000.0,690407.4074074074,338948.8285929875,182,1.0384615384615385,0.07407407407407407,0.5555555555555556,0.18518518518518517,0.037037037037037035,0.14814814814814814,0.4909403128593242,5,0
2,10,580000.0,58000.0,27865.74958618555,163,0.4294478527607362,0.2,0.1,0.0,0.2,0.5,0.4804439583825095,0,2
5,12,642000.0,53500.0,22764.60570111577,174,0.48275862068965514,0.08333333333333333,0.25,0.16666666666666666,0.3333333333333333,0.16666666666666666,0.4255066486189864,0,2
83,1,109500.0,109500.0,0.0,83,0.08433734939759036,0.0,0.0,0.0,1.0,0.0,0.0,4,4
147,1,13500.0,13500.0,0.0,147,0.047619047619047616,0.0,0.0,1.0,0.0,0.0,0.0,2,6
46,1,160500.0,160500.0,0.0,46,0.15217391304347827,0.0,0.0,1.0,0.0,0.0,0.0,2,6
122,1,69500.0,69500.0,0.0,122,0.05737704918032788,0.0,0.0,0.0,0.0,1.0,0.0,6,6
1,17,2953949.2399943313,173761.71999966656,268912.77353328717,172,0.6918604651162791,0.11764705882352941,0.058823529411764705,0.7058823529411765,0.0,0.11764705882352941,1.547595025727204,3,0
58,3,49000.0,16333.333333333334,6251.666444503683,182,0.11538461538461539,0.0,0.0,0.0,0.6666666666666666,0.3333333333333333,0.38275508843900097,4,5
28,19,2115500.0,111342.1052631579,35407.96074628594,180,0.7388888888888888,0.05263157894736842,0.10526315789473684,0.7894736842105263,0.05263157894736842,0.0,0.31801051958375465,3,1
67,2,17000.0,8500.0,3535.5339059327375,128,0.109375,1.0,0.0,0.0,0.0,0.0,0.41594516540385146,1,3
9,19,816000.0,42947.36842105263,20720.289799052647,183,0.726775956284153,0.15789473684210525,0.3157894736842105,0.10526315789473684,0.15789473684210525,0.2631578947368421,0.482457728164216,0,2
11,3,42000.0,14000.0,3000.0,166,0.12650602409638553,0.0,0.0,0.3333333333333333,0.3333333333333333,0.3333333333333333,0.21428571428571427,4,5
13,1,21500.0,21500.0,0.0,13,0.5384615384615384,0.0,0.0,0.0,1.0,0.0,0.0,4,4
10,3,49500.0,16500.0,4769.696007084728,127,0.16535433070866143,0.0,0.3333333333333333,0.0,0.0,0.6666666666666666,0.28907248527786233,6,5
1,30,2855500.0,95183.33333333333,31549.218071444182,179,1.1731843575418994,0.06666666666666667,0.06666666666666667,0.5666666666666667,0.13333333333333333,0.16666666666666666,0.3314573777423658,3,1
1,14,8585500.0,613250.0,542618.216470986,183,0.5355191256830601,0.07142857142857142,0.42857142857142855,0.21428571428571427,0.07142857142857142,0.21428571428571427,0.8848238344410697,5,0
17,16,11745000.0,734062.5,610993.0952965018,180,0.6222222222222222,0.125,0.6875,0.125,0.0,0.0625,0.8323447871216711,5,0
10,2,33500.0,16750.0,15202.795795510772,97,0.14432989690721648,0.5,0.0,0.0,0.0,0.5,0.9076295997319864,1,3
18,15,694500.0,46300.0,23499.08812820495,180,0.5833333333333333,0.0,0.4666666666666667,0.06666666666666667,0.3333333333333333,0.13333333333333333,0.5075397003931954,0,2
1,4,121000.0,30250.0,15824.558972264176,167,0.16766467065868262,0.0,0.0,0.0,0.75,0.25,0.5231259164384852,4,5
41,3,584000.0,194666.66666666666,107621.24945071644,173,0.12138728323699421,0.0,0.6666666666666666,0.3333333333333333,0.0,0.0,0.5528488841646393,2,5
4,18,1899500.0,105527.77777777778,47619.65493310207,178,0.7078651685393259,0.0,0.05555555555555555,0.7777777777777778,0.0,0.16666666666666666,0.45125232366193063,3,1
88,3,39000.0,13000.0,6244.9979983983985,144,0.14583333333333331,0.0,0.0,0.0,1.0,0.0,0.4803844614152614,4,4
151,1,65500.0,65500.0,0.0,151,0.04635761589403973,0.0,0.0,0.0,0.0,1.0,0.0,6,6
48,19,1889657.0177363902,99455.63251244159,247716.81909341176,173,0.7687861271676301,0.10526315789473684,0.2631578947368421,0.05263157894736842,0.3684210526315789,0.21052631578947367,2.490726898372731,0,0
37,2,27000.0,13500.0,5656.85424949238,161,0.08695652173913043,0.0,0.0,0.0,0.0,1.0,0.41902624070313926,6,5
122,3,39000.0,13000.0,5074.4457825461095,171,0.12280701754385966,0.0,0.3333333333333333,0.0,0.3333333333333333,0.3333333333333333,0.39034198327277764,4,5
30,3,18000.0,6000.0,3968.6269665968857,73,0.2876712328767123,1.0,0.0,0.0,0.0,0.0,0.6614378277661476,1,3
21,15,1679500.0,111966.66666666667,46379.054180380466,174,0.603448275862069,0.06666666666666667,0.2,0.6,0.13333333333333333,0.0,0.41422197838982255,3,1
7,17,2131000.0,125352.94117647059,46785.66978315928,162,0.7345679012345679,0.0,0.11764705882352941,0.5882352941176471,0.11764705882352941,0.17647058823529413,0.37323152806837534,3,1
56,15,642500.0,42833.333333333336,20650.723497068593,180,0.5833333333333333,0.0,0.13333333333333333,0.13333333333333333,0.4,0.3333333333333333,0.48211805829732124,0,2
12,21,1219500.8536109256,58071.46921956789,91281.64947747848,166,0.8855421686746987,0.047619047619047616,0.19047619047619047,0.047619047619047616,0.38095238095238093,0.3333333333333333,1.5718846225905374,0,0
1,17,1449000.0,85235.29411764706,33622.034091806345,178,0.6685393258426967,0.058823529411764705,0.23529411764705882,0.5294117647058824,0.17647058823529413,0.0,0.39446140756432563,3,1
22,5,104500.0,20900.0,12022.894826122369,183,0.1912568306010929,0.2,0.0,0.0,0.4,0.4,0.575258125651788,4,3
43,1,19000.0,19000.0,0.0,43,0.1627906976744186,1.0,0.0,0.0,0.0,0.0,0.0,1,3
36,2,335000.0,167500.0,123743.68670764581,143,0.0979020979020979,0.0,1.0,0.0,0.0,0.0,0.7387682788516168,2,5
38,3,57000.0,19000.0,12619.429464123963,133,0.15789473684210525,0.0,0.0,0.0,0.3333333333333333,0.6666666666666666,0.6641804981117875,6,5
5,23,2191500.0,95282.60869565218,27844.87307426161,182,0.8846153846153846,0.13043478260869565,0.13043478260869565,0.6521739130434783,0.043478260869565216,0.043478260869565216,0.29223457937851566,3,1
54,4,40000.0,10000.0,3894.440481849308,164,0.17073170731707318,0.75,0.0,0.0,0.0,0.25,0.3894440481849308,1,3
1,18,13515000.0,750833.3333333334,488503.98878496734,181,0.6961325966850829,0.05555555555555555,0.5555555555555556,0.0,0.2222222222222222,0.16666666666666666,0.6506157453295902,5,0
4,17,1620000.0,95294.11764705883,31837.01600708355,165,0.7212121212121212,0.0,0.058823529411764705,0.8235294117647058,0.0,0.11764705882352941,0.3340921432842101,3,1
5,3,21000.0,7000.0,1732.0508075688772,160,0.13125,1.0,0.0,0.0,0.0,0.0,0.24743582965269675,1,3
69,1,10500.0,10500.0,0.0,69,0.10144927536231883,0.0,0.0,0.0,0.0,1.0,0.0,6,6
30,3,487000.0,162333.33333333334,107266.41288555022,175,0.12,0.0,0.0,0.6666666666666666,0.3333333333333333,0.0,0.6607787241409664,3,5
1,23,927500.0,40326.086956521736,23760.93465775866,157,1.0254777070063694,0.043478260869565216,0.17391304347826086,0.08695652173913043,0.4782608695652174,0.21739130434782608,0.5892199429956325,0,2
1,22,2195500.0,99795.45454545454,32334.80326466363,170,0.9058823529411765,0.09090909090909091,0.09090909090909091,0.6363636363636364,0.09090909090909091,0.09090909090909091,0.3240107819734001,3,1
142,1,403500.0,403500.0,0.0,142,0.04929577464788733,0.0,1.0,0.0,0.0,0.0,0.0,2,6
1,12,1279000.0,106583.33333333333,43156.07685711214,179,0.4692737430167597,0.08333333333333333,0.25,0.5833333333333334,0.0,0.08333333333333333,0.40490455221684574,3,1
1,16,13293500.0,830843.75,546234.6174416875,177,0.632768361581921,0.0,0.625,0.0,0.125,0.25,0.6574456598387934,5,0
2,19,2755003.8811834585,145000.2042728136,223086.74508116176,170,0.7823529411764706,0.05263157894736842,0.05263157894736842,0.7894736842105263,0.05263157894736842,0.05263157894736842,1.5385271089786234,3,0
2,11,417500.0,37954.545454545456,16273.374796664868,162,0.47530864197530864,0.0,0.2727272727272727,0.09090909090909091,0.45454545454545453,0.18181818181818182,0.42875957548099053,0,2
72,2,19000.0,9500.0,3535.5339059327375,130,0.10769230769230768,0.0,0.0,0.0,0.0,1.0,0.3721614637823934,6,5
30,2,85000.0,42500.0,19798.98987322333,158,0.08860759493670886,0.0,0.0,0.5,0.0,0.5,0.46585858525231366,6,5
5,24,25677500.0,1069895.8333333333,902583.3212069757,179,0.9385474860335195,0.08333333333333333,0.375,0.16666666666666666,0.16666666666666666,0.20833333333333334,0.8436179421270537,5,0
6,3,49000.0,16333.333333333334,7588.36829188814,62,0.3387096774193548,0.0,0.0,0.3333333333333333,0.6666666666666666,0.0,0.46459397705437594,4,5
60,3,57500.0,19166.666666666668,14682.756326158018,105,0.2,0.0,0.3333333333333333,0.0,0.0,0.6666666666666666,0.7660568517995487,6,5
95,3,862000.0,287333.3333333333,376862.48597244767,172,0.12209302325581395,0.3333333333333333,0.3333333333333333,0.0,0.3333333333333333,0.0,1.3115863780943655,0,5
22,4,58000.0,14500.0,5322.906474223771,116,0.24137931034482757,0.0,0.25,0.0,0.5,0.25,0.367096998222329,4,5
28,2,21500.0,10750.0,1767.7669529663688,175,0.08,0.0,0.5,0.0,0.5,0.0,0.1644434374852436,4,5
81,1,11500.0,11500.0,0.0,81,0.08641975308641975,0.0,0.0,0.0,0.0,1.0,0.0,6,6
18,23,1120000.0,48695.65217391304,49870.91043393815,177,0.9096045197740114,0.043478260869565216,0.43478260869565216,0.043478260869565216,0.21739130434782608,0.2608695652173913,1.0241347678398014,0,2
20,21,2517000.0,119857.14285714286,41118.469954858134,183,0.8032786885245902,0.09523809523809523,0.047619047619047616,0.7142857142857143,0.09523809523809523,0.047619047619047616,0.3430623238188402,3,1
20,2,48500.0,24250.0,16617.009357883868,42,0.3333333333333333,0.0,0.0,0.5,0.0,0.5,0.6852374992941801,6,5
13,19,914000.0,48105.26315789474,30417.730094363833,177,0.7514124293785311,0.05263157894736842,0.15789473684210525,0.0,0.42105263157894735,0.3684210526315789,0.6323160522898389,0,2
46,1,4500.0,4500.0,0.0,46,0.15217391304347827,1.0,0.0,0.0,0.0,0.0,0.0,1,3
9,3,426500.0,142166.66666666666,37072.00201409864,132,0.1590909090909091,0.0,0.3333333333333333,0.0,0.0,0.6666666666666666,0.26076437524571144,6,5
6,22,2486500.0,113022.72727272728,33275.000365900065,168,0.9166666666666666,0.09090909090909091,0.09090909090909091,0.7272727272727273,0.045454545454545456,0.045454545454545456,0.2944098162275493,3,1
29,2,389500.0,194750.0,145310.44353383553,128,0.109375,0.0,0.0,0.0,0.0,1.0,0.7461383493393352,6,5
84,2,17000.0,8500.0,1414.213562373095,84,0.16666666666666666,0.5,0.0,0.0,0.0,0.5,0.1663780661615406,1,3
137,3,52500.0,17500.0,7053.367989832942,152,0.1381578947368421,0.3333333333333333,0.0,0.0,0.0,0.6666666666666666,0.40304959941902524,6,3
38,14,1683000.0,120214.28571428571,56588.15936412652,176,0.5568181818181819,0.07142857142857142,0.14285714285714285,0.7142857142857143,0.0,0.07142857142857142,0.4707274100402682,3,1
34,12,1462500.0,121875.0,60087.48357035916,181,0.46408839779005523,0.0,0.16666666666666666,0.5,0.25,0.08333333333333333,0.4930255062183316,3,1
9,2,45000.0,22500.0,3535.5339059327375,61,0.2295081967213115,0.0,0.0,0.0,0.5,0.5,0.15713484026367722,4,5
19,2,153654.5618315946,76827.2809157973,91679.61988289106,141,0.09929078014184398,0.0,0.0,0.0,0.5,0.5,1.1933211587088697,4,5
3,8,458000.0,57250.0,46041.130679922644,152,0.3684210526315789,0.125,0.375,0.125,0.25,0.125,0.8042118896056357,0,2
14,22,2222500.0,101022.72727272728,34831.04706762115,178,0.8651685393258427,0.045454545454545456,0.09090909090909091,0.7272727272727273,0.13636363636363635,0.0,0.34478426793595734,3,1
149,1,113000.0,113000.0,0.0,149,0.04697986577181208,0.0,0.0,0.0,0.0,1.0,0.0,6,6
125,1,222000.0,222000.0,0.0,125,0.056,0.0,0.0,0.0,0.0,1.0,0.0,6,6
79,1,10500.0,10500.0,0.0,79,0.08860759493670886,0.0,1.0,0.0,0.0,0.0,0.0,2,6
20,2,65000.0,32500.0,36062.44584051392,145,0.09655172413793103,0.5,0.0,0.0,0.5,0.0,1.1096137181696593,4,3
19,18,18226000.0,1012555.5555555555,688263.7552072796,180,0.7,0.0,0.6111111111111112,0.16666666666666666,0.16666666666666666,0.05555555555555555,0.6797293752732927,5,0
5,14,14366000.0,1026142.8571428572,666942.8654047404,178,0.550561797752809,0.0,0.5,0.0,0.2857142857142857,0.21428571428571427,0.6499512818924102,5,0
60,1,6000.0,6000.0,0.0,60,0.11666666666666667,1.0,0.0,0.0,0.0,0.0,0.0,1,3
74,2,339000.0,169500.0,58689.862838483445,125,0.112,0.0,0.5,0.0,0.0,0.5,0.34625287810314714,2,5
124,2,17500.0,8750.0,3181.9805153394636,160,0.0875,1.0,0.0,0.0,0.0,0.0,0.36365491603879585,1,3
19,4,649000.0,162250.0,118593.49335721023,165,0.16969696969696968,0.25,0.0,0.25,0.25,0.25,0.7309306216160877,0,5
150,1,4500.0,4500.0,0.0,150,0.04666666666666667,1.0,0.0,0.0,0.0,0.0,0.0,1,3
10,17,13977000.0,822176.4705882353,715472.1330434643,179,0.6648044692737429,0.0,0.5882352941176471,0.11764705882352941,0.17647058823529413,0.11764705882352941,0.8702172327208194,5,0
1,24,1162500.0,48437.5,27596.5941896743,182,0.9230769230769231,0.041666666666666664,0.16666666666666666,0.125,0.3333333333333333,0.3333333333333333,0.5697361381094049,0,2
4,20,713000.0,35650.0,17367.61959873361,164,0.853658536585366,0.0,0.2,0.1,0.55,0.15,0.4871702552239442,0,2
59,4,50500.0,12625.0,4497.684589504545,144,0.19444444444444442,0.0,0.0,0.25,0.25,0.5,0.3562522447132313,6,5
25,5,118000.0,23600.0,11647.961194990306,157,0.2229299363057325,0.2,0.2,0.0,0.2,0.4,0.49355767775382653,4,3
15,14,586500.0,41892.857142857145,27377.123079897716,177,0.5536723163841808,0.07142857142857142,0.21428571428571427,0.07142857142857142,0.42857142857142855,0.21428571428571427,0.6535033642260324,0,2
106,3,25500.0,8500.0,1000.0,152,0.1381578947368421,1.0,0.0,0.0,0.0,0.0,0.11764705882352941,1,3
13,16,766000.0,47875.0,28332.254881436224,162,0.691358024691358,0.0,0.1875,0.0625,0.4375,0.3125,0.5917964466096339,0,2
135,3,13000.0,4333.333333333333,1258.3057392117914,182,0.11538461538461539,1.0,0.0,0.0,0.0,0.0,0.2903782475104134,1,3
73,2,159000.0,79500.0,78488.85271170677,75,0.18666666666666668,0.5,0.0,0.0,0.5,0.0,0.9872811661849908,4,5
3,19,1801000.0,94789.47368421052,29897.656815224425,168,0.7916666666666666,0.0,0.10526315789473684,0.6842105263157895,0.10526315789473684,0.10526315789473684,0.31541114907788126,3,1
12,23,2412000.0,104869.56521739131,40868.7526199597,176,0.9147727272727273,0.13043478260869565,0.13043478260869565,0.6086956521739131,0.13043478260869565,0.0,0.3897103276364316,3,1
50,3,39500.0,13166.666666666666,4252.450274057691,76,0.2763157894736842,0.3333333333333333,0.0,0.0,0.3333333333333333,0.3333333333333333,0.32297090689045754,4,3
3,16,1725000.0,107812.5,30735.36236975253,178,0.6292134831460674,0.0,0.25,0.5625,0.1875,0.0,0.28508162198031334,3,1
1,22,1063000.0,48318.181818181816,34934.47793967657,182,0.8461538461538461,0.18181818181818182,0.13636363636363635,0.045454545454545456,0.45454545454545453,0.18181818181818182,0.7230089507741154,0,2
2,1,4500.0,4500.0,0.0,2,3.5,0.0,1.0,0.0,0.0,0.0,0.0,2,6
138,1,17000.0,17000.0,0.0,138,0.05072463768115942,0.0,0.0,0.0,1.0,0.0,0.0,4,4
95,3,57500.0,19166.666666666668,12107.160415776003,163,0.12883435582822086,0.0,0.3333333333333333,0.0,0.6666666666666666,0.0,0.6316779347361392,4,5
11,17,1886500.0,110970.58823529411,43444.45828736219,161,0.7391304347826086,0.058823529411764705,0.0,0.8235294117647058,0.0,0.11764705882352941,0.391495250933028,3,1
3,13,1167000.0,89769.23076923077,32384.16240014514,182,0.5,0.0,0.07692307692307693,0.6923076923076923,0.07692307692307693,0.15384615384615385,0.36074902416614124,3,1
7,17,11720500.0,689441.1764705882,532461.5855378953,181,0.6574585635359116,0.11764705882352941,0.47058823529411764,0.17647058823529413,0.058823529411764705,0.17647058823529413,0.7723089419516421,5,0
6,17,1592000.0,93647.05882352941,39501.09361851674,179,0.6648044692737429,0.0,0.058823529411764705,0.5882352941176471,0.23529411764705882,0.11764705882352941,0.42180816049923653,3,1
2,16,767500.0,47968.75,40484.34625465338,176,0.6363636363636364,0.125,0.3125,0.0625,0.4375,0.0625,0.8439733421165525,0,2
20,22,2435000.0,110681.81818181818,64410.98424783533,176,0.875,0.09090909090909091,0.13636363636363635,0.5909090909090909,0.18181818181818182,0.0,0.5819472909455349,3,1
2,2,39500.0,19750.0,15202.795795510772,20,0.7,0.0,0.0,0.0,0.0,1.0,0.7697618124309252,6,5
54,2,41500.0,20750.0,1767.7669529663688,168,0.08333333333333333,0.5,0.0,0.0,0.0,0.5,0.08519358809476477,1,3
16,16,513000.0,32062.5,15177.697453830076,168,0.6666666666666666,0.0625,0.1875,0.0625,0.375,0.3125,0.47337847809216616,0,2
2,5,92500.0,18500.0,10494.045930907678,70,0.5,0.0,0.2,0.0,0.0,0.8,0.5672457259950096,6,5
174,1,18000.0,18000.0,0.0,174,0.040229885057471264,0.0,0.0,0.0,0.0,1.0,0.0,6,6
9,18,12332000.0,685111.1111111111,414126.5988430121,177,0.711864406779661,0.05555555555555555,0.4444444444444444,0.1111111111111111,0.16666666666666666,0.2222222222222222,0.6044663298065373,5,0
10,20,942000.0,47100.0,39557.61953350953,180,0.7777777777777778,0.15,0.2,0.1,0.25,0.3,0.8398645336201599,0,2
6,12,522000.0,43500.0,25516.483086250526,173,0.48554913294797686,0.08333333333333333,0.25,0.16666666666666666,0.16666666666666666,0.3333333333333333,0.5865858180747248,0,2
23,13,14048500.0,1080653.8461538462,840550.3500835872,146,0.6232876712328766,0.23076923076923078,0.3076923076923077,0.07692307692307693,0.15384615384615385,0.23076923076923078,0.777816460909466,5,0
20,19,634500.0,33394.73684210526,19669.900120748807,182,0.7307692307692307,0.0,0.3157894736842105,0.10526315789473684,0.15789473684210525,0.42105263157894735,0.5890119815511857,0,2
3,18,3043214.5159834684,169067.4731101927,322761.67038847244,175,0.72,0.1111111111111111,0.1111111111111111,0.5555555555555556,0.16666666666666666,0.05555555555555555,1.9090701744747014,3,0
98,1,9500.0,9500.0,0.0,98,0.07142857142857142,1.0,0.0,0.0,0.0,0.0,0.0,1,3
42,3,49500.0,16500.0,5567.764362830022,148,0.14189189189189189,0.3333333333333333,0.0,0.0,0.0,0.6666666666666666,0.3374402644139407,6,3
35,2,19000.0,9500.0,707.1067811865476,164,0.08536585365853659,1.0,0.0,0.0,0.0,0.0,0.0744322927564787,1,3
24,18,583500.0,32416.666666666668,15262.651454179406,181,0.6961325966850829,0.0,0.2777777777777778,0.05555555555555555,0.2777777777777778,0.3888888888888889,0.4708272942163313,0,2
1,23,1255000.0,54565.217391304344,32463.722531964988,178,0.904494382022472,0.043478260869565216,0.17391304347826086,0.21739130434782608,0.2608695652173913,0.30434782608695654,0.5949526838527448,0,2
16,17,1743500.0,102558.82352941176,27629.740743072703,163,0.7300613496932515,0.058823529411764705,0.11764705882352941,0.6470588235294118,0.11764705882352941,0.058823529411764705,0.2694038386190054,3,1
109,2,186000.0,93000.0,16263.455967290593,176,0.07954545454545454,0.0,1.0,0.0,0.0,0.0,0.17487587061602788,2,5
174,1,104000.0,104000.0,0.0,174,0.040229885057471264,1.0,0.0,0.0,0.0,0.0,0.0,1,3
26,17,741000.0,43588.23529411765,26692.833362930516,172,0.6918604651162791,0.058823529411764705,0.17647058823529413,0.058823529411764705,0.35294117647058826,0.35294117647058826,0.6123861905125759,0,2
48,2,212500.0,106250.0,78842.40610230005,132,0.10606060606060606,0.5,0.0,0.5,0.0,0.0,0.7420461750804711,1,5
51,2,19500.0,9750.0,2474.8737341529163,80,0.175,0.0,0.0,0.0,0.0,1.0,0.2538332035028632,6,5
14,4,134000.0,33500.0,20174.241001832015,151,0.18543046357615892,0.0,0.0,0.0,0.25,0.75,0.6022161493084184,6,5
51,9,647500.0,71944.44444444444,87791.8149816814,148,0.4256756756756757,0.0,0.4444444444444444,0.0,0.4444444444444444,0.1111111111111111,1.2202723317917106,0,0
26,6,38000.0,6333.333333333333,1779.5130420052187,97,0.43298969072164945,0.8333333333333334,0.0,0.0,0.0,0.16666666666666666,0.2809757434745082,1,3
2,21,942000.0,44857.142857142855,22434.985434106515,181,0.8121546961325967,0.047619047619047616,0.42857142857142855,0.047619047619047616,0.2857142857142857,0.19047619047619047,0.5001429873845401,0,2
131,1,248500.0,248500.0,0.0,131,0.05343511450381679,0.0,0.0,0.0,0.0,1.0,0.0,6,6
10,24,2369000.0,98708.33333333333,32771.57990203344,182,0.9230769230769231,0.0,0.08333333333333333,0.75,0.041666666666666664,0.125,0.3320041864283675,3,1
7,19,2313500.0,121763.15789473684,68908.02412980424,177,0.7514124293785311,0.05263157894736842,0.2631578947368421,0.42105263157894735,0.21052631578947367,0.05263157894736842,0.5659185037675731,3,1
8,17,1675500.0,98558.82352941176,32853.31145454613,171,0.695906432748538,0.0,0.0,0.8235294117647058,0.11764705882352941,0.058823529411764705,0.3333370902580031,3,1
179,1,489000.0,489000.0,0.0,179,0.03910614525139665,1.0,0.0,0.0,0.0,0.0,0.0,1,3
36,11,520000.0,47272.72727272727,23189.829275313386,183,0.4207650273224044,0.0,0.36363636363636365,0.0,0.18181818181818182,0.45454545454545453,0.49055408082393703,0,2
23,19,655000.0,34473.68421052631,18019.64490047407,170,0.7823529411764706,0.10526315789473684,0.3684210526315789,0.10526315789473684,0.3157894736842105,0.10526315789473684,0.5227072566549731,0,2
1,20,10419000.0,520950.0,326701.33229957265,174,0.8045977011494253,0.0,0.75,0.05,0.1,0.1,0.6271260817728623,5,0
64,2,42500.0,21250.0,9545.941546018392,182,0.07692307692307693,0.0,0.0,0.0,0.5,0.5,0.4492207786361596,4,5
2,14,595000.0,42500.0,37251.22610269152,179,0.547486033519553,0.14285714285714285,0.5714285714285714,0.0,0.0,0.2857142857142857,0.8764994377103887,0,2
8,22,1072500.0,48750.0,18898.696100147077,168,0.9166666666666666,0.045454545454545456,0.3181818181818182,0.13636363636363635,0.2727272727272727,0.22727272727272727,0.387665561028658,0,2
7,2,30500.0,15250.0,8131.727983645296,32,0.4375,1.0,0.0,0.0,0.0,0.0,0.5332280645013309,1,3
11,21,1039500.0,49500.0,32331.486201534255,168,0.875,0.047619047619047616,0.3333333333333333,0.14285714285714285,0.2857142857142857,0.19047619047619047,0.6531613374047325,0,2
32,17,681000.0,40058.82352941176,27225.839262168058,175,0.68,0.058823529411764705,0.23529411764705882,0.058823529411764705,0.23529411764705882,0.4117647058823529,0.6796465014050763,0,2
94,1,6000.0,6000.0,0.0,94,0.07446808510638298,1.0,0.0,0.0,0.0,0.0,0.0,1,3
50,3,56000.0,18666.666666666668,9385.272150200724,159,0.1320754716981132,0.0,0.0,0.0,0.0,1.0,0.5027824366178959,6,5
61,3,31000.0,10333.333333333334,1755.9422921421233,162,0.12962962962962962,1.0,0.0,0.0,0.0,0.0,0.1699298992395603,1,3
37,5,41000.0,8200.0,2991.655060330318,173,0.20231213872832368,0.4,0.2,0.0,0.0,0.4,0.36483598296711195,1,3
20,15,650000.0,43333.333333333336,28232.242628057797,181,0.580110497237569,0.13333333333333333,0.2,0.13333333333333333,0.13333333333333333,0.4,0.6515132914167183,0,2
11,19,2193000.0,115421.05263157895,59579.606680169876,174,0.764367816091954,0.0,0.05263157894736842,0.7894736842105263,0.05263157894736842,0.10526315789473684,0.5161935827283299,3,1
3,16,1811000.0,113187.5,52913.41197339921,156,0.717948717948718,0.125,0.0625,0.625,0.0625,0.125,0.467484589494416,3,1
1,13,1319500.0,101500.0,73102.95251675315,172,0.5290697674418604,0.0,0.0,0.9230769230769231,0.07692307692307693,0.0,0.7202261331699819,3,1
12,24,914500.0,38104.166666666664,20206.530996871687,183,0.9180327868852459,0.16666666666666666,0.3333333333333333,0.08333333333333333,0.2916666666666667,0.125,0.5302971502732865,0,2
31,16,812500.0,50781.25,44381.66616595941,155,0.7225806451612904,0.125,0.125,0.1875,0.3125,0.25,0.8739774260373545,0,2
19,23,907500.0,39456.52173913043,18765.84969098138,171,0.9415204678362573,0.17391304347826086,0.2608695652173913,0.08695652173913043,0.2608695652173913,0.21739130434782608,0.4756083117273518,0,2
4,13,1608000.0,123692.30769230769,57160.78873870416,181,0.5027624309392265,0.07692307692307693,0.07692307692307693,0.8461538461538461,0.0,0.0,0.4621208044795735,3,1
8,4,24500.0,6125.0,1030.7764064044152,165,0.16969696969696968,1.0,0.0,0.0,0.0,0.0,0.16829002553541472,1,3
29,15,1653000.0,110200.0,45648.03234689155,167,0.6287425149700598,0.06666666666666667,0.0,0.7333333333333333,0.2,0.0,0.4142289686650776,3,1
4,16,1682000.0,105125.0,34985.47317578159,168,0.6666666666666666,0.0625,0.0625,0.5,0.1875,0.1875,0.3327987935865074,3,1
31,2,14000.0,7000.0,1414.213562373095,148,0.0945945945945946,0.5,0.0,0.0,0.0,0.5,0.20203050891044216,1,3
6,22,2406500.0,109386.36363636363,40778.125502290066,181,0.8508287292817679,0.0,0.18181818181818182,0.6818181818181818,0.09090909090909091,0.045454545454545456,0.3727898446085109,3,1
6,22,908000.0,41272.72727272727,26009.0310655683,181,0.8508287292817679,0.09090909090909091,0.18181818181818182,0.13636363636363635,0.45454545454545453,0.13636363636363635,0.6301747615005535,0,2
102,2,423000.0,211500.0,69296.46455628166,172,0.0813953488372093,0.5,0.0,0.0,0.0,0.5,0.3276428584221355,1,5
162,1,10000.0,10000.0,0.0,162,0.043209876543209874,0.0,0.0,0.0,1.0,0.0,0.0,4,4
15,23,922500.0,40108.69565217391,23289.168630375603,180,0.8944444444444444,0.13043478260869565,0.391304347826087,0.13043478260869565,0.21739130434782608,0.13043478260869565,0.5806513588061126,0,2
5,13,9551000.0,734692.3076923077,269259.28786685166,183,0.4972677595628415,0.23076923076923078,0.6153846153846154,0.0,0.07692307692307693,0.07692307692307693,0.3664925915892651,5,0
6,3,32500.0,10833.333333333334,2753.785273643051,124,0.1693548387096774,0.6666666666666666,0.0,0.0,0.3333333333333333,0.0,0.25419556372089697,1,3
45,5,98000.0,19600.0,10448.68412767847,167,0.20958083832335328,0.4,0.4,0.0,0.2,0.0,0.5330961289631873,1,3
6,22,16890000.0,767727.2727272727,457936.51377603714,176,0.875,0.045454545454545456,0.7272727272727273,0.045454545454545456,0.13636363636363635,0.045454545454545456,0.5964833216739382,5,0
6,22,912500.0,41477.27272727273,31393.23451255339,181,0.8508287292817679,0.13636363636363635,0.2727272727272727,0.18181818181818182,0.13636363636363635,0.2727272727272727,0.7568779827684105,0,2
2,15,1006500.0,67100.0,46053.23007129902,174,0.603448275862069,0.06666666666666667,0.13333333333333333,0.13333333333333333,0.26666666666666666,0.4,0.6863372588867216,0,2
17,15,697500.0,46500.0,27538.285038417747,177,0.5932203389830508,0.0,0.3333333333333333,0.13333333333333333,0.3333333333333333,0.2,0.592221183621887,0,2
3,21,2313000.0,110142.85714285714,45006.70584955726,180,0.8166666666666667,0.0,0.047619047619047616,0.9047619047619048,0.047619047619047616,0.0,0.40862119448365863,3,1
80,2,325000.0,162500.0,10606.601717798212,99,0.1414141414141414,0.0,0.0,0.5,0.5,0.0,0.06527139518645053,4,5
10,19,797000.0,41947.36842105263,25298.163491119107,180,0.7388888888888888,0.05263157894736842,0.10526315789473684,0.21052631578947367,0.3684210526315789,0.2631578947368421,0.6030929815950602,0,2
77,3,50000.0,16666.666666666668,5965.176722724426,158,0.13291139240506328,0.0,0.0,0.0,0.3333333333333333,0.6666666666666666,0.35791060336346553,6,5
7,22,969500.0,44068.181818181816,29883.621670671782,180,0.8555555555555555,0.045454545454545456,0.2727272727272727,0.18181818181818182,0.3181818181818182,0.18181818181818182,0.6781224102679517,0,2
4,17,1002500.0,58970.58823529412,47776.65178601733,182,0.6538461538461539,0.0,0.35294117647058826,0.0,0.4117647058823529,0.23529411764705882,0.8101776362716157,0,2
18,19,15493500.0,815447.3684210526,678162.8756905764,178,0.7471910112359551,0.0,0.6842105263157895,0.05263157894736842,0.21052631578947367,0.05263157894736842,0.8316451826973216,5,0
6,12,3505366.6982478723,292113.891520656,585417.144406341,170,0.49411764705882355,0.0,0.16666666666666666,0.75,0.0,0.08333333333333333,2.0040715672878053,3,0
32,15,1749500.0,116633.33333333333,40919.549408681465,181,0.580110497237569,0.13333333333333333,0.0,0.7333333333333333,0.06666666666666667,0.06666666666666667,0.35083923471290196,3,1
86,2,39000.0,19500.0,7071.067811865475,142,0.09859154929577466,0.0,0.0,0.0,1.0,0.0,0.36261886214694744,4,4
8,23,17960500.0,780891.304347826,555819.6641104538,181,0.8895027624309392,0.043478260869565216,0.5217391304347826,0.08695652173913043,0.17391304347826086,0.17391304347826086,0.7117759680710691,5,0
37,18,675500.0,37527.77777777778,37155.26731015252,154,0.8181818181818182,0.16666666666666666,0.3333333333333333,0.05555555555555555,0.2777777777777778,0.16666666666666666,0.990073740314945,0,2
37,13,622500.0,47884.61538461538,24596.03105360179,179,0.5083798882681564,0.07692307692307693,0.15384615384615385,0.07692307692307693,0.38461538461538464,0.3076923076923077,0.513652054131443,0,2
36,4,28500.0,7125.0,1436.140661634507,118,0.23728813559322035,0.5,0.25,0.0,0.25,0.0,0.2015636016329133,1,3
75,1,90000.0,90000.0,0.0,75,0.09333333333333334,0.0,0.0,0.0,0.0,1.0,0.0,6,6
72,1,9000.0,9000.0,0.0,72,0.09722222222222221,1.0,0.0,0.0,0.0,0.0,0.0,1,3
61,4,36000.0,9000.0,2081.6659994661327,175,0.16,0.75,0.0,0.25,0.0,0.0,0.23129622216290363,1,3
19,12,1077000.0,89750.0,25574.75673038127,182,0.46153846153846156,0.08333333333333333,0.16666666666666666,0.5,0.25,0.0,0.2849555067451952,3,1
2,4,33000.0,8250.0,4627.814458971607,149,0.18791946308724833,0.75,0.0,0.0,0.0,0.25,0.5609472071480736,1,3
102,2,46000.0,23000.0,9192.388155425118,108,0.12962962962962962,1.0,0.0,0.0,0.0,0.0,0.39966905023587473,1,3
15,12,374000.0,31166.666666666668,12655.09838569085,180,0.4666666666666667,0.16666666666666666,0.3333333333333333,0.25,0.08333333333333333,0.16666666666666666,0.4060459375087973,0,2
10,24,977000.0,40708.333333333336,19480.155268256007,163,1.030674846625767,0.08333333333333333,0.3333333333333333,0.041666666666666664,0.20833333333333334,0.3333333333333333,0.4785299144709766,0,2
5,18,786500.0,43694.444444444445,27329.22314864615,180,0.7,0.16666666666666666,0.2777777777777778,0.1111111111111111,0.2222222222222222,0.2222222222222222,0.6254621953917745,0,2
3,18,791000.0,43944.444444444445,36599.93928349548,182,0.6923076923076923,0.1111111111111111,0.1111111111111111,0.1111111111111111,0.2222222222222222,0.4444444444444444,0.8328684034170905,0,2
11,4,92000.0,23000.0,12048.51304795188,103,0.27184466019417475,0.0,0.0,0.0,0.25,0.75,0.5238483933892122,6,5
1,12,1288500.0,107375.0,40448.69084295672,151,0.5562913907284768,0.0,0.0,0.75,0.16666666666666666,0.08333333333333333,0.3767049205397599,3,1
16,1,309500.0,309500.0,0.0,16,0.4375,0.0,0.0,0.0,0.0,1.0,0.0,6,6
5,17,14561000.0,856529.4117647059,500923.16247692355,180,0.6611111111111111,0.0,0.6470588235294118,0.0,0.17647058823529413,0.17647058823529413,0.5848289102470778,5,0
3,18,989500.0,54972.22222222222,42042.510776811374,168,0.75,0.05555555555555555,0.2777777777777778,0.2777777777777778,0.16666666666666666,0.2222222222222222,0.7647955472285041,0,2
1,24,2709000.0,112875.0,46822.107840300145,176,0.9545454545454546,0.041666666666666664,0.125,0.7083333333333334,0.08333333333333333,0.041666666666666664,0.4148138014644531,3,1
31,3,69000.0,23000.0,6763.874629234341,113,0.18584070796460178,0.0,0.3333333333333333,0.0,0.0,0.6666666666666666,0.2940815056188844,6,5
15,17,772500.0,45441.17647058824,26968.084350383724,183,0.6502732240437159,0.058823529411764705,0.29411764705882354,0.058823529411764705,0.4117647058823529,0.17647058823529413,0.5934724064162114,0,2
101,2,44000.0,22000.0,5656.85424949238,179,0.0782122905027933,0.0,0.0,0.0,0.5,0.5,0.25712973861329,4,5
23,3,51000.0,17000.0,4769.696007084728,140,0.15,0.0,0.0,0.0,0.0,1.0,0.2805703533579252,6,5
81,1,13000.0,13000.0,0.0,81,0.08641975308641975,0.0,0.0,1.0,0.0,0.0,0.0,2,6
89,2,268000.0,134000.0,141421.35623730952,136,0.10294117647058824,0.0,0.5,0.0,0.0,0.5,1.05538325550231,2,5
16,2,162500.0,81250.0,35001.785668734105,27,0.5185185185185185,0.0,0.5,0.0,0.0,0.5,0.4307912082305736,2,5
5,11,3219417.3617859045,292674.3056169004,574612.9265359186,180,0.42777777777777776,0.2727272727272727,0.0,0.5454545454545454,0.18181818181818182,0.0,1.9633186634704627,3,0
7,17,597500.0,35147.05882352941,18357.359479479164,177,0.672316384180791,0.058823529411764705,0.35294117647058826,0.11764705882352941,0.29411764705882354,0.17647058823529413,0.5223014412571477,0,2
31,1,383000.0,383000.0,0.0,31,0.22580645161290322,1.0,0.0,0.0,0.0,0.0,0.0,1,3
6,31,3402000.0,109741.93548387097,40263.89428254176,177,1.225988700564972,0.0,0.12903225806451613,0.8064516129032258,0.03225806451612903,0.03225806451612903,0.366896156013755,3,1
11,16,647000.0,40437.5,27157.488224551744,159,0.7044025157232704,0.0,0.625,0.0,0.125,0.25,0.6715916717045254,0,2
18,19,2124500.0,111815.78947368421,37378.39933493816,175,0.76,0.10526315789473684,0.0,0.631578947368421,0.05263157894736842,0.21052631578947367,0.3342855200582843,3,1
2,18,13052500.0,725138.8888888889,467486.5775221773,168,0.75,0.05555555555555555,0.16666666666666666,0.16666666666666666,0.3888888888888889,0.2222222222222222,0.644685569461727,5,0
24,1,4500.0,4500.0,0.0,24,0.2916666666666667,0.0,0.0,0.0,0.0,1.0,0.0,6,6
1,13,438000.0,33692.307692307695,23808.733045476598,176,0.5170454545454546,0.15384615384615385,0.46153846153846156,0.15384615384615385,0.07692307692307693,0.15384615384615385,0.7066518940438259,0,2
20,14,9210500.0,657892.8571428572,282565.72949230147,174,0.5632183908045977,0.07142857142857142,0.5714285714285714,0.07142857142857142,0.14285714285714285,0.14285714285714285,0.429501135974401,5,0
6,15,610000.0,40666.666666666664,26073.842027887607,172,0.6104651162790697,0.0,0.2,0.13333333333333333,0.3333333333333333,0.3333333333333333,0.6411600498660888,0,2
5,21,1102000.0,52476.19047619047,51513.22067937419,177,0.8305084745762712,0.14285714285714285,0.23809523809523808,0.09523809523809523,0.2857142857142857,0.23809523809523808,0.9816493958864412,0,2
8,16,538000.0,33625.0,18613.16738225926,182,0.6153846153846154,0.0,0.1875,0.0625,0.375,0.375,0.553551446312543,0,2
42,3,20500.0,6833.333333333333,1755.9422921421233,141,0.14893617021276595,0.6666666666666666,0.0,0.3333333333333333,0.0,0.0,0.2569671647037254,1,3
22,2,36000.0,18000.0,4242.640687119285,28,0.5,0.0,0.5,0.0,0.5,0.0,0.2357022603955158,4,5
87,1,21500.0,21500.0,0.0,87,0.08045977011494253,0.0,0.0,0.0,1.0,0.0,0.0,4,4
73,1,57500.0,57500.0,0.0,73,0.0958904109589041,0.0,1.0,0.0,0.0,0.0,0.0,2,6
1,4,581500.0,145375.0,55286.18724419328,144,0.19444444444444442,0.25,0.25,0.25,0.0,0.25,0.3803005141475032,0,5
3,16,13560500.0,847531.25,705825.2255043973,179,0.6256983240223464,0.0625,0.75,0.0625,0.0625,0.0625,0.8328014164721328,5,0
34,4,27500.0,6875.0,4230.3467154990185,117,0.2393162393162393,0.75,0.0,0.0,0.25,0.0,0.6153231586180391,1,3
50,3,52000.0,17333.333333333332,6714.412359494562,170,0.12352941176470589,0.0,0.0,0.3333333333333333,0.3333333333333333,0.3333333333333333,0.387369943816994,4,5
31,21,1052000.0,50095.23809523809,28475.26077475808,183,0.8032786885245902,0.09523809523809523,0.38095238095238093,0.23809523809523808,0.14285714285714285,0.14285714285714285,0.5684225059599998,0,2
10,20,17721500.0,886075.0,769215.4115344449,176,0.7954545454545455,0.1,0.5,0.05,0.1,0.25,0.8681154659983014,5,0
151,1,17000.0,17000.0,0.0,151,0.04635761589403973,1.0,0.0,0.0,0.0,0.0,0.0,1,3
90,2,686000.0,343000.0,384666.08896548185,103,0.13592233009708737,0.5,0.0,0.5,0.0,0.0,1.1214754780334748,2,5
88,2,257000.0,128500.0,12020.815280171308,95,0.1473684210526316,0.0,0.0,0.0,0.0,1.0,0.09354720062390123,6,5
2,15,11047500.0,736500.0,478467.7926166281,180,0.5833333333333333,0.06666666666666667,0.6666666666666666,0.06666666666666667,0.2,0.0,0.6496507706946749,5,0
112,1,7000.0,7000.0,0.0,112,0.0625,1.0,0.0,0.0,0.0,0.0,0.0,1,3
1,13,10188000.0,783692.3076923077,536742.7432540634,142,0.6408450704225352,0.0,0.8461538461538461,0.0,0.07692307692307693,0.07692307692307693,0.684889640979861,5,0
81,1,12500.0,12500.0,0.0,81,0.08641975308641975,0.0,0.0,0.0,0.0,1.0,0.0,6,6
1,16,8100500.0,506281.25,241181.05016425592,154,0.7272727272727273,0.125,0.4375,0.0625,0.125,0.25,0.4763776066450336,5,0
4,17,797000.0,46882.35294117647,39238.66453025188,172,0.6918604651162791,0.11764705882352941,0.29411764705882354,0.0,0.47058823529411764,0.11764705882352941,0.8369602221007303,0,2
123,1,114500.0,114500.0,0.0,123,0.056910569105691054,0.0,0.0,0.0,1.0,0.0,0.0,4,4
27,23,966000.0,42000.0,21722.94555617087,172,0.936046511627907,0.043478260869565216,0.2608695652173913,0.043478260869565216,0.391304347826087,0.2608695652173913,0.5172129894326398,0,2
29,3,44500.0,14833.333333333334,3403.429642777023,44,0.4772727272727273,0.0,0.0,0.3333333333333333,0.0,0.6666666666666666,0.2294446950186757,6,5
1,23,21169500.0,920413.0434782609,962722.1662388317,171,0.9415204678362573,0.043478260869565216,0.6086956521739131,0.08695652173913043,0.08695652173913043,0.17391304347826086,1.0459675393133105,5,0
3,18,1041000.0,57833.333333333336,33191.06896174828,181,0.6961325966850829,0.16666666666666666,0.05555555555555555,0.1111111111111111,0.2222222222222222,0.4444444444444444,0.5739089734019875,0,2
3,25,971000.0,38840.0,19727.68781856269,161,1.0869565217391304,0.0,0.16,0.12,0.44,0.28,0.5079219314768972,0,2
5,18,1682000.0,93444.44444444444,28404.063964038713,182,0.6923076923076923,0.0,0.1111111111111111,0.7222222222222222,0.1111111111111111,0.05555555555555555,0.3039673908161099,3,1
1,18,748000.0,41555.555555555555,22303.97543626333,170,0.7411764705882353,0.0,0.2222222222222222,0.05555555555555555,0.3333333333333333,0.3888888888888889,0.5367266816213101,0,2
11,21,19892500.0,947261.9047619047,584793.352797542,178,0.8258426966292135,0.047619047619047616,0.5238095238095238,0.0,0.19047619047619047,0.23809523809523808,0.6173512835866977,5,0
1,3,62000.0,20666.666666666668,13549.292724468436,135,0.15555555555555556,0.3333333333333333,0.0,0.0,0.0,0.6666666666666666,0.6556109382807307,6,5
58,4,117500.0,29375.0,13966.477723463422,168,0.16666666666666666,0.25,0.0,0.0,0.5,0.25,0.4754545607987548,4,3
21,14,491500.0,35107.142857142855,12178.446552806332,169,0.5798816568047337,0.07142857142857142,0.2857142857142857,0.14285714285714285,0.21428571428571427,0.2857142857142857,0.34689369631594846,0,2
54,2,289500.0,144750.0,81670.83322704624,116,0.12068965517241378,0.0,0.5,0.0,0.5,0.0,0.5642199186669862,4,5
19,3,21500.0,7166.666666666667,2020.7259421636904,65,0.32307692307692304,0.6666666666666666,0.0,0.0,0.0,0.3333333333333333,0.2819617593716777,1,3
2,11,478500.0,43500.0,36560.22428815228,177,0.43502824858757067,0.18181818181818182,0.09090909090909091,0.18181818181818182,0.45454545454545453,0.09090909090909091,0.8404649261644203,0,2
26,4,33500.0,8375.0,1887.4586088176875,163,0.17177914110429449,0.75,0.0,0.0,0.25,0.0,0.22536819209763434,1,3
9,21,13533500.0,644452.380952381,532667.1780943965,183,0.8032786885245902,0.0,0.6666666666666666,0.047619047619047616,0.14285714285714285,0.14285714285714285,0.8265423386398438,5,0
31,16,1534000.0,95875.0,29739.704100747203,183,0.6120218579234973,0.1875,0.0625,0.625,0.0,0.125,0.31019248084221335,3,1
11,19,1839000.0,96789.47368421052,37842.25878178525,180,0.7388888888888888,0.0,0.05263157894736842,0.5789473684210527,0.10526315789473684,0.2631578947368421,0.3909749411929961,3,1
6,16,1628500.0,101781.25,38568.97230935768,173,0.6473988439306358,0.0,0.1875,0.5625,0.125,0.125,0.37893985689267606,3,1
75,1,95500.0,95500.0,0.0,75,0.09333333333333334,0.0,0.0,1.0,0.0,0.0,0.0,2,6
14,24,16602000.0,691750.0,432756.23221594293,180,0.9333333333333333,0.0,0.625,0.08333333333333333,0.041666666666666664,0.25,0.6255962879883527,5,0
2,23,20334500.0,884108.695652174,670305.7809096895,175,0.92,0.043478260869565216,0.6086956521739131,0.13043478260869565,0.17391304347826086,0.043478260869565216,0.7581712341549022,5,0
65,2,21500.0,10750.0,3889.0872965260114,88,0.1590909090909091,0.0,0.0,0.0,0.5,0.5,0.36177556246753595,4,5
6,14,676000.0,48285.71428571428,30086.87056208705,173,0.5664739884393063,0.14285714285714285,0.14285714285714285,0.07142857142857142,0.21428571428571427,0.42857142857142855,0.6231008696290218,0,2
12,21,2288000.0,108952.38095238095,37327.90670594347,176,0.8352272727272727,0.047619047619047616,0.14285714285714285,0.7619047619047619,0.047619047619047616,0.0,0.3426075353255301,3,1
8,11,586500.0,53318.181818181816,48976.15375224597,161,0.4782608695652174,0.0,0.2727272727272727,0.09090909090909091,0.09090909090909091,0.5454545454545454,0.9185638384905468,0,2
3,2,47500.0,23750.0,21566.7568261897,169,0.08284023668639054,0.0,0.0,0.0,0.0,1.0,0.90807397162904,6,5
11,22,755500.0,34340.90909090909,17640.177601171305,180,0.8555555555555555,0.13636363636363635,0.2727272727272727,0.09090909090909091,0.22727272727272727,0.2727272727272727,0.5136782359043928,0,2
15,14,667500.0,47678.57142857143,46527.74488362878,175,0.56,0.0,0.35714285714285715,0.14285714285714285,0.21428571428571427,0.2857142857142857,0.975862814038656,0,2
24,14,1489500.0,106392.85714285714,38683.219663265925,176,0.5568181818181819,0.0,0.21428571428571427,0.6428571428571429,0.14285714285714285,0.0,0.36358850304513124,3,1
6,17,1883000.0,110764.70588235294,48260.07590618345,167,0.7125748502994012,0.0,0.17647058823529413,0.5882352941176471,0.11764705882352941,0.11764705882352941,0.43569903898306883,3,1
4,3,73000.0,24333.333333333332,11793.359713556325,145,0.14482758620689654,0.3333333333333333,0.0,0.0,0.6666666666666666,0.0,0.4846586183653285,4,3
13,13,645500.0,49653.846153846156,21184.098414636996,176,0.5170454545454546,0.15384615384615385,0.23076923076923078,0.07692307692307693,0.3076923076923077,0.23076923076923078,0.4266355993652687,0,2
14,2,38500.0,19250.0,3181.9805153394636,34,0.411764705882353,0.0,0.0,0.0,0.5,0.5,0.16529768910854356,4,5
25,2,26000.0,13000.0,3535.5339059327375,101,0.1386138613861386,0.0,0.0,0.0,0.0,1.0,0.27196414661021057,6,5
31,18,2116500.0,117583.33333333333,59889.42015964776,178,0.7078651685393259,0.2222222222222222,0.0,0.5,0.2222222222222222,0.05555555555555555,0.509335961669577,3,1
34,20,15259000.0,762950.0,621424.0627699201,143,0.9790209790209791,0.1,0.55,0.15,0.05,0.15,0.8145016878824564,5,0
2,21,20135000.0,958809.5238095238,682123.3113629543,180,0.8166666666666667,0.09523809523809523,0.6666666666666666,0.047619047619047616,0.0,0.19047619047619047,0.7114273423701039,5,0
8,22,17252000.0,784181.8181818182,868758.577147855,156,0.9871794871794872,0.0,0.5454545454545454,0.13636363636363635,0.18181818181818182,0.13636363636363635,1.1078535066805477,5,0
31,3,118677.39249198466,39559.130830661554,54243.40992336715,123,0.17073170731707316,1.0,0.0,0.0,0.0,0.0,1.3711982236304363,1,3
68,1,216500.0,216500.0,0.0,68,0.10294117647058824,0.0,0.0,0.0,0.0,1.0,0.0,6,6
5,14,11615000.0,829642.8571428572,923012.6557297915,167,0.5868263473053892,0.0,0.7857142857142857,0.0,0.21428571428571427,0.0,1.112542159295487,5,0
8,20,16498000.0,824900.0,820221.2410139878,174,0.8045977011494253,0.05,0.6,0.1,0.1,0.15,0.9943280894823467,5,0
4,21,1852756.613624977,88226.50541071319,190214.00856563725,182,0.8076923076923077,0.09523809523809523,0.19047619047619047,0.0,0.5714285714285714,0.14285714285714285,2.1559735102297264,0,0
3,3,32000.0,10666.666666666666,7023.769168568493,182,0.11538461538461539,1.0,0.0,0.0,0.0,0.0,0.6584783595532963,1,3
18,2,35500.0,17750.0,13081.47545195113,93,0.15053763440860216,0.0,0.5,0.5,0.0,0.0,0.736984532504289,2,5
26,3,41500.0,13833.333333333334,5008.326400438907,172,0.12209302325581395,0.0,0.3333333333333333,0.0,0.6666666666666666,0.0,0.3620476915979932,4,5
68,2,14000.0,7000.0,2121.3203435596424,110,0.1272727272727273,0.5,0.0,0.0,0.0,0.5,0.3030457633656632,1,3
8,22,2605500.0,118431.81818181818,57490.22597147347,174,0.8850574712643678,0.045454545454545456,0.13636363636363635,0.45454545454545453,0.13636363636363635,0.22727272727272727,0.48542888941562706,3,1
7,18,712000.0,39555.555555555555,21004.823597904484,177,0.711864406779661,0.16666666666666666,0.16666666666666666,0.05555555555555555,0.2777777777777778,0.3333333333333333,0.5310208212953381,0,2
6,12,530000.0,44166.666666666664,32346.37350288095,165,0.509090909090909,0.08333333333333333,0.25,0.25,0.4166666666666667,0.0,0.732370720819946,0,2
7,20,975000.0,48750.0,30583.578324942533,159,0.880503144654088,0.1,0.25,0.1,0.3,0.25,0.627355452819334,0,2
33,20,9967500.0,498375.0,240792.81741998164,178,0.7865168539325843,0.1,0.5,0.1,0.1,0.2,0.483155891487297,5,0
7,16,862500.0,53906.25,51614.02223879346,181,0.6187845303867403,0.0625,0.25,0.125,0.375,0.1875,0.9574775139950091,0,2
106,2,22500.0,11250.0,1767.7669529663688,126,0.1111111111111111,0.5,0.0,0.0,0.5,0.0,0.15713484026367722,4,3
47,1,8000.0,8000.0,0.0,47,0.14893617021276595,1.0,0.0,0.0,0.0,0.0,0.0,1,3
11,29,22864000.0,788413.7931034482,587183.0310438244,181,1.1215469613259668,0.0,0.5862068965517241,0.10344827586206896,0.13793103448275862,0.1724137931034483,0.7447650411245149,5,0
5,11,1205500.0,109590.90909090909,41109.499012891276,183,0.4207650273224044,0.09090909090909091,0.09090909090909091,0.8181818181818182,0.0,0.0,0.37511778443948907,3,1
54,2,23000.0,11500.0,5656.85424949238,123,0.11382113821138211,0.0,0.0,0.5,0.0,0.5,0.4919003695210766,6,5
8,25,1107500.0,44300.0,26406.675292433163,171,1.023391812865497,0.16,0.28,0.16,0.2,0.2,0.5960874783844958,0,2
17,15,1612500.0,107500.0,44398.35904303542,177,0.5932203389830508,0.0,0.06666666666666667,0.7333333333333333,0.13333333333333333,0.06666666666666667,0.41300799109800396,3,1
17,16,724000.0,45250.0,30375.977350531455,174,0.6436781609195402,0.0625,0.375,0.0625,0.25,0.25,0.6712923171388167,0,2
1,19,845500.0,44500.0,29013.406862651922,178,0.7471910112359551,0.0,0.42105263157894735,0.15789473684210525,0.2631578947368421,0.15789473684210525,0.6519866710708297,0,2
12,3,54000.0,18000.0,5678.908345800273,118,0.17796610169491525,0.0,0.0,0.0,0.6666666666666666,0.3333333333333333,0.3154949081000152,4,5
10,26,1393500.0,53596.153846153844,52595.250589909585,179,1.0167597765363128,0.11538461538461539,0.23076923076923078,0.15384615384615385,0.2692307692307692,0.23076923076923078,0.9813250917385355,0,2
51,2,34500.0,17250.0,1767.7669529663688,106,0.1320754716981132,0.0,0.0,0.0,0.0,1.0,0.10247924365022427,6,5
7,14,1682500.0,120178.57142857143,52959.56626843407,183,0.5355191256830601,0.0,0.21428571428571427,0.5714285714285714,0.14285714285714285,0.07142857142857142,0.44067395409098187,3,1
71,3,557500.0,185833.33333333334,57367.96434712786,142,0.14788732394366197,0.3333333333333333,0.3333333333333333,0.0,0.0,0.3333333333333333,0.3087065346033786,2,5
5,18,2014000.0,111888.88888888889,51149.88228252671,170,0.7411764705882353,0.1111111111111111,0.1111111111111111,0.7222222222222222,0.05555555555555555,0.0,0.4571488982549557,3,1
144,1,141000.0,141000.0,0.0,144,0.048611111111111105,0.0,0.0,0.0,0.0,1.0,0.0,6,6
52,5,69000.0,13800.0,4438.468204234429,175,0.2,0.0,0.0,0.4,0.4,0.2,0.32162813074162533,4,5
74,1,121500.0,121500.0,0.0,74,0.0945945945945946,0.0,0.0,1.0,0.0,0.0,0.0,2,6
8,15,9978000.0,665200.0,598715.4642589894,167,0.6287425149700598,0.0,0.6,0.2,0.13333333333333333,0.06666666666666667,0.900053313678577,5,0
24,2,27000.0,13500.0,707.1067811865476,54,0.25925925925925924,0.0,0.0,0.0,0.5,0.5,0.05237828008789241,4,5
78,3,22500.0,7500.0,1000.0,149,0.14093959731543626,1.0,0.0,0.0,0.0,0.0,0.13333333333333333,1,3
17,5,120000.0,24000.0,5326.818938165629,127,0.2755905511811024,0.0,0.0,0.0,0.2,0.8,0.22195078909023455,6,5
4,18,736500.0,40916.666666666664,32037.31739522448,181,0.6961325966850829,0.1111111111111111,0.2777777777777778,0.1111111111111111,0.16666666666666666,0.3333333333333333,0.7829894271745291,0,2
139,1,16000.0,16000.0,0.0,139,0.050359712230215826,0.0,0.0,0.0,1.0,0.0,0.0,4,4
48,2,63500.0,31750.0,7424.621202458749,166,0.08433734939759036,0.0,0.5,0.0,0.5,0.0,0.23384633708531494,4,5
75,2,61500.0,30750.0,27223.611075682078,172,0.0813953488372093,0.0,0.0,0.0,0.0,1.0,0.8853206853880351,6,5
16,23,16537500.0,719021.7391304348,396892.9463590468,179,0.8994413407821229,0.08695652173913043,0.391304347826087,0.08695652173913043,0.30434782608695654,0.13043478260869565,0.5519901899475783,5,0
68,1,51000.0,51000.0,0.0,68,0.10294117647058824,0.0,0.0,0.0,1.0,0.0,0.0,4,4
74,2,27500.0,13750.0,353.5533905932738,152,0.09210526315789473,0.0,0.0,0.0,0.0,1.0,0.025712973861329,6,5
2,20,18100000.0,905000.0,647598.9255867033,177,0.7909604519774012,0.05,0.55,0.1,0.25,0.05,0.7155789233002247,5,0
64,4,95500.0,23875.0,14079.388007533093,138,0.20289855072463767,0.25,0.25,0.0,0.0,0.5,0.5897125867029568,6,3
54,1,130500.0,130500.0,0.0,54,0.12962962962962962,0.0,0.0,0.0,0.0,1.0,0.0,6,6
16,19,1924386.5816000137,101283.50429473756,180166.9798736617,172,0.7732558139534883,0.10526315789473684,0.3684210526315789,0.10526315789473684,0.2631578947368421,0.15789473684210525,1.778838332344537,0,0
3,18,876500.0,48694.444444444445,32456.82149314545,178,0.7078651685393259,0.05555555555555555,0.3888888888888889,0.05555555555555555,0.3333333333333333,0.16666666666666666,0.6665405440691593,0,2
29,18,13977500.0,776527.7777777778,694763.3848640214,183,0.6885245901639344,0.05555555555555555,0.6111111111111112,0.05555555555555555,0.16666666666666666,0.1111111111111111,0.8947051280667062,5,0
7,20,2393000.0,119650.0,48738.85837593525,181,0.7734806629834254,0.05,0.05,0.6,0.15,0.15,0.40734524342611994,3,1
78,2,286000.0,143000.0,118793.93923933999,180,0.07777777777777778,0.5,0.5,0.0,0.0,0.0,0.8307268478275524,2,5
35,16,7758000.0,484875.0,311747.78801674495,183,0.6120218579234973,0.0625,0.4375,0.1875,0.1875,0.125,0.6429446517488939,5,0
53,2,387000.0,193500.0,72124.89168102785,142,0.09859154929577466,0.0,0.0,0.0,0.5,0.5,0.3727384582998855,4,5
65,1,6500.0,6500.0,0.0,65,0.10769230769230768,0.0,0.0,0.0,1.0,0.0,0.0,4,4
16,21,931000.0,44333.333333333336,23341.129649897695,175,0.84,0.23809523809523808,0.23809523809523808,0.047619047619047616,0.14285714285714285,0.3333333333333333,0.5264916462382938,0,2
15,14,564500.0,40321.42857142857,21104.690640541667,171,0.5730994152046784,0.14285714285714285,0.2857142857142857,0.0,0.35714285714285715,0.21428571428571427,0.5234112824935045,0,2
3,10,544000.0,54400.0,40010.97071776412,176,0.39772727272727276,0.1,0.3,0.1,0.2,0.3,0.7354957852530168,0,2
117,2,27500.0,13750.0,6010.407640085654,168,0.08333333333333333,0.0,0.5,0.0,0.5,0.0,0.437120555642593,4,5
1,23,19349500.0,841282.6086956522,917504.0974157571,177,0.9096045197740114,0.043478260869565216,0.6086956521739131,0.13043478260869565,0.08695652173913043,0.13043478260869565,1.0906015266835016,5,0
57,3,289930.7885975514,96643.5961991838,129748.6599350421,141,0.14893617021276595,0.0,0.3333333333333333,0.0,0.0,0.6666666666666666,1.3425479290694886,6,5
11,21,23096000.0,1099809.5238095238,867804.8956446155,182,0.8076923076923077,0.0,0.6666666666666666,0.09523809523809523,0.047619047619047616,0.19047619047619047,0.7890501735597907,5,0
1,20,10655500.0,532775.0,313562.19373850746,175,0.8,0.0,0.5,0.2,0.3,0.0,0.5885452465646989,5,0
8,15,1545000.0,103000.0,41472.45213047193,177,0.5932203389830508,0.13333333333333333,0.0,0.5333333333333333,0.13333333333333333,0.2,0.4026451663152615,3,1
8,20,2231500.0,111575.0,51630.84425948668,181,0.7734806629834254,0.0,0.1,0.65,0.15,0.1,0.46274563530796936,3,1
180,1,14000.0,14000.0,0.0,180,0.03888888888888889,0.0,1.0,0.0,0.0,0.0,0.0,2,6
6,2,46500.0,23250.0,12374.368670764581,130,0.10769230769230768,0.0,0.5,0.0,0.5,0.0,0.5322309105705196,4,5
5,14,16498000.0,1178428.5714285714,744273.9843204677,162,0.6049382716049383,0.07142857142857142,0.42857142857142855,0.2857142857142857,0.14285714285714285,0.07142857142857142,0.6315817541815097,5,0
3,13,10419500.0,801500.0,348020.8925720792,155,0.5870967741935484,0.07692307692307693,0.46153846153846156,0.07692307692307693,0.07692307692307693,0.3076923076923077,0.43421196827458414,5,0
136,1,21000.0,21000.0,0.0,136,0.05147058823529412,1.0,0.0,0.0,0.0,0.0,0.0,1,3
42,3,64000.0,21333.333333333332,7505.553499465135,176,0.11931818181818182,0.0,0.3333333333333333,0.0,0.3333333333333333,0.3333333333333333,0.35182282028742823,4,5
8,18,1651000.0,91722.22222222222,34214.38561492134,171,0.736842105263158,0.16666666666666666,0.1111111111111111,0.5555555555555556,0.05555555555555555,0.1111111111111111,0.3730217692723102,3,1
1,14,1163000.0,83071.42857142857,37702.71217690453,151,0.6490066225165563,0.21428571428571427,0.07142857142857142,0.5,0.21428571428571427,0.0,0.4538589599971311,3,1
3,18,924000.0,51333.333333333336,23659.34711445675,175,0.72,0.05555555555555555,0.16666666666666666,0.2222222222222222,0.4444444444444444,0.1111111111111111,0.460896372359547,0,2
39,2,33500.0,16750.0,5303.300858899106,131,0.10687022900763359,0.5,0.0,0.0,0.0,0.5,0.3166149766506929,1,3
24,3,1808500.0,602833.3333333334,554714.641354754,92,0.2282608695652174,0.3333333333333333,0.3333333333333333,0.0,0.0,0.3333333333333333,0.9201791120067802,5,5
3,21,1031500.0,49119.04761904762,33830.05496666565,174,0.8448275862068966,0.2857142857142857,0.23809523809523808,0.09523809523809523,0.19047619047619047,0.19047619047619047,0.6887359712069595,0,2
26,2,743000.0,371500.0,33234.018715767736,174,0.08045977011494253,0.0,0.5,0.5,0.0,0.0,0.08945900058080145,2,5
3,19,818500.0,43078.94736842105,23706.693357394244,133,1.0,0.0,0.3157894736842105,0.10526315789473684,0.3157894736842105,0.2631578947368421,0.550308092596812,0,2
2,16,8565500.0,535343.75,450157.1473293151,179,0.6256983240223464,0.0625,0.375,0.1875,0.3125,0.0625,0.8408749468529615,5,0
12,2,27500.0,13750.0,1767.7669529663688,35,0.4,0.0,0.0,0.0,1.0,0.0,0.128564869306645,4,4
2,14,627000.0,44785.71428571428,27825.496253584442,163,0.6012269938650306,0.21428571428571427,0.07142857142857142,0.14285714285714285,0.2857142857142857,0.2857142857142857,0.6213029466510084,0,2
86,3,22000.0,7333.333333333333,2020.7259421636902,175,0.12,0.6666666666666666,0.0,0.3333333333333333,0.0,0.0,0.27555353756777595,1,3
4,24,13831500.0,576312.5,387749.38153456134,181,0.9281767955801105,0.041666666666666664,0.4166666666666667,0.08333333333333333,0.2916666666666667,0.16666666666666666,0.6728109862870602,5,0
2,5,33500.0,6700.0,1440.4860290887932,183,0.1912568306010929,0.4,0.2,0.0,0.2,0.2,0.2149979147893721,1,3
7,3,76500.0,25500.0,7399.324293474371,64,0.328125,0.0,0.0,0.0,0.3333333333333333,0.6666666666666666,0.2901695801362498,6,5
46,1,134500.0,134500.0,0.0,46,0.15217391304347827,0.0,0.0,0.0,1.0,0.0,0.0,4,4
40,5,47500.0,9500.0,2263.8462845343543,181,0.19337016574585636,0.8,0.0,0.2,0.0,0.0,0.23829960889835308,1,3
19,17,13262000.0,780117.6470588235,600006.1075056801,160,0.74375,0.0,0.47058823529411764,0.0,0.17647058823529413,0.35294117647058826,0.7691225929419817,5,0
21,2,43000.0,21500.0,9192.388155425118,103,0.13592233009708737,0.0,0.5,0.0,0.0,0.5,0.4275529374616334,2,5
1,19,2024500.0,106552.63157894737,45267.076193791254,164,0.8109756097560976,0.10526315789473684,0.0,0.5789473684210527,0.21052631578947367,0.10526315789473684,0.42483301935393125,3,1
43,16,8277000.0,517312.5,297947.5275391066,174,0.6436781609195402,0.0625,0.375,0.1875,0.25,0.125,0.5759526930803076,5,0
3,5,46500.0,9300.0,5094.114250780011,131,0.26717557251908397,0.6,0.0,0.0,0.2,0.2,0.5477542205139797,1,3
90,2,33000.0,16500.0,4949.747468305833,108,0.12962962962962962,0.0,0.5,0.5,0.0,0.0,0.29998469504883835,2,5
101,2,29500.0,14750.0,2474.8737341529163,141,0.09929078014184398,0.5,0.0,0.0,0.5,0.0,0.16778804977307907,4,3
85,20,972000.0,48600.0,35710.31105702488,183,0.7650273224043715,0.05,0.45,0.1,0.3,0.1,0.7347800629017466,0,2
49,13,1395500.0,107346.15384615384,43184.86647319513,176,0.5170454545454546,0.0,0.0,1.0,0.0,0.0,0.40229542397100443,3,1
50,6,49000.0,8166.666666666667,3109.1263510296053,155,0.2709677419354839,0.6666666666666666,0.0,0.16666666666666666,0.0,0.16666666666666666,0.38070934910566595,1,3
1,13,461000.0,35461.53846153846,15831.747558915622,180,0.5055555555555555,0.23076923076923078,0.15384615384615385,0.07692307692307693,0.38461538461538464,0.15384615384615385,0.4464484127243017,0,2
3,23,2727500.0,118586.95652173914,62535.38128966256,170,0.9470588235294118,0.0,0.043478260869565216,0.6086956521739131,0.13043478260869565,0.21739130434782608,0.5273377707285936,3,1
11,4,29000.0,7250.0,3926.406329796582,75,0.37333333333333335,1.0,0.0,0.0,0.0,0.0,0.5415732868684942,1,3
22,14,709500.0,50678.57142857143,38565.43248062418,149,0.6577181208053692,0.07142857142857142,0.35714285714285715,0.07142857142857142,0.2857142857142857,0.21428571428571427,0.7609810496529084,0,2
8,10,380500.0,38050.0,17025.226381265344,174,0.40229885057471265,0.0,0.2,0.2,0.3,0.3,0.44744353170211154,0,2
30,14,1395000.0,99642.85714285714,43407.47390955607,177,0.5536723163841808,0.07142857142857142,0.21428571428571427,0.5714285714285714,0.07142857142857142,0.07142857142857142,0.4356305625331792,3,1
3,23,2478000.0,107739.13043478261,49765.32874064062,173,0.9306358381502889,0.13043478260869565,0.043478260869565216,0.7391304347826086,0.08695652173913043,0.0,0.4619057954135328,3,1
1,14,555500.0,39678.57142857143,31251.21975641489,160,0.6124999999999999,0.21428571428571427,0.14285714285714285,0.14285714285714285,0.35714285714285715,0.14285714285714285,0.7876094988115364,0,2
149,1,193500.0,193500.0,0.0,149,0.04697986577181208,0.0,1.0,0.0,0.0,0.0,0.0,2,6
5,12,5211000.0,434250.0,266436.71430054965,165,0.509090909090909,0.0,0.5,0.0,0.08333333333333333,0.4166666666666667,0.6135560490513521,5,0
103,3,19000.0,6333.333333333333,1755.9422921421233,178,0.11797752808988765,0.0,0.0,0.0,0.6666666666666666,0.3333333333333333,0.2772540461277037,4,5
72,5,1526500.0,305300.0,194239.09235784644,183,0.1912568306010929,0.4,0.2,0.2,0.2,0.0,0.6362236893476791,2,5
70,2,431000.0,215500.0,24041.630560342615,161,0.08695652173913043,0.0,0.0,0.0,0.5,0.5,0.11156209076725111,4,5
32,17,12914500.0,759676.4705882353,415157.4603831234,176,0.6761363636363636,0.11764705882352941,0.47058823529411764,0.11764705882352941,0.17647058823529413,0.11764705882352941,0.5464924562710982,5,0
25,2,54000.0,27000.0,2828.42712474619,156,0.08974358974358974,0.0,0.5,0.0,0.0,0.5,0.10475656017578482,2,5
1,15,9136500.0,609100.0,256398.1418475125,172,0.6104651162790697,0.2,0.4,0.0,0.2,0.2,0.4209458904079995,5,0
6,18,729000.0,40500.0,22514.701079647544,181,0.6961325966850829,0.1111111111111111,0.2222222222222222,0.1111111111111111,0.2777777777777778,0.2777777777777778,0.5559185451764825,0,2
24,18,2106500.0,117027.77777777778,60245.935235651385,170,0.7411764705882353,0.16666666666666666,0.0,0.5555555555555556,0.16666666666666666,0.1111111111111111,0.5148003010879302,3,1
1,16,1106274.9930983195,69142.18706864497,140769.71026480204,158,0.7088607594936709,0.0,0.3125,0.0,0.5,0.1875,2.035945292344378,0,0
13,13,11246000.0,865076.9230769231,732017.100385237,163,0.558282208588957,0.07692307692307693,0.7692307692307693,0.0,0.0,0.15384615384615385,0.8461872937051468,5,0
1,15,761500.0,50766.666666666664,30747.164019435928,165,0.6363636363636364,0.13333333333333333,0.2,0.2,0.4,0.06666666666666667,0.6056565466730649,0,2
43,3,76000.0,25333.333333333332,16158.073317488484,181,0.11602209944751381,0.0,0.3333333333333333,0.0,0.0,0.6666666666666666,0.6378186835850718,6,5
108,1,17000.0,17000.0,0.0,108,0.06481481481481481,0.0,0.0,0.0,0.0,1.0,0.0,6,6
27,18,1842000.0,102333.33333333333,39388.71143151669,150,0.8400000000000001,0.05555555555555555,0.16666666666666666,0.6666666666666666,0.1111111111111111,0.0,0.3849059749008146,3,1
12,3,586500.0,195500.0,39585.35082577897,142,0.14788732394366197,0.3333333333333333,0.0,0.0,0.3333333333333333,0.3333333333333333,0.20248261291958553,4,5
2,16,635000.0,39687.5,24986.57973126107,158,0.7088607594936709,0.0,0.25,0.0625,0.375,0.3125,0.6295831113388616,0,2
91,1,460500.0,460500.0,0.0,91,0.07692307692307693,0.0,0.0,0.0,0.0,1.0,0.0,6,6
48,2,276000.0,138000.0,17677.66952966369,88,0.1590909090909091,0.0,0.0,1.0,0.0,0.0,0.12809905456278037,2,5
36,1,10500.0,10500.0,0.0,36,0.19444444444444442,1.0,0.0,0.0,0.0,0.0,0.0,1,3
25,11,1058000.0,96181.81818181818,33464.363677853435,183,0.4207650273224044,0.09090909090909091,0.09090909090909091,0.6363636363636364,0.0,0.18181818181818182,0.3479281667829752,3,1
77,1,6500.0,6500.0,0.0,77,0.09090909090909091,0.0,0.0,0.0,0.0,1.0,0.0,6,6
34,12,565500.0,47125.0,29930.31679812901,177,0.4745762711864407,0.08333333333333333,0.0,0.08333333333333333,0.25,0.5833333333333334,0.6351260859019419,0,2
10,22,15175000.0,689772.7272727273,375284.61349426664,161,0.9565217391304348,0.09090909090909091,0.6363636363636364,0.045454545454545456,0.0,0.22727272727272727,0.5440699503706007,5,0
20,12,443500.0,36958.333333333336,25107.45844758027,180,0.4666666666666667,0.16666666666666666,0.16666666666666666,0.08333333333333333,0.3333333333333333,0.25,0.6793449861803004,0,2
154,1,220500.0,220500.0,0.0,154,0.045454545454545456,0.0,0.0,1.0,0.0,0.0,0.0,2,6
57,2,14500.0,7250.0,1060.6601717798212,97,0.14432989690721648,0.5,0.5,0.0,0.0,0.0,0.1462979547282512,1,3
40,2,368500.0,184250.0,54800.77554195743,145,0.09655172413793103,0.0,0.0,1.0,0.0,0.0,0.29742619018701455,3,5
3,19,15142500.0,796973.6842105263,796323.5919887685,166,0.8012048192771084,0.0,0.7894736842105263,0.05263157894736842,0.10526315789473684,0.05263157894736842,0.9991842990118278,5,0
14,19,13910000.0,732105.2631578947,506844.7762313255,175,0.76,0.10526315789473684,0.5789473684210527,0.10526315789473684,0.15789473684210525,0.05263157894736842,0.6923113406466704,5,0
18,2,19000.0,9500.0,1414.213562373095,82,0.17073170731707318,1.0,0.0,0.0,0.0,0.0,0.1488645855129574,1,3
66,1,6000.0,6000.0,0.0,66,0.10606060606060606,0.0,0.0,0.0,0.0,1.0,0.0,6,6
5,15,893000.0,59533.333333333336,50986.85638289072,177,0.5932203389830508,0.0,0.4666666666666667,0.13333333333333333,0.2,0.2,0.8564421564875261,0,2
14,19,10354500.0,544973.6842105263,273312.11674182094,170,0.7823529411764706,0.10526315789473684,0.3157894736842105,0.21052631578947367,0.15789473684210525,0.21052631578947367,0.5015143385093049,5,0
143,1,15500.0,15500.0,0.0,143,0.04895104895104895,0.0,0.0,0.0,0.0,1.0,0.0,6,6
17,4,71500.0,17875.0,10258.12685955222,86,0.3255813953488372,0.5,0.0,0.0,0.0,0.5,0.5738812229120123,1,3
1,16,717000.0,44812.5,30688.149178469528,155,0.7225806451612904,0.0625,0.375,0.0625,0.3125,0.1875,0.6848122550286088,0,2
2,15,12856000.0,857066.6666666666,591379.0441075198,155,0.6774193548387097,0.0,0.6,0.2,0.13333333333333333,0.06666666666666667,0.6900035517744864,5,0
13,4,50500.0,12625.0,5234.102915814068,177,0.15819209039548024,0.25,0.0,0.0,0.25,0.5,0.41458240917339156,6,3
12,21,875500.0,41690.47619047619,35615.82379732223,154,0.9545454545454546,0.0,0.19047619047619047,0.0,0.2857142857142857,0.5238095238095238,0.854291604504588,0,2
23,8,453500.0,56687.5,38835.6771722674,182,0.3076923076923077,0.125,0.0,0.25,0.25,0.375,0.6850836105361394,0,5
78,1,31000.0,31000.0,0.0,78,0.08974358974358974,0.0,0.0,0.0,0.0,1.0,0.0,6,6
33,2,1440000.0,720000.0,632153.4623807735,168,0.08333333333333333,0.0,0.0,0.0,0.5,0.5,0.8779909199732965,4,5
10,2,24000.0,12000.0,4242.640687119285,158,0.08860759493670886,0.0,0.5,0.0,0.5,0.0,0.35355339059327373,4,5
7,16,1636000.0,102250.0,33419.55515363224,181,0.6187845303867403,0.0,0.1875,0.6875,0.125,0.0,0.3268416151944473,3,1
173,1,259500.0,259500.0,0.0,173,0.04046242774566474,0.0,0.0,0.0,1.0,0.0,0.0,4,4
18,3,37000.0,12333.333333333334,8129.165598838133,106,0.19811320754716982,0.0,0.0,0.3333333333333333,0.0,0.6666666666666666,0.6591215350409296,6,5
4,1,90500.0,90500.0,0.0,4,1.75,0.0,1.0,0.0,0.0,0.0,0.0,2,6
22,15,1778000.0,118533.33333333333,53537.525780210155,167,0.6287425149700598,0.06666666666666667,0.06666666666666667,0.8,0.0,0.06666666666666667,0.45166641546858965,3,1
30,19,11506500.0,605605.2631578947,421501.96318731445,182,0.7307692307692307,0.0,0.47368421052631576,0.10526315789473684,0.15789473684210525,0.2631578947368421,0.6960011559170013,5,0
6,16,1806710.8892112493,112919.43057570308,288476.3178644215,163,0.6871165644171779,0.0625,0.25,0.0625,0.4375,0.1875,2.5547092860251555,0,0
6,17,746000.0,43882.35294117647,19798.61849012822,171,0.695906432748538,0.11764705882352941,0.17647058823529413,0.11764705882352941,0.11764705882352941,0.47058823529411764,0.45117495218790854,0,2
7,4,31000.0,7750.0,2661.4532371118853,166,0.1686746987951807,0.5,0.0,0.25,0.0,0.25,0.34341332091766263,1,3
127,4,819000.0,204750.0,126130.55405676558,145,0.19310344827586207,0.5,0.0,0.25,0.0,0.25,0.6160222420354852,1,5
40,2,14500.0,7250.0,3181.9805153394636,96,0.14583333333333334,1.0,0.0,0.0,0.0,0.0,0.4388938641847536,1,3
51,2,14000.0,7000.0,707.1067811865476,77,0.18181818181818182,0.5,0.0,0.0,0.0,0.5,0.10101525445522108,1,3
29,15,877500.0,58500.0,27650.884770137618,180,0.5833333333333333,0.06666666666666667,0.26666666666666666,0.13333333333333333,0.3333333333333333,0.2,0.4726646969254294,0,2
16,1,72000.0,72000.0,0.0,16,0.4375,0.0,1.0,0.0,0.0,0.0,0.0,2,6
8,17,12065000.0,709705.8823529412,405345.4182400922,182,0.6538461538461539,0.11764705882352941,0.5882352941176471,0.0,0.11764705882352941,0.17647058823529413,0.5711456369731925,5,0
15,2,748000.0,374000.0,170412.73426595796,137,0.1021897810218978,0.0,0.0,0.0,0.5,0.5,0.4556490221014919,4,5
22,16,771500.0,48218.75,30108.674691302283,174,0.6436781609195402,0.3125,0.125,0.0625,0.1875,0.3125,0.6244183993011491,0,2
38,3,39500.0,13166.666666666666,2843.1203515386633,128,0.1640625,0.3333333333333333,0.0,0.0,0.0,0.6666666666666666,0.21593319125610103,6,3
139,2,758000.0,379000.0,67882.25099390856,146,0.0958904109589041,0.5,0.0,0.5,0.0,0.0,0.17910884167258195,2,5
126,1,156000.0,156000.0,0.0,126,0.05555555555555555,0.0,0.0,1.0,0.0,0.0,0.0,2,6
4,15,1423500.0,94900.0,31684.381010207537,182,0.5769230769230769,0.0,0.0,0.8,0.0,0.2,0.3338712435216811,3,1
154,2,24000.0,12000.0,4242.640687119285,176,0.07954545454545454,0.0,0.0,0.0,0.0,1.0,0.35355339059327373,6,5
49,3,48000.0,16000.0,2645.7513110645905,96,0.21875,0.6666666666666666,0.0,0.0,0.3333333333333333,0.0,0.1653594569415369,1,3
128,1,7500.0,7500.0,0.0,128,0.0546875,0.0,0.0,0.0,0.0,1.0,0.0,6,6
75,1,17000.0,17000.0,0.0,75,0.09333333333333334,1.0,0.0,0.0,0.0,0.0,0.0,1,3
165,3,91500.0,30500.0,22096.379793984353,169,0.1242603550295858,0.0,0.0,0.0,0.6666666666666666,0.3333333333333333,0.7244714686552247,4,5
11,18,17623000.0,979055.5555555555,835955.2459328276,167,0.7544910179640718,0.05555555555555555,0.4444444444444444,0.1111111111111111,0.2222222222222222,0.16666666666666666,0.8538384172269703,5,0
75,2,36000.0,18000.0,5656.85424949238,122,0.11475409836065575,0.5,0.0,0.0,0.0,0.5,0.3142696805273545,1,3
10,15,10745000.0,716333.3333333334,427206.10894954385,172,0.6104651162790697,0.0,0.8666666666666667,0.0,0.13333333333333333,0.0,0.5963789329216527,5,0
94,2,38000.0,19000.0,1414.213562373095,152,0.09210526315789473,1.0,0.0,0.0,0.0,0.0,0.0744322927564787,1,3
75,2,812500.0,406250.0,433102.9034767604,90,0.15555555555555556,0.0,0.0,0.0,1.0,0.0,1.0660994547120255,4,4
180,1,5500.0,5500.0,0.0,180,0.03888888888888889,0.0,0.0,0.0,0.0,1.0,0.0,6,6
20,2,15500.0,7750.0,1767.7669529663688,158,0.08860759493670886,1.0,0.0,0.0,0.0,0.0,0.22809896167307983,1,3
3,17,9546000.0,561529.4117647059,463148.85129500466,178,0.6685393258426967,0.0,0.6470588235294118,0.11764705882352941,0.11764705882352941,0.11764705882352941,0.8247989180824512,5,0
20,3,60500.0,20166.666666666668,763.7626158259737,172,0.12209302325581395,0.0,0.0,0.0,0.3333333333333333,0.6666666666666666,0.03787252640459374,6,5
2,23,2540500.0,110456.52173913043,36743.247073899125,141,1.1418439716312057,0.043478260869565216,0.043478260869565216,0.782608695652174,0.08695652173913043,0.043478260869565216,0.3326489599290218,3,1
178,1,106500.0,106500.0,0.0,178,0.03932584269662921,0.0,1.0,0.0,0.0,0.0,0.0,2,6
2,20,13472500.0,673625.0,348695.8739360132,175,0.8,0.0,0.55,0.15,0.15,0.15,0.5176409336589545,5,0
4,24,2414500.0,100604.16666666667,47683.052126986666,179,0.9385474860335195,0.0,0.08333333333333333,0.625,0.125,0.16666666666666666,0.47396697082115546,3,1
15,15,1485000.0,99000.0,40929.3816923037,177,0.5932203389830508,0.06666666666666667,0.13333333333333333,0.5333333333333333,0.13333333333333333,0.13333333333333333,0.4134280979020576,3,1
15,16,1768000.0,110500.0,48157.38088116227,175,0.64,0.0625,0.1875,0.6875,0.0,0.0625,0.43581340163947757,3,1
14,27,3016000.0,111703.70370370371,62120.89009145785,181,1.0441988950276242,0.1111111111111111,0.037037037037037035,0.7037037037037037,0.07407407407407407,0.07407407407407407,0.5561220266808229,3,1
123,3,68500.0,22833.333333333332,12964.695651396269,172,0.12209302325581395,0.0,0.3333333333333333,0.0,0.0,0.6666666666666666,0.5677968898421724,6,5
10,22,13195500.0,599795.4545454546,997073.117382535,181,0.8508287292817679,0.0,0.6363636363636364,0.045454545454545456,0.18181818181818182,0.13636363636363635,1.6623552409848636,5,0
3,17,14876000.0,875058.8235294118,785204.8276236777,172,0.6918604651162791,0.17647058823529413,0.5882352941176471,0.17647058823529413,0.0,0.058823529411764705,0.8973166220491072,5,0
6,20,971500.0,48575.0,34679.08326051128,178,0.7865168539325843,0.05,0.55,0.1,0.15,0.15,0.7139286311994087,0,2
8,2,340000.0,170000.0,21213.203435596424,137,0.1021897810218978,0.5,0.0,0.5,0.0,0.0,0.12478354962115544,1,5
1,19,2081000.0,109526.31578947368,41470.02722322155,174,0.764367816091954,0.0,0.21052631578947367,0.7368421052631579,0.0,0.05263157894736842,0.3786307146762179,3,1
7,25,1135500.0,45420.0,37984.832499301614,182,0.9615384615384616,0.04,0.48,0.12,0.24,0.12,0.8363019044320038,0,2
49,2,561500.0,280750.0,32880.46532517446,135,0.10370370370370371,0.0,0.0,0.0,0.5,0.5,0.11711652831762942,4,5
18,20,3543365.0210091495,177168.25105045747,305147.1354317192,173,0.8092485549132947,0.1,0.0,0.55,0.2,0.15,1.7223578921305338,3,0
22,1,97000.0,97000.0,0.0,22,0.3181818181818182,0.0,1.0,0.0,0.0,0.0,0.0,2,6
117,1,14000.0,14000.0,0.0,117,0.059829059829059825,0.0,0.0,0.0,1.0,0.0,0.0,4,4
28,3,315000.0,105000.0,21857.492994394393,82,0.25609756097560976,0.0,0.3333333333333333,0.0,0.0,0.6666666666666666,0.20816659994661327,6,5
91,3,36500.0,12166.666666666666,3403.4296427770228,183,0.11475409836065574,0.3333333333333333,0.3333333333333333,0.0,0.3333333333333333,0.0,0.2797339432419471,4,3
8,16,21607000.0,1350437.5,1221376.2166097718,180,0.6222222222222222,0.0625,0.375,0.3125,0.125,0.125,0.9044300210929953,5,0
1,18,732000.0,40666.666666666664,18726.35764339225,159,0.7924528301886792,0.1111111111111111,0.16666666666666666,0.1111111111111111,0.3333333333333333,0.2777777777777778,0.4604842043457111,0,2
12,22,2508000.0,114000.0,50751.26083350517,169,0.9112426035502958,0.0,0.045454545454545456,0.7272727272727273,0.09090909090909091,0.13636363636363635,0.445186498539519,3,1
2,18,2084500.0,115805.55555555556,53766.9641872079,173,0.7283236994219653,0.1111111111111111,0.1111111111111111,0.6111111111111112,0.0,0.16666666666666666,0.4642865700982212,3,1
50,18,14002500.0,777916.6666666666,364218.35120287555,180,0.7,0.05555555555555555,0.5555555555555556,0.1111111111111111,0.1111111111111111,0.16666666666666666,0.46819713063037033,5,0
8,25,13610000.0,544400.0,436641.681855195,181,0.9668508287292817,0.04,0.56,0.08,0.2,0.12,0.8020604001748622,5,0
38,4,446000.0,111500.0,51831.45762951299,126,0.2222222222222222,0.0,0.25,0.0,0.0,0.75,0.46485612223778466,6,5
15,12,1420000.0,118333.33333333333,49643.88332428429,166,0.5060240963855421,0.0,0.08333333333333333,0.6666666666666666,0.25,0.0,0.41952577457141654,3,1
27,4,73000.0,18250.0,10965.856099730654,74,0.3783783783783784,0.5,0.0,0.0,0.0,0.5,0.6008688273825016,1,3
29,3,21000.0,7000.0,1322.8756555322952,174,0.12068965517241378,1.0,0.0,0.0,0.0,0.0,0.1889822365046136,1,3
1,22,2065000.0,93863.63636363637,32441.58920208302,183,0.8415300546448088,0.09090909090909091,0.0,0.6363636363636364,0.13636363636363635,0.13636363636363635,0.34562467915052125,3,1
103,3,24000.0,8000.0,2645.7513110645905,128,0.1640625,1.0,0.0,0.0,0.0,0.0,0.3307189138830738,1,3
16,5,48000.0,9600.0,6886.581154680456,174,0.20114942528735633,0.8,0.0,0.0,0.0,0.2,0.7173522036125475,1,3
44,3,34500.0,11500.0,6763.874629234341,122,0.17213114754098363,0.3333333333333333,0.0,0.3333333333333333,0.3333333333333333,0.0,0.5881630112377688,4,3
33,1,175500.0,175500.0,0.0,33,0.21212121212121213,0.0,0.0,0.0,0.0,1.0,0.0,6,6
28,17,1771500.0,104205.88235294117,43715.36444129563,183,0.6502732240437159,0.058823529411764705,0.23529411764705882,0.4117647058823529,0.23529411764705882,0.058823529411764705,0.4195095656234974,3,1
25,14,627000.0,44785.71428571428,23270.742844341534,175,0.56,0.07142857142857142,0.21428571428571427,0.14285714285714285,0.5714285714285714,0.0,0.5196019135897632,0,2
8,18,11161000.0,620055.5555555555,596376.4821794468,175,0.72,0.1111111111111111,0.5,0.05555555555555555,0.2222222222222222,0.1111111111111111,0.961811368087989,5,0
65,3,758000.0,252666.66666666666,163618.7132736758,176,0.11931818181818182,0.3333333333333333,0.3333333333333333,0.0,0.0,0.3333333333333333,0.647567466782358,2,5
6,18,21725000.0,1206944.4444444445,1415723.5095722454,175,0.72,0.05555555555555555,0.3333333333333333,0.16666666666666666,0.16666666666666666,0.2777777777777778,1.1729815039033564,5,0
16,1,222500.0,222500.0,0.0,16,0.4375,0.0,0.0,0.0,0.0,1.0,0.0,6,6
2,21,987000.0,47000.0,24966.477524873226,158,0.930379746835443,0.047619047619047616,0.47619047619047616,0.047619047619047616,0.19047619047619047,0.23809523809523808,0.5312016494653878,0,2
58,1,8500.0,8500.0,0.0,58,0.12068965517241378,0.0,0.0,0.0,0.0,1.0,0.0,6,6
15,16,14705500.0,919093.75,947864.76213206,178,0.6292134831460674,0.0625,0.6875,0.0625,0.125,0.0625,1.0313036750952338,5,0
83,1,85500.0,85500.0,0.0,83,0.08433734939759036,0.0,0.0,0.0,1.0,0.0,0.0,4,4
3,18,736500.0,40916.666666666664,33714.74193182282,179,0.7039106145251396,0.1111111111111111,0.1111111111111111,0.16666666666666666,0.3333333333333333,0.2777777777777778,0.8239855461952624,0,2
24,16,768000.0,48000.0,34966.17413062706,162,0.691358024691358,0.1875,0.375,0.125,0.0625,0.25,0.7284619610547305,0,2
168,1,54000.0,54000.0,0.0,168,0.041666666666666664,0.0,0.0,0.0,1.0,0.0,0.0,4,4
17,16,9157000.0,572312.5,510052.0194058641,183,0.6120218579234973,0.125,0.375,0.0625,0.0625,0.375,0.8912124397175741,5,0
21,14,677500.0,48392.857142857145,21579.17316038115,183,0.5355191256830601,0.07142857142857142,0.07142857142857142,0.21428571428571427,0.5,0.14285714285714285,0.44591649335104955,0,2
4,18,859500.0,47750.0,20272.59088465188,172,0.7325581395348837,0.0,0.2222222222222222,0.1111111111111111,0.3888888888888889,0.2777777777777778,0.4245568771654844,0,2
4,26,20349000.0,782653.8461538461,515297.21072854195,178,1.0224719101123596,0.11538461538461539,0.46153846153846156,0.0,0.23076923076923078,0.19230769230769232,0.6583973403578599,5,0
8,15,554000.0,36933.333333333336,28421.48751175688,181,0.580110497237569,0.06666666666666667,0.13333333333333333,0.26666666666666666,0.13333333333333333,0.4,0.7695348604266303,0,2
7,14,1568000.0,112000.0,47672.35935166044,175,0.56,0.14285714285714285,0.14285714285714285,0.5,0.07142857142857142,0.14285714285714285,0.4256460656398253,3,1
75,3,211500.0,70500.0,35000.0,177,0.11864406779661017,0.0,0.3333333333333333,0.3333333333333333,0.0,0.3333333333333333,0.49645390070921985,2,5
44,4,84000.0,21000.0,13235.054464061213,162,0.1728395061728395,0.25,0.25,0.0,0.5,0.0,0.6302406887648196,4,5
16,20,21786351.96093748,1089317.5980468742,906902.0882672182,178,0.7865168539325843,0.15,0.65,0.05,0.05,0.1,0.8325414827533095,5,0
10,21,1099856.061202609,52374.09815250519,91324.07300149812,176,0.8352272727272727,0.047619047619047616,0.14285714285714285,0.19047619047619047,0.3333333333333333,0.2857142857142857,1.7436877430438362,0,0
31,2,39500.0,19750.0,1767.7669529663688,155,0.0903225806451613,0.0,0.0,0.0,0.5,0.5,0.08950718749196804,4,5
47,4,392500.0,98125.0,38519.20516660055,147,0.19047619047619047,0.25,0.0,0.25,0.25,0.25,0.3925524093411521,4,5
8,17,15741500.0,925970.5882352941,560637.1227950236,183,0.6502732240437159,0.058823529411764705,0.6470588235294118,0.058823529411764705,0.11764705882352941,0.11764705882352941,0.6054588881310804,5,0
15,4,849500.0,212375.0,112204.70504098006,47,0.5957446808510638,0.75,0.0,0.25,0.0,0.0,0.528332925443108,1,5
16,4,89000.0,22250.0,15234.281516807196,93,0.3010752688172043,0.0,0.0,0.0,0.25,0.75,0.6846868097441436,6,5
75,1,12500.0,12500.0,0.0,75,0.09333333333333334,0.0,0.0,0.0,0.0,1.0,0.0,6,6
3,18,12431500.0,690638.8888888889,321069.7562815483,168,0.75,0.2222222222222222,0.5555555555555556,0.0,0.05555555555555555,0.16666666666666666,0.4648880354798592,5,0
2,23,18490000.0,803913.0434782609,488054.222308386,180,0.8944444444444444,0.043478260869565216,0.782608695652174,0.0,0.043478260869565216,0.13043478260869565,0.6070982754512103,5,0
74,4,62500.0,15625.0,3944.933459514875,159,0.1761006289308176,0.75,0.0,0.0,0.0,0.25,0.252475741408952,1,3
26,17,683000.0,40176.470588235294,18398.319536433373,182,0.6538461538461539,0.058823529411764705,0.35294117647058826,0.058823529411764705,0.29411764705882354,0.23529411764705882,0.45793767513816597,0,2
115,1,307000.0,307000.0,0.0,115,0.06086956521739131,1.0,0.0,0.0,0.0,0.0,0.0,1,3
40,3,293000.0,97666.66666666667,98252.65051556285,162,0.12962962962962962,0.3333333333333333,0.3333333333333333,0.3333333333333333,0.0,0.0,1.0059998346303363,2,5
2,15,15378500.0,1025233.3333333334,1135359.9785761258,171,0.6140350877192983,0.0,0.8,0.13333333333333333,0.0,0.06666666666666667,1.107416177042097,5,0
137,1,9500.0,9500.0,0.0,137,0.0510948905109489,0.0,0.0,0.0,1.0,0.0,0.0,4,4
21,21,17293500.0,823500.0,523331.08545164793,176,0.8352272727272727,0.0,0.42857142857142855,0.14285714285714285,0.14285714285714285,0.2857142857142857,0.635496157196901,5,0
1,3,44000.0,14666.666666666666,8607.167555783572,48,0.4375,0.6666666666666666,0.0,0.0,0.0,0.3333333333333333,0.5868523333488799,1,3
40,3,568500.0,189500.0,150729.06156411907,119,0.17647058823529413,0.0,0.3333333333333333,0.3333333333333333,0.3333333333333333,0.0,0.7954040188080161,2,5
20,16,11689000.0,730562.5,619194.8771052079,182,0.6153846153846154,0.125,0.625,0.1875,0.0625,0.0,0.8475590755140154,5,0
14,5,42500.0,8500.0,2549.5097567963926,173,0.20231213872832368,0.6,0.0,0.2,0.2,0.0,0.2999423243289874,1,3
4,22,2449500.0,111340.90909090909,49347.01862071554,167,0.9221556886227544,0.045454545454545456,0.09090909090909091,0.6363636363636364,0.18181818181818182,0.045454545454545456,0.4432065358872186,3,1
3,20,11775000.0,588750.0,317148.8733934536,180,0.7777777777777778,0.0,0.85,0.05,0.0,0.1,0.5386817382479042,5,0
3,23,2532500.0,110108.69565217392,52548.45307855043,183,0.8797814207650273,0.043478260869565216,0.17391304347826086,0.6521739130434783,0.08695652173913043,0.043478260869565216,0.47724162716946095,3,1
27,15,11924500.0,794966.6666666666,553199.4107871393,171,0.6140350877192983,0.0,0.5333333333333333,0.13333333333333333,0.26666666666666666,0.06666666666666667,0.6958774927088842,5,0
31,1,9000.0,9000.0,0.0,31,0.22580645161290322,1.0,0.0,0.0,0.0,0.0,0.0,1,3
16,13,457500.0,35192.307692307695,19758.477570335115,144,0.6319444444444444,0.07692307692307693,0.23076923076923078,0.0,0.38461538461538464,0.3076923076923077,0.5614430785013257,0,2
15,4,38000.0,9500.0,3937.0039370059058,119,0.23529411764705882,0.75,0.0,0.25,0.0,0.0,0.4144214670532532,1,3
65,2,155500.0,77750.0,3889.0872965260114,71,0.1971830985915493,0.0,0.0,0.0,0.0,1.0,0.05002041538940208,6,5
84,1,246000.0,246000.0,0.0,84,0.08333333333333333,0.0,0.0,1.0,0.0,0.0,0.0,2,6
1,23,17221500.0,748760.8695652174,677018.9481295794,177,0.9096045197740114,0.0,0.5652173913043478,0.13043478260869565,0.08695652173913043,0.21739130434782608,0.9041858030357591,5,0
7,2,78500.0,39250.0,10253.048327204939,126,0.1111111111111111,0.5,0.5,0.0,0.0,0.0,0.2612241612026736,1,3
153,2,52000.0,26000.0,6363.961030678927,171,0.08187134502923978,0.0,0.0,0.0,0.5,0.5,0.24476773194918952,4,5
112,1,265000.0,265000.0,0.0,112,0.0625,1.0,0.0,0.0,0.0,0.0,0.0,1,3
11,16,567000.0,35437.5,20373.900788345207,158,0.7088607594936709,0.125,0.3125,0.0625,0.3125,0.1875,0.5749248899709406,0,2
31,4,108000.0,27000.0,10700.467279516348,157,0.178343949044586,0.25,0.25,0.0,0.0,0.5,0.3963136029450499,6,3
125,1,7500.0,7500.0,0.0,125,0.056,0.0,0.0,0.0,0.0,1.0,0.0,6,6
75,2,32000.0,16000.0,0.0,132,0.10606060606060606,0.5,0.0,0.0,0.0,0.5,0.0,1,3
16,4,61500.0,15375.0,5977.387946809766,129,0.2170542635658915,0.0,0.0,0.0,0.5,0.5,0.3887731997925051,4,5
81,2,798500.0,399250.0,55507.88232314398,156,0.08974358974358974,0.5,0.0,0.0,0.5,0.0,0.13903038778495674,4,5
29,3,63000.0,21000.0,8231.038816577164,157,0.1337579617834395,0.0,0.0,0.0,0.3333333333333333,0.6666666666666666,0.3919542293608173,6,5
4,15,1753500.0,116900.0,56699.773242176954,155,0.6774193548387097,0.13333333333333333,0.13333333333333333,0.5333333333333333,0.13333333333333333,0.06666666666666667,0.4850280003607952,3,1
6,15,616500.0,41100.0,20680.56368394523,171,0.6140350877192983,0.06666666666666667,0.26666666666666666,0.0,0.3333333333333333,0.3333333333333333,0.5031767319694703,0,2
65,4,667000.0,166750.0,84307.47297837837,174,0.16091954022988506,0.0,0.0,0.0,0.5,0.5,0.5055920418493456,4,5
36,2,854000.0,427000.0,149199.53083036153,98,0.14285714285714285,0.0,0.0,0.0,0.0,1.0,0.34941342114838764,6,5
7,2,35500.0,17750.0,14495.689014324224,159,0.0880503144654088,0.0,0.0,0.0,0.0,1.0,0.8166585360182661,6,5
1,18,1865000.0,103611.11111111111,37844.71194529326,176,0.7159090909090909,0.0,0.1111111111111111,0.6111111111111112,0.16666666666666666,0.1111111111111111,0.3652572734666374,3,1
129,1,8000.0,8000.0,0.0,129,0.054263565891472874,1.0,0.0,0.0,0.0,0.0,0.0,1,3
52,3,905500.0,301833.3333333333,105397.26435412513,130,0.16153846153846152,0.0,0.6666666666666666,0.0,0.3333333333333333,0.0,0.3491902739507183,2,5
113,1,52000.0,52000.0,0.0,113,0.061946902654867256,0.0,0.0,0.0,0.0,1.0,0.0,6,6
5,11,7723500.0,702136.3636363636,507057.4469874735,177,0.43502824858757067,0.09090909090909091,0.45454545454545453,0.18181818181818182,0.09090909090909091,0.18181818181818182,0.722163775084121,5,0
55,2,379500.0,189750.0,111369.31803688123,87,0.16091954022988506,0.0,0.0,0.5,0.5,0.0,0.5869265772694663,4,5
28,2,31000.0,15500.0,7071.067811865475,129,0.10852713178294575,0.0,0.0,0.0,0.0,1.0,0.45619792334615966,6,5
1,3,534500.0,178166.66666666666,105385.4037964145,85,0.24705882352941178,0.0,0.0,0.3333333333333333,0.3333333333333333,0.3333333333333333,0.5914989923091553,0,5
14,3,82500.0,27500.0,5267.826876426369,171,0.12280701754385966,0.0,0.0,0.3333333333333333,0.6666666666666666,0.0,0.1915573409609589,4,5
38,3,388000.0,129333.33333333333,89152.02371978626,106,0.19811320754716982,0.3333333333333333,0.0,0.3333333333333333,0.3333333333333333,0.0,0.6893197710292752,4,5
9,14,576000.0,41142.857142857145,30729.858050830237,156,0.6282051282051282,0.0,0.35714285714285715,0.0,0.2857142857142857,0.35714285714285715,0.7469062720687905,0,2
8,18,694000.0,38555.555555555555,15164.673430754714,172,0.7325581395348837,0.05555555555555555,0.3333333333333333,0.05555555555555555,0.5,0.05555555555555555,0.39332006016366694,0,2
19,1,6500.0,6500.0,0.0,19,0.3684210526315789,1.0,0.0,0.0,0.0,0.0,0.0,1,3
154,1,107500.0,107500.0,0.0,154,0.045454545454545456,0.0,1.0,0.0,0.0,0.0,0.0,2,6
35,1,250500.0,250500.0,0.0,35,0.2,1.0,0.0,0.0,0.0,0.0,0.0,1,3
150,1,8500.0,8500.0,0.0,150,0.04666666666666667,0.0,0.0,1.0,0.0,0.0,0.0,2,6
45,5,103000.0,20600.0,19985.619830267962,148,0.23648648648648649,0.2,0.0,0.0,0.0,0.8,0.9701757199159204,6,5
6,4,53000.0,13250.0,6763.874629234341,137,0.2043795620437956,0.0,0.25,0.0,0.25,0.5,0.5104811040931578,6,5
17,24,877500.0,36562.5,18909.57458192979,173,0.9710982658959537,0.0,0.20833333333333334,0.16666666666666666,0.3333333333333333,0.2916666666666667,0.5171849458305584,0,2
4,17,17678236.27271615,1039896.251336244,1194970.235548924,176,0.6761363636363636,0.11764705882352941,0.4117647058823529,0.0,0.23529411764705882,0.23529411764705882,1.1491244766133286,5,0
5,5,79000.0,15800.0,5707.4512700504065,141,0.24822695035460993,0.0,0.0,0.2,0.2,0.6,0.36123109304116496,6,5
25,3,40000.0,13333.333333333334,10563.301251660549,143,0.14685314685314688,1.0,0.0,0.0,0.0,0.0,0.7922475938745411,1,3
13,21,844000.0,40190.47619047619,26418.022347668353,180,0.8166666666666667,0.23809523809523808,0.14285714285714285,0.047619047619047616,0.2857142857142857,0.2857142857142857,0.6573204612571509,0,2
8,12,618500.0,51541.666666666664,38646.097258757356,176,0.4772727272727273,0.0,0.25,0.08333333333333333,0.25,0.4166666666666667,0.7498030187632794,0,2
78,2,63500.0,31750.0,4596.194077712559,146,0.0958904109589041,0.0,0.0,0.0,0.0,1.0,0.14476201819567117,6,5
9,19,654500.0,34447.36842105263,16909.805453281722,182,0.7307692307692307,0.10526315789473684,0.42105263157894735,0.05263157894736842,0.2631578947368421,0.15789473684210525,0.4908881644191791,0,2
144,1,6500.0,6500.0,0.0,144,0.048611111111111105,0.0,0.0,0.0,0.0,1.0,0.0,6,6
7,17,1562500.0,91911.76470588235,37936.30982240071,183,0.6502732240437159,0.0,0.11764705882352941,0.7058823529411765,0.058823529411764705,0.11764705882352941,0.41274705086771973,3,1
50,1,21000.0,21000.0,0.0,50,0.13999999999999999,0.0,0.0,0.0,1.0,0.0,0.0,4,4
19,17,1682000.0,98941.17647058824,26769.200091325325,175,0.68,0.0,0.058823529411764705,0.7647058823529411,0.058823529411764705,0.11764705882352941,0.27055671911565427,3,1
8,2,505000.0,252500.0,106066.01717798212,143,0.0979020979020979,0.0,0.0,0.5,0.5,0.0,0.42006343436824606,4,5
3,15,1528000.0,101866.66666666667,31475.878897672617,176,0.5965909090909091,0.06666666666666667,0.13333333333333333,0.5333333333333333,0.2,0.06666666666666667,0.30899095776511076,3,1
17,16,1647500.0,102968.75,37607.38790450621,151,0.7417218543046357,0.0,0.1875,0.8125,0.0,0.0,0.36523108131842147,3,1
173,1,16000.0,16000.0,0.0,173,0.04046242774566474,0.0,0.0,0.0,1.0,0.0,0.0,4,4
43,15,796500.0,53100.0,51188.447357359284,181,0.580110497237569,0.2,0.2,0.3333333333333333,0.13333333333333333,0.13333333333333333,0.9640008918523406,0,2
68,2,46000.0,23000.0,12020.815280171308,135,0.10370370370370371,0.0,0.0,1.0,0.0,0.0,0.5226441426161438,2,5
47,2,19000.0,9500.0,2828.42712474619,170,0.08235294117647059,0.5,0.0,0.0,0.0,0.5,0.2977291710259148,1,3
1,11,1395000.0,126818.18181818182,58248.72218653072,137,0.5620437956204379,0.0,0.0,0.8181818181818182,0.18181818181818182,0.0,0.45930892046726735,3,1
27,2,58000.0,29000.0,17677.66952966369,124,0.11290322580645161,0.0,0.0,0.0,1.0,0.0,0.6095748113677134,4,4
2,16,13338000.0,833625.0,770665.2645604316,164,0.6829268292682927,0.0625,0.375,0.25,0.125,0.1875,0.9244747513095596,5,0
55,1,80000.0,80000.0,0.0,55,0.1272727272727273,0.0,0.0,1.0,0.0,0.0,0.0,2,6
2,18,1812000.0,100666.66666666667,37739.042040275046,172,0.7325581395348837,0.0,0.0,0.7222222222222222,0.16666666666666666,0.1111111111111111,0.37489114609544744,3,1
2,27,18866000.0,698740.7407407408,543867.2485502176,179,1.0558659217877093,0.1111111111111111,0.5555555555555556,0.037037037037037035,0.14814814814814814,0.14814814814814814,0.7783534247246833,5,0
11,2,176500.0,88250.0,97227.18241315028,133,0.10526315789473684,0.0,0.0,0.0,0.5,0.5,1.1017244466079352,4,5
6,13,1726500.0,132807.6923076923,34144.0200117693,179,0.5083798882681564,0.07692307692307693,0.15384615384615385,0.5384615384615384,0.0,0.23076923076923078,0.25709369252997444,3,1
13,20,2202500.0,110125.0,59178.78242642107,183,0.7650273224043715,0.05,0.05,0.65,0.15,0.1,0.5373782740197146,3,1
1,26,1221000.0,46961.53846153846,28831.553227990717,177,1.0282485875706215,0.15384615384615385,0.3076923076923077,0.11538461538461539,0.2692307692307692,0.15384615384615385,0.6139397083765427,0,2
9,23,1024000.0,44521.739130434784,26323.804583438083,183,0.8797814207650273,0.08695652173913043,0.2608695652173913,0.08695652173913043,0.2608695652173913,0.30434782608695654,0.5912573295108163,0,2
127,2,17000.0,8500.0,2121.3203435596424,168,0.08333333333333333,1.0,0.0,0.0,0.0,0.0,0.24956709924231088,1,3
7,25,15710994.866509032,628439.7946603613,516119.13213520526,183,0.9562841530054645,0.04,0.52,0.12,0.04,0.28,0.8212706078139762,5,0
141,1,8000.0,8000.0,0.0,141,0.04964539007092199,0.0,1.0,0.0,0.0,0.0,0.0,2,6
23,20,15164869.70472747,758243.4852363735,541541.6605200311,178,0.7865168539325843,0.0,0.5,0.15,0.15,0.2,0.7142054908011665,5,0
4,15,543000.0,36200.0,18378.75326099601,181,0.580110497237569,0.13333333333333333,0.06666666666666667,0.26666666666666666,0.4,0.13333333333333333,0.5077003663258567,0,2
165,1,448000.0,448000.0,0.0,165,0.04242424242424242,0.0,1.0,0.0,0.0,0.0,0.0,2,6
90,3,48000.0,16000.0,9848.857801796104,127,0.16535433070866143,0.0,0.0,0.0,0.6666666666666666,0.3333333333333333,0.6155536126122565,4,5
40,3,356500.0,118833.33333333333,57210.867266047746,108,0.19444444444444445,0.0,0.0,0.3333333333333333,0.0,0.6666666666666666,0.48143787320657294,6,5
8,16,8280000.0,517500.0,261244.457676458,143,0.7832167832167832,0.125,0.4375,0.125,0.0625,0.25,0.5048202080704502,5,0
45,1,27000.0,27000.0,0.0,45,0.15555555555555556,0.0,0.0,0.0,1.0,0.0,0.0,4,4
16,19,1486953.7675866578,78260.72460982409,190772.99383976133,179,0.7430167597765363,0.21052631578947367,0.05263157894736842,0.10526315789473684,0.3684210526315789,0.2631578947368421,2.437659436337669,0,0
84,2,322500.0,161250.0,165109.43340705885,150,0.09333333333333334,0.5,0.0,0.0,0.5,0.0,1.0239344707414502,4,5
8,14,761500.0,54392.857142857145,26237.948567960586,170,0.5764705882352942,0.0,0.07142857142857142,0.21428571428571427,0.21428571428571427,0.5,0.48237856855081834,0,2
16,16,625500.0,39093.75,21165.39530302549,168,0.6666666666666666,0.125,0.4375,0.125,0.125,0.1875,0.5414009989582859,0,2
119,1,56500.0,56500.0,0.0,119,0.058823529411764705,0.0,1.0,0.0,0.0,0.0,0.0,2,6
81,3,61500.0,20500.0,10111.874208078341,152,0.1381578947368421,0.0,0.3333333333333333,0.0,0.3333333333333333,0.3333333333333333,0.4932621564916264,4,5
86,1,10500.0,10500.0,0.0,86,0.0813953488372093,0.0,0.0,0.0,0.0,1.0,0.0,6,6
73,2,44500.0,22250.0,13081.47545195113,181,0.07734806629834254,0.0,0.0,0.0,0.5,0.5,0.5879314809865677,4,5
20,2,304000.0,152000.0,116672.61889578034,132,0.10606060606060606,0.0,0.5,0.0,0.5,0.0,0.7675830190511864,4,5
78,2,30500.0,15250.0,4596.194077712559,78,0.1794871794871795,0.0,0.0,0.0,1.0,0.0,0.3013897755877088,4,4
177,1,13000.0,13000.0,0.0,177,0.03954802259887006,0.0,0.0,0.0,0.0,1.0,0.0,6,6
166,1,37000.0,37000.0,0.0,166,0.04216867469879518,0.0,0.0,0.0,1.0,0.0,0.0,4,4
78,3,40500.0,13500.0,3278.7192621510003,133,0.15789473684210525,0.0,0.0,0.3333333333333333,0.0,0.6666666666666666,0.2428680934926667,6,5
37,2,23500.0,11750.0,1767.7669529663688,74,0.1891891891891892,0.0,0.0,0.0,0.0,1.0,0.1504482513162867,6,5
9,16,1094829.7746631224,68426.86091644515,97694.84927521695,168,0.6666666666666666,0.0625,0.125,0.0625,0.25,0.5,1.4277265969355286,0,2
15,16,832000.0,52000.0,30578.31475626695,179,0.6256983240223464,0.0,0.25,0.0,0.3125,0.4375,0.5880445145435952,0,2
7,5,114000.0,22800.0,13269.325529204565,158,0.22151898734177214,0.0,0.4,0.0,0.0,0.6,0.5819879618072178,6,5
94,3,618000.0,206000.0,145539.51353498473,143,0.14685314685314688,0.3333333333333333,0.3333333333333333,0.0,0.3333333333333333,0.0,0.7065024928882754,4,5
2,23,894000.0,38869.565217391304,19020.453937385137,177,0.9096045197740114,0.0,0.2608695652173913,0.08695652173913043,0.2608695652173913,0.391304347826087,0.4893405375389912,0,2
65,1,21500.0,21500.0,0.0,65,0.10769230769230768,0.0,0.0,0.0,0.0,1.0,0.0,6,6
52,4,36500.0,9125.0,2393.5677693908456,79,0.35443037974683544,0.75,0.0,0.0,0.25,0.0,0.2623087966455721,1,3
7,5,524500.0,104900.0,69414.87592728234,156,0.22435897435897437,0.4,0.0,0.2,0.2,0.2,0.661724270040823,0,5
34,16,1631000.0,101937.5,48440.29830626562,179,0.6256983240223464,0.0,0.25,0.6875,0.0,0.0625,0.4751960594115573,3,1
26,2,20500.0,10250.0,2474.8737341529163,83,0.1686746987951807,0.0,0.0,0.0,0.0,1.0,0.24145109601491865,6,5
60,3,39000.0,13000.0,6082.76253029822,173,0.12138728323699421,0.6666666666666666,0.3333333333333333,0.0,0.0,0.0,0.46790481002294,1,3
58,2,45000.0,22500.0,11313.70849898476,166,0.08433734939759036,0.0,0.0,0.0,0.5,0.5,0.5028314888437672,4,5
5,17,693000.0,40764.705882352944,26430.993671645952,173,0.6878612716763005,0.058823529411764705,0.17647058823529413,0.058823529411764705,0.47058823529411764,0.23529411764705882,0.6483793541385009,0,2
44,2,21000.0,10500.0,4242.640687119285,79,0.17721518987341772,0.0,0.0,0.5,0.0,0.5,0.40406101782088427,6,5
3,14,11511500.0,822250.0,621279.3175252299,175,0.56,0.0,0.42857142857142855,0.14285714285714285,0.07142857142857142,0.35714285714285715,0.7555844542720948,5,0
7,3,65500.0,21833.333333333332,4932.882862316247,86,0.2441860465116279,0.0,0.0,0.0,0.3333333333333333,0.6666666666666666,0.2259335662129579,6,5
26,14,1512000.0,108000.0,34242.91055206789,167,0.5868263473053892,0.07142857142857142,0.0,0.6428571428571429,0.0,0.2857142857142857,0.3170639865932212,3,1
134,1,13000.0,13000.0,0.0,134,0.05223880597014925,0.0,1.0,0.0,0.0,0.0,0.0,2,6
51,2,42000.0,21000.0,9192.388155425118,73,0.1917808219178082,0.0,0.0,0.5,0.5,0.0,0.437732769305958,4,5
106,3,456000.0,152000.0,91885.79868510694,139,0.1510791366906475,0.0,0.3333333333333333,0.3333333333333333,0.0,0.3333333333333333,0.604511833454651,2,5
163,1,89500.0,89500.0,0.0,163,0.04294478527607362,0.0,0.0,0.0,1.0,0.0,0.0,4,4
31,2,28000.0,14000.0,1414.213562373095,150,0.09333333333333334,0.0,1.0,0.0,0.0,0.0,0.10101525445522108,2,6
1,13,11189000.0,860692.3076923077,858494.1161335338,180,0.5055555555555555,0.07692307692307693,0.38461538461538464,0.07692307692307693,0.3076923076923077,0.15384615384615385,0.9974460192810741,5,0
86,1,29000.0,29000.0,0.0,86,0.0813953488372093,0.0,0.0,0.0,1.0,0.0,0.0,4,4
11,21,938000.0,44666.666666666664,36061.521506078105,176,0.8352272727272727,0.0,0.047619047619047616,0.047619047619047616,0.42857142857142855,0.47619047619047616,0.8073474964047337,0,2
25,22,2372500.0,107840.90909090909,44820.1130349705,175,0.88,0.09090909090909091,0.09090909090909091,0.8181818181818182,0.0,0.0,0.41561327155715533,3,1
1,19,895500.0,47131.57894736842,28367.54899982214,163,0.8159509202453988,0.10526315789473684,0.3684210526315789,0.05263157894736842,0.3684210526315789,0.10526315789473684,0.6018798782765167,0,2
117,2,46500.0,23250.0,18031.22292025696,183,0.07650273224043716,0.0,0.0,0.0,0.5,0.5,0.7755364696884715,4,5
23,23,18879000.0,820826.0869565217,613846.3238372756,171,0.9415204678362573,0.043478260869565216,0.782608695652174,0.043478260869565216,0.0,0.13043478260869565,0.7478396868614513,5,0
9,12,611500.0,50958.333333333336,24919.377576253362,148,0.5675675675675675,0.08333333333333333,0.25,0.16666666666666666,0.16666666666666666,0.3333333333333333,0.48901476846286235,0,2
1,29,1833222.8218536484,63214.58006391891,118277.80219203552,183,1.109289617486339,0.06896551724137931,0.2413793103448276,0.10344827586206896,0.3793103448275862,0.20689655172413793,1.8710525652854118,0,0
1,1,19000.0,19000.0,0.0,1,7.0,0.0,0.0,0.0,0.0,1.0,0.0,6,6
3,3,32500.0,10833.333333333334,3013.856886670854,139,0.1510791366906475,0.6666666666666666,0.0,0.0,0.3333333333333333,0.0,0.27820217415423265,1,3
1,13,1343000.0,103307.69230769231,54887.58908803916,169,0.5384615384615384,0.0,0.0,0.6923076923076923,0.15384615384615385,0.15384615384615385,0.5313020537189196,3,1
50,2,34500.0,17250.0,6717.514421272202,124,0.11290322580645161,0.0,0.0,0.0,0.5,0.5,0.38942112587085226,4,5
3,21,901500.0,42928.57142857143,28899.518038492315,182,0.8076923076923077,0.14285714285714285,0.3333333333333333,0.09523809523809523,0.19047619047619047,0.23809523809523808,0.6732000874191222,0,2
8,15,1654500.0,110300.0,43965.00231515322,181,0.580110497237569,0.13333333333333333,0.13333333333333333,0.5333333333333333,0.2,0.0,0.3985947626033837,3,1
8,25,1071500.0,42860.0,19549.36060335478,177,0.9887005649717514,0.0,0.24,0.16,0.16,0.44,0.4561213393223234,0,2
4,22,19244500.0,874750.0,548849.4621869071,180,0.8555555555555555,0.045454545454545456,0.5454545454545454,0.18181818181818182,0.09090909090909091,0.13636363636363635,0.6274357955837748,5,0
33,1,70500.0,70500.0,0.0,33,0.21212121212121213,1.0,0.0,0.0,0.0,0.0,0.0,1,3
16,3,64500.0,21500.0,6557.438524302001,118,0.17796610169491525,0.0,0.3333333333333333,0.0,0.0,0.6666666666666666,0.30499714066520933,6,5
80,3,85500.0,28500.0,15740.076238697195,105,0.2,0.0,0.3333333333333333,0.0,0.3333333333333333,0.3333333333333333,0.5522833767963928,4,5
6,11,291500.0,26500.0,11683.321445547923,181,0.42541436464088395,0.0,0.2727272727272727,0.09090909090909091,0.18181818181818182,0.45454545454545453,0.4408800545489782,0,2
3,15,1379364.4230634454,91957.6282042297,227021.50759285205,175,0.6,0.0,0.26666666666666666,0.06666666666666667,0.3333333333333333,0.3333333333333333,2.4687621030052833,0,0
100,2,54000.0,27000.0,28284.2712474619,164,0.08536585365853659,0.0,0.5,0.0,0.0,0.5,1.047565601757848,2,5
80,1,53500.0,53500.0,0.0,80,0.0875,1.0,0.0,0.0,0.0,0.0,0.0,1,3
28,3,57500.0,19166.666666666668,16158.073317488486,177,0.11864406779661017,0.0,0.0,0.0,0.6666666666666666,0.3333333333333333,0.8430299122167906,4,5
11,22,18855000.0,857045.4545454546,784343.1875975822,173,0.8901734104046243,0.0,0.5,0.045454545454545456,0.2727272727272727,0.18181818181818182,0.9151710489072823,5,0
8,12,1147500.0,95625.0,24675.277469196128,161,0.5217391304347826,0.08333333333333333,0.08333333333333333,0.5,0.25,0.08333333333333333,0.2580421173249268,3,1
30,19,874000.0,46000.0,30977.59046651484,166,0.8012048192771084,0.0,0.15789473684210525,0.21052631578947367,0.3157894736842105,0.3157894736842105,0.6734258797068444,0,2
8,19,766000.0,40315.78947368421,26571.293264178807,176,0.7556818181818182,0.10526315789473684,0.10526315789473684,0.2631578947368421,0.2631578947368421,0.2631578947368421,0.6590790757433385,0,2
48,5,154000.0,30800.0,23234.13437165241,169,0.20710059171597633,0.0,0.2,0.0,0.4,0.4,0.7543550120666367,4,5
5,21,2275500.0,108357.14285714286,39552.54190856223,169,0.8698224852071006,0.047619047619047616,0.09523809523809523,0.6190476190476191,0.09523809523809523,0.14285714285714285,0.36502016263669823,3,1
23,1,7000.0,7000.0,0.0,23,0.30434782608695654,0.0,0.0,0.0,1.0,0.0,0.0,4,4
9,15,1689000.0,112600.0,38258.14572461288,168,0.625,0.0,0.06666666666666667,0.6666666666666666,0.13333333333333333,0.13333333333333333,0.33977038831805395,3,1
79,3,513500.0,171166.66666666666,100201.46372849717,118,0.17796610169491525,0.3333333333333333,0.0,0.0,0.3333333333333333,0.3333333333333333,0.5854029039639562,4,5
67,2,151500.0,75750.0,47729.707730091955,135,0.10370370370370371,0.0,0.5,0.5,0.0,0.0,0.6300951515523691,2,5
94,2,24000.0,12000.0,5656.85424949238,96,0.14583333333333334,0.5,0.0,0.0,0.0,0.5,0.4714045207910317,1,3
34,2,515500.0,257750.0,107126.67734976194,36,0.38888888888888884,0.0,0.0,0.5,0.0,0.5,0.415622414548058,3,5
31,1,274000.0,274000.0,0.0,31,0.22580645161290322,0.0,0.0,0.0,0.0,1.0,0.0,6,6
34,1,99500.0,99500.0,0.0,34,0.2058823529411765,0.0,0.0,0.0,1.0,0.0,0.0,4,4
29,15,1644000.0,109600.0,26576.8427663741,170,0.6176470588235294,0.0,0.13333333333333333,0.6666666666666666,0.06666666666666667,0.13333333333333333,0.24248944129903374,3,1
66,1,107000.0,107000.0,0.0,66,0.10606060606060606,1.0,0.0,0.0,0.0,0.0,0.0,1,3
133,2,8000.0,4000.0,0.0,179,0.0782122905027933,0.5,0.0,0.5,0.0,0.0,0.0,1,3
7,21,21352500.0,1016785.7142857143,1006975.5157329865,179,0.8212290502793296,0.09523809523809523,0.5714285714285714,0.047619047619047616,0.14285714285714285,0.14285714285714285,0.9903517541455434,5,0
1,27,2916500.0,108018.51851851853,41306.192840197305,181,1.0441988950276242,0.0,0.07407407407407407,0.5925925925925926,0.14814814814814814,0.18518518518518517,0.3823991793880772,3,1
4,18,10499500.0,583305.5555555555,481287.7682319313,171,0.736842105263158,0.16666666666666666,0.6666666666666666,0.0,0.05555555555555555,0.1111111111111111,0.8251040362088446,5,0
11,2,323000.0,161500.0,56568.5424949238,39,0.358974358974359,0.0,0.5,0.0,0.0,0.5,0.3502696129716644,2,5
125,3,58500.0,19500.0,12278.029157808674,155,0.13548387096774195,0.0,0.0,0.0,0.6666666666666666,0.3333333333333333,0.6296425209132653,4,5
33,3,2663990.6242556246,887996.8747518748,1193079.6857326918,167,0.12574850299401197,0.0,0.0,0.6666666666666666,0.3333333333333333,0.0,1.3435629332209795,3,5
76,2,126500.0,63250.0,27930.71785686863,178,0.07865168539325842,0.0,0.5,0.0,0.0,0.5,0.4415923771836937,2,5
15,2,10000.0,5000.0,707.1067811865476,122,0.11475409836065575,1.0,0.0,0.0,0.0,0.0,0.1414213562373095,1,3
13,4,56000.0,14000.0,6745.368781616021,128,0.21875,0.25,0.0,0.0,0.25,0.5,0.48181205582971576,6,3
4,26,4087934.3764236695,157228.24524706422,303925.69101890665,181,1.005524861878453,0.038461538461538464,0.19230769230769232,0.46153846153846156,0.19230769230769232,0.11538461538461539,1.9330222158323145,5,0
18,2,328000.0,164000.0,109601.55108391486,118,0.11864406779661017,0.5,0.0,0.0,0.5,0.0,0.6683021407555785,4,5
5,6,51000.0,8500.0,3391.164991562634,160,0.2625,0.6666666666666666,0.16666666666666666,0.0,0.0,0.16666666666666666,0.3989605872426628,1,3
9,6,206782.3671826143,34463.727863769054,56439.70509287709,141,0.2978723404255319,0.8333333333333334,0.0,0.0,0.16666666666666666,0.0,1.6376552564474864,1,3
3,11,10682500.0,971136.3636363636,1104306.5491725814,166,0.463855421686747,0.18181818181818182,0.36363636363636365,0.09090909090909091,0.2727272727272727,0.09090909090909091,1.1371282041561803,5,0
14,13,7535000.0,579615.3846153846,313154.9905029825,180,0.5055555555555555,0.07692307692307693,0.5384615384615384,0.07692307692307693,0.15384615384615385,0.15384615384615385,0.5402806737277734,5,0
8,17,773500.0,45500.0,25633.230385575676,166,0.716867469879518,0.11764705882352941,0.17647058823529413,0.0,0.47058823529411764,0.23529411764705882,0.563367700781883,0,2
140,1,5500.0,5500.0,0.0,140,0.05,1.0,0.0,0.0,0.0,0.0,0.0,1,3
31,4,68500.0,17125.0,10298.664962022991,74,0.3783783783783784,0.0,0.25,0.0,0.25,0.5,0.6013818955925834,6,5
7,19,2970649.7535796165,156349.98703050613,177819.6276693643,179,0.7430167597765363,0.0,0.21052631578947367,0.5263157894736842,0.21052631578947367,0.05263157894736842,1.1373178280767566,3,0
92,1,130500.0,130500.0,0.0,92,0.07608695652173914,0.0,0.0,0.0,0.0,1.0,0.0,6,6
39,2,56000.0,28000.0,8485.28137423857,129,0.10852713178294575,0.0,0.0,0.0,1.0,0.0,0.3030457633656632,4,4
141,2,35000.0,17500.0,15556.349186104046,156,0.08974358974358974,0.0,0.0,0.5,0.5,0.0,0.8889342392059455,4,5
6,23,958500.0,41673.913043478264,22543.19525209133,170,0.9470588235294118,0.043478260869565216,0.21739130434782608,0.17391304347826086,0.34782608695652173,0.21739130434782608,0.5409426090747006,0,2
82,2,122500.0,61250.0,1767.7669529663688,155,0.0903225806451613,0.0,0.0,0.0,1.0,0.0,0.028861501272920306,4,4
2,23,15687000.0,682043.4782608695,559179.26693429,180,0.8944444444444444,0.043478260869565216,0.5652173913043478,0.21739130434782608,0.08695652173913043,0.08695652173913043,0.8198586816783751,5,0
1,16,780000.0,48750.0,25480.057561421112,183,0.6120218579234973,0.0,0.25,0.125,0.4375,0.1875,0.5226678474137664,0,2
15,16,1660500.0,103781.25,50399.72511499112,174,0.6436781609195402,0.125,0.0625,0.3125,0.1875,0.3125,0.48563420767230225,0,1
4,7,138000.0,19714.285714285714,16355.063290556085,159,0.3081761006289308,0.0,0.0,0.0,0.2857142857142857,0.7142857142857143,0.8296046596658884,0,5
67,2,536500.0,268250.0,201878.9860287593,143,0.0979020979020979,0.5,0.0,0.5,0.0,0.0,0.7525777671155985,2,5
40,4,70500.0,17625.0,5878.9880081524225,101,0.2772277227722772,0.0,0.25,0.25,0.0,0.5,0.33355960329942824,6,3
45,2,38500.0,19250.0,8131.727983645296,117,0.11965811965811965,0.0,0.0,0.0,0.5,0.5,0.42242742772183356,4,5
14,16,722500.0,45156.25,25610.361672573075,165,0.6787878787878787,0.125,0.1875,0.125,0.4375,0.125,0.5671498778701304,0,2
30,14,10246500.0,731892.8571428572,456856.1959645604,165,0.5939393939393939,0.0,0.7142857142857143,0.07142857142857142,0.14285714285714285,0.07142857142857142,0.6242118521938071,5,0
34,11,10258000.0,932545.4545454546,806997.6906579551,173,0.44508670520231214,0.0,0.2727272727272727,0.18181818181818182,0.2727272727272727,0.2727272727272727,0.8653708907425918,5,0
95,1,274500.0,274500.0,0.0,95,0.0736842105263158,0.0,0.0,0.0,0.0,1.0,0.0,6,6
6,11,8081500.0,734681.8181818182,805009.3562415058,148,0.5202702702702703,0.0,0.5454545454545454,0.0,0.18181818181818182,0.2727272727272727,1.095725164716521,5,0
45,2,44500.0,22250.0,8131.727983645296,160,0.0875,0.0,0.0,0.0,0.5,0.5,0.36547092061327174,4,5
74,3,39500.0,13166.666666666666,577.3502691896259,104,0.20192307692307693,0.0,0.3333333333333333,0.0,0.0,0.6666666666666666,0.043849387533389315,6,5
72,2,51000.0,25500.0,14142.13562373095,110,0.1272727272727273,0.5,0.0,0.0,0.0,0.5,0.554593553871802,1,3
5,2,8500.0,4250.0,353.5533905932738,82,0.17073170731707318,0.5,0.0,0.0,0.0,0.5,0.0831890330807703,1,3
16,20,835000.0,41750.0,20484.589843407448,174,0.8045977011494253,0.05,0.35,0.15,0.3,0.15,0.4906488585247293,0,2
30,1,5500.0,5500.0,0.0,30,0.23333333333333334,1.0,0.0,0.0,0.0,0.0,0.0,1,3
31,3,60000.0,20000.0,13028.814220795382,154,0.13636363636363635,0.0,0.0,0.0,0.3333333333333333,0.6666666666666666,0.6514407110397691,6,5
3,18,747000.0,41500.0,25160.075750376942,158,0.7974683544303797,0.1111111111111111,0.1111111111111111,0.16666666666666666,0.3888888888888889,0.2222222222222222,0.6062668855512516,0,2
55,2,18500.0,9250.0,1060.6601717798212,110,0.1272727272727273,0.0,0.0,0.0,0.5,0.5,0.11466596451673743,4,5
35,17,671000.0,39470.58823529412,19118.43889762846,176,0.6761363636363636,0.058823529411764705,0.47058823529411764,0.17647058823529413,0.17647058823529413,0.11764705882352941,0.48437177534975234,0,2
113,3,660000.0,220000.0,96515.54278974967,180,0.11666666666666667,0.3333333333333333,0.0,0.3333333333333333,0.0,0.3333333333333333,0.4387070126806803,2,5
13,21,13863500.0,660166.6666666666,447969.23257444066,164,0.8963414634146342,0.047619047619047616,0.5714285714285714,0.14285714285714285,0.047619047619047616,0.19047619047619047,0.6785699054396981,5,0
125,3,58500.0,19500.0,18621.224449536072,163,0.12883435582822086,0.3333333333333333,0.0,0.3333333333333333,0.3333333333333333,0.0,0.954934587155696,4,3
4,25,2540500.0,101620.0,42690.32872521207,183,0.9562841530054645,0.04,0.08,0.68,0.08,0.12,0.4200977044401896,3,1
17,19,2249500.0,118394.73684210527,49944.29645653257,171,0.7777777777777778,0.05263157894736842,0.05263157894736842,0.6842105263157895,0.21052631578947367,0.0,0.42184558020632085,3,1
41,3,21500.0,7166.666666666667,1443.3756729740644,107,0.19626168224299065,0.3333333333333333,0.0,0.0,0.6666666666666666,0.0,0.20140125669405548,4,3
7,3,31000.0,10333.333333333334,5795.112883571237,153,0.1372549019607843,0.6666666666666666,0.0,0.0,0.3333333333333333,0.0,0.5608173758294746,1,3
8,14,1460500.0,104321.42857142857,51743.67562352878,176,0.5568181818181819,0.07142857142857142,0.21428571428571427,0.5714285714285714,0.07142857142857142,0.07142857142857142,0.49600236818172067,3,1
78,3,772000.0,257333.33333333334,45500.91574170055,179,0.11731843575418993,0.0,0.0,0.0,0.3333333333333333,0.6666666666666666,0.17681703008432856,6,5
79,4,909000.0,227250.0,191942.91686158502,134,0.208955223880597,0.0,0.25,0.25,0.0,0.5,0.8446332975207261,2,5
20,14,12542500.0,895892.8571428572,454653.9334217006,125,0.784,0.0,0.6428571428571429,0.0,0.21428571428571427,0.14285714285714285,0.5074869498029746,5,0
3,16,1867500.0,116718.75,41333.99277027727,183,0.6120218579234973,0.0,0.0625,0.5,0.125,0.3125,0.3541332713919338,3,1
6,21,1024000.0,48761.90476190476,32977.49954424192,172,0.8546511627906976,0.09523809523809523,0.3333333333333333,0.047619047619047616,0.38095238095238093,0.14285714285714285,0.6762963773721486,0,2
180,1,149000.0,149000.0,0.0,180,0.03888888888888889,0.0,0.0,0.0,0.0,1.0,0.0,6,6
72,2,18000.0,9000.0,707.1067811865476,176,0.07954545454545454,0.0,0.0,0.5,0.5,0.0,0.07856742013183862,4,5
3,15,599000.0,39933.333333333336,15755.800141384063,178,0.5898876404494382,0.13333333333333333,0.26666666666666666,0.0,0.2,0.4,0.3945525911865792,0,2
111,1,678500.0,678500.0,0.0,111,0.06306306306306306,0.0,0.0,1.0,0.0,0.0,0.0,2,6
102,1,7500.0,7500.0,0.0,102,0.06862745098039216,0.0,0.0,0.0,1.0,0.0,0.0,4,4
84,1,26000.0,26000.0,0.0,84,0.08333333333333333,0.0,1.0,0.0,0.0,0.0,0.0,2,6
9,19,11298000.0,594631.5789473684,315587.8924107472,158,0.8417721518987341,0.05263157894736842,0.5263157894736842,0.0,0.10526315789473684,0.3157894736842105,0.5307284436010087,5,0
56,2,13500.0,6750.0,353.5533905932738,147,0.09523809523809523,0.5,0.0,0.5,0.0,0.0,0.05237828008789241,1,3
5,2,24000.0,12000.0,8485.28137423857,70,0.2,0.5,0.0,0.0,0.0,0.5,0.7071067811865475,1,3
16,16,755000.0,47187.5,28460.425740549512,175,0.64,0.125,0.1875,0.1875,0.375,0.125,0.6031348501308506,0,2
34,1,12000.0,12000.0,0.0,34,0.2058823529411765,0.0,0.0,1.0,0.0,0.0,0.0,2,6
19,22,2501500.0,113704.54545454546,45102.70266712171,183,0.8415300546448088,0.045454545454545456,0.0,0.8636363636363636,0.0,0.09090909090909091,0.39666578400027086,3,1
113,1,14000.0,14000.0,0.0,113,0.061946902654867256,0.0,0.0,0.0,1.0,0.0,0.0,4,4
15,2,25500.0,12750.0,4596.194077712559,141,0.09929078014184398,0.0,0.0,0.0,0.0,1.0,0.3604858100166713,6,5
7,21,725000.0,34523.80952380953,22892.944431896583,183,0.8032786885245902,0.14285714285714285,0.19047619047619047,0.14285714285714285,0.3333333333333333,0.19047619047619047,0.6631059766480389,0,2
4,25,1131000.0,45240.0,25172.786231696056,183,0.9562841530054645,0.08,0.32,0.24,0.2,0.16,0.5564276355370481,0,2
1,15,10141000.0,676066.6666666666,404369.7418146393,170,0.6176470588235294,0.0,0.4666666666666667,0.2,0.26666666666666666,0.06666666666666667,0.5981211051394921,5,0
5,20,2345500.0,117275.0,52140.3659668581,158,0.8860759493670886,0.15,0.1,0.55,0.05,0.15,0.4445991555477135,3,1
1,17,1814500.0,106735.29411764706,36538.55739449203,163,0.7300613496932515,0.058823529411764705,0.0,0.7058823529411765,0.23529411764705882,0.0,0.34232872731130587,3,1
29,4,486500.0,121625.0,81240.76870635826,170,0.16470588235294117,0.25,0.25,0.25,0.0,0.25,0.6679610993328531,2,5
75,1,11000.0,11000.0,0.0,75,0.09333333333333334,0.0,0.0,0.0,1.0,0.0,0.0,4,4
54,3,75500.0,25166.666666666668,10797.376224497011,128,0.1640625,0.3333333333333333,0.0,0.0,0.0,0.6666666666666666,0.4290348168674309,6,3
8,26,1144000.0,44000.0,21190.56393775305,176,1.0340909090909092,0.11538461538461539,0.2692307692307692,0.07692307692307693,0.4230769230769231,0.11538461538461539,0.48160372585802386,0,2
180,1,15000.0,15000.0,0.0,180,0.03888888888888889,0.0,0.0,0.0,0.0,1.0,0.0,6,6
5,2,70500.0,35250.0,19445.436482630055,163,0.08588957055214724,0.0,0.0,0.0,0.5,0.5,0.5516435881597179,4,5
8,20,779000.0,38950.0,22058.474919845972,181,0.7734806629834254,0.1,0.15,0.05,0.45,0.25,0.5663279825377656,0,2
5,19,772500.0,40657.89473684211,20340.881544031075,179,0.7430167597765363,0.15789473684210525,0.15789473684210525,0.15789473684210525,0.2631578947368421,0.2631578947368421,0.500293526649308,0,2
41,12,554500.0,46208.333333333336,33575.19263691663,158,0.5316455696202531,0.0,0.3333333333333333,0.08333333333333333,0.25,0.3333333333333333,0.7266047099062211,0,2
2,26,2411500.0,92750.0,38529.79366671979,164,1.1097560975609757,0.11538461538461539,0.038461538461538464,0.7307692307692307,0.07692307692307693,0.038461538461538464,0.41541556513983596,3,1
16,11,1029500.0,93590.90909090909,34866.75937179865,181,0.42541436464088395,0.0,0.09090909090909091,0.8181818181818182,0.09090909090909091,0.0,0.37254429634753294,3,1
47,1,11500.0,11500.0,0.0,47,0.14893617021276595,1.0,0.0,0.0,0.0,0.0,0.0,1,3
73,2,454000.0,227000.0,17677.66952966369,80,0.175,0.5,0.0,0.0,0.5,0.0,0.07787519616591934,4,5
2,18,13050500.0,725027.7777777778,532610.5373320398,177,0.711864406779661,0.05555555555555555,0.5,0.0,0.2777777777777778,0.16666666666666666,0.7346070780412027,5,0
3,16,926500.0,57906.25,52414.76215405987,170,0.6588235294117647,0.0,0.3125,0.0625,0.5,0.125,0.9051658871721079,0,2
2,15,9639000.0,642600.0,471330.94984916307,172,0.6104651162790697,0.0,0.4666666666666667,0.06666666666666667,0.2,0.26666666666666666,0.7334748674901386,5,0
4,17,797500.0,46911.76470588235,30770.94575961513,168,0.7083333333333334,0.058823529411764705,0.23529411764705882,0.17647058823529413,0.29411764705882354,0.23529411764705882,0.655932386098379,0,2
45,1,16500.0,16500.0,0.0,45,0.15555555555555556,0.0,0.0,0.0,0.0,1.0,0.0,6,6
70,2,54500.0,27250.0,15202.795795510772,172,0.0813953488372093,0.0,0.0,0.0,1.0,0.0,0.55790076313801,4,4
2,3,39500.0,13166.666666666666,5795.112883571237,135,0.15555555555555556,0.0,0.0,0.0,0.6666666666666666,0.3333333333333333,0.4401351557142712,4,5
177,1,17500.0,17500.0,0.0,177,0.03954802259887006,0.0,0.0,0.0,1.0,0.0,0.0,4,4
13,22,2132500.0,96931.81818181818,42895.858234562154,180,0.8555555555555555,0.0,0.13636363636363635,0.6363636363636364,0.09090909090909091,0.13636363636363635,0.44253640382666704,3,1
23,1,675000.0,675000.0,0.0,23,0.30434782608695654,1.0,0.0,0.0,0.0,0.0,0.0,1,3
25,2,512500.0,256250.0,133996.73503485075,122,0.11475409836065575,0.0,0.0,0.0,0.5,0.5,0.522914087940881,4,5
10,17,1772500.0,104264.70588235294,32799.63683443138,174,0.6839080459770115,0.058823529411764705,0.058823529411764705,0.5294117647058824,0.17647058823529413,0.17647058823529413,0.3145804379042784,3,1
11,19,13294500.0,699710.5263157894,871289.6143678422,180,0.7388888888888888,0.0,0.47368421052631576,0.15789473684210525,0.21052631578947367,0.15789473684210525,1.245214387377412,5,0
4,19,866500.0,45605.26315789474,37660.98000855366,182,0.7307692307692307,0.10526315789473684,0.3684210526315789,0.05263157894736842,0.3157894736842105,0.15789473684210525,0.8258033700663815,0,2
27,15,1385000.0,92333.33333333333,34998.80950356264,183,0.5737704918032787,0.0,0.06666666666666667,0.7333333333333333,0.0,0.2,0.37904847837793476,3,1
4,16,16739000.0,1046187.5,444820.25864387065,179,0.6256983240223464,0.125,0.375,0.25,0.0,0.25,0.4251821577335522,5,0
83,2,27000.0,13500.0,9192.388155425118,99,0.1414141414141414,0.0,0.0,0.0,0.5,0.5,0.6809176411426013,4,5
86,2,22000.0,11000.0,2828.42712474619,164,0.08536585365853659,0.5,0.0,0.0,0.0,0.5,0.25712973861329,1,3
128,4,41000.0,10250.0,2872.281323269014,178,0.15730337078651685,0.5,0.0,0.0,0.25,0.25,0.28022256812380625,1,3
23,15,1611500.0,107433.33333333333,35696.07154589317,180,0.5833333333333333,0.0,0.13333333333333333,0.8666666666666667,0.0,0.0,0.3322625337811962,3,1
1,17,15307500.0,900441.1764705882,661613.9093712657,175,0.68,0.058823529411764705,0.5882352941176471,0.0,0.17647058823529413,0.17647058823529413,0.7347663863669127,5,0
7,15,1587500.0,105833.33333333333,36589.25811660862,180,0.5833333333333333,0.06666666666666667,0.06666666666666667,0.6666666666666666,0.13333333333333333,0.06666666666666667,0.3457252735427586,3,1
10,4,79500.0,19875.0,7685.213074469699,84,0.3333333333333333,0.25,0.0,0.0,0.0,0.75,0.3866773873947018,6,5
2,20,28874032.11369797,1443701.6056848983,2709436.0852053463,178,0.7865168539325843,0.1,0.5,0.15,0.15,0.1,1.8767285944244538,5,0
37,1,11000.0,11000.0,0.0,37,0.1891891891891892,1.0,0.0,0.0,0.0,0.0,0.0,1,3
54,4,106000.0,26500.0,15911.211979816831,150,0.18666666666666668,0.0,0.25,0.0,0.0,0.75,0.6004230935779936,6,5
2,23,2654000.0,115391.30434782608,42561.17429432902,183,0.8797814207650273,0.0,0.17391304347826086,0.7391304347826086,0.043478260869565216,0.043478260869565216,0.36884212839848063,3,1
25,20,920500.0,46025.0,28243.525108001584,170,0.823529411764706,0.1,0.25,0.05,0.4,0.2,0.6136561674742332,0,2
57,2,170500.0,85250.0,39244.426355853386,102,0.13725490196078433,0.0,1.0,0.0,0.0,0.0,0.46034517719476115,2,5
4,1,11500.0,11500.0,0.0,4,1.75,0.0,0.0,0.0,0.0,1.0,0.0,6,6
6,19,2191500.0,115342.1052631579,48827.659690765366,181,0.7348066298342542,0.10526315789473684,0.05263157894736842,0.6842105263157895,0.0,0.15789473684210525,0.4233290139742377,3,1
12,18,2384000.0,132444.44444444444,53134.09476168565,179,0.7039106145251396,0.0,0.1111111111111111,0.7777777777777778,0.05555555555555555,0.05555555555555555,0.4011802456838682,3,1
16,16,2933018.6349416543,183313.6646838534,374686.9518727259,182,0.6153846153846154,0.0,0.125,0.5,0.25,0.125,2.0439662941598975,5,0
7,19,1994500.0,104973.68421052632,45525.16815644413,151,0.8807947019867549,0.10526315789473684,0.05263157894736842,0.7368421052631579,0.05263157894736842,0.05263157894736842,0.43368172222233065,3,1
8,5,36000.0,7200.0,3701.3511046643494,111,0.3153153153153153,0.6,0.0,0.2,0.2,0.0,0.514076542314493,1,3
5,22,12314000.0,559727.2727272727,351892.69628250273,182,0.8461538461538461,0.09090909090909091,0.4090909090909091,0.18181818181818182,0.09090909090909091,0.22727272727272727,0.628685993033544,5,0
3,21,2215000.0,105476.19047619047,36530.287499031605,157,0.9363057324840764,0.14285714285714285,0.047619047619047616,0.5238095238095238,0.09523809523809523,0.19047619047619047,0.3463368115032342,3,1
6,19,1787500.0,94078.94736842105,33823.9983665012,172,0.7732558139534883,0.05263157894736842,0.21052631578947367,0.5263157894736842,0.10526315789473684,0.10526315789473684,0.359527814804768,3,1
1,3,54500.0,18166.666666666668,4752.192476461085,157,0.1337579617834395,0.0,0.3333333333333333,0.0,0.6666666666666666,0.0,0.2615885766859313,4,5
69,4,80000.0,20000.0,13076.69683062202,175,0.16,0.0,0.5,0.0,0.25,0.25,0.653834841531101,2,5
41,1,13500.0,13500.0,0.0,41,0.17073170731707318,0.0,0.0,0.0,0.0,1.0,0.0,6,6
13,3,44500.0,14833.333333333334,2020.7259421636904,181,0.11602209944751381,0.3333333333333333,0.3333333333333333,0.0,0.0,0.3333333333333333,0.13622871520204655,1,3
104,1,12000.0,12000.0,0.0,104,0.0673076923076923,0.0,0.0,0.0,0.0,1.0,0.0,6,6
2,4,63000.0,15750.0,6357.41037425355,108,0.25925925925925924,0.5,0.0,0.0,0.25,0.25,0.4036451031272095,1,3
7,21,2246000.0,106952.38095238095,47472.071990251476,163,0.901840490797546,0.09523809523809523,0.14285714285714285,0.5238095238095238,0.047619047619047616,0.19047619047619047,0.4438617594814252,3,1
93,2,285728.8555015415,142864.42775077076,173756.5400583493,119,0.11764705882352941,0.5,0.5,0.0,0.0,0.0,1.216233759473494,2,5
17,1,32500.0,32500.0,0.0,17,0.411764705882353,0.0,0.0,0.0,1.0,0.0,0.0,4,4
2,2,20500.0,10250.0,1060.6601717798212,31,0.45161290322580644,0.0,0.0,0.0,1.0,0.0,0.10347904114925086,4,4
18,10,1006000.0,100600.0,60952.98734817406,174,0.40229885057471265,0.0,0.1,0.7,0.0,0.2,0.6058945064430821,3,1
3,19,829500.0,43657.89473684211,28435.625460355845,173,0.7687861271676301,0.05263157894736842,0.2631578947368421,0.10526315789473684,0.21052631578947367,0.3684210526315789,0.6513283710027258,0,2
2,16,11315000.0,707187.5,442865.0612771344,168,0.6666666666666666,0.0625,0.5,0.0625,0.125,0.25,0.6262342890352762,5,0
2,16,730000.0,45625.0,22168.67158852781,145,0.7724137931034483,0.1875,0.0625,0.125,0.25,0.375,0.48588869235129445,0,2
20,13,1538500.0,118346.15384615384,32238.29543117459,180,0.5055555555555555,0.0,0.15384615384615385,0.46153846153846156,0.23076923076923078,0.15384615384615385,0.2724067862237697,3,1
52,3,56500.0,18833.333333333332,16645.820296198483,119,0.17647058823529413,0.0,0.0,0.0,0.3333333333333333,0.6666666666666666,0.8838488652848753,6,5
6,4,27500.0,6875.0,3473.110997362451,176,0.1590909090909091,0.75,0.0,0.0,0.0,0.25,0.5051797814345383,1,3
70,1,15000.0,15000.0,0.0,70,0.1,0.0,1.0,0.0,0.0,0.0,0.0,2,6
5,18,12166000.0,675888.8888888889,507512.722400821,176,0.7159090909090909,0.05555555555555555,0.6111111111111112,0.16666666666666666,0.05555555555555555,0.1111111111111111,0.7508818842030888,5,0
84,1,12000.0,12000.0,0.0,84,0.08333333333333333,0.0,0.0,0.0,0.0,1.0,0.0,6,6
3,19,1920000.0,101052.63157894737,36652.60894793246,179,0.7430167597765363,0.15789473684210525,0.0,0.7894736842105263,0.05263157894736842,0.0,0.3627081093805816,3,1
5,23,15768500.0,685586.9565217391,388632.2944335427,175,0.92,0.0,0.5217391304347826,0.08695652173913043,0.13043478260869565,0.2608695652173913,0.5668606888398695,5,0
46,3,71500.0,23833.333333333332,17960.605038064095,167,0.12574850299401197,0.0,0.0,0.0,0.3333333333333333,0.6666666666666666,0.7535918197789131,6,5
72,3,50500.0,16833.333333333332,14109.689342197911,173,0.12138728323699421,0.0,0.3333333333333333,0.0,0.0,0.6666666666666666,0.8381993668632423,6,5
12,20,893000.0,44650.0,29561.310062843615,180,0.7777777777777778,0.05,0.25,0.2,0.25,0.25,0.6620674146213575,0,2
13,12,537500.0,44791.666666666664,37684.97309233081,167,0.5029940119760479,0.08333333333333333,0.3333333333333333,0.16666666666666666,0.25,0.16666666666666666,0.8413389341543623,0,2
26,1,3500.0,3500.0,0.0,26,0.2692307692307692,1.0,0.0,0.0,0.0,0.0,0.0,1,3
44,3,81500.0,27166.666666666668,8220.908303425684,141,0.14893617021276595,0.0,0.0,0.0,0.0,1.0,0.30261012159849143,6,5
4,19,741000.0,39000.0,23025.348350604094,154,0.8636363636363636,0.0,0.2631578947368421,0.05263157894736842,0.3157894736842105,0.3684210526315789,0.5903935474513871,0,2
55,2,11000.0,5500.0,707.1067811865476,98,0.14285714285714285,1.0,0.0,0.0,0.0,0.0,0.128564869306645,1,3
3,14,925363.8299543046,66097.41642530747,125586.46569759194,178,0.550561797752809,0.0,0.21428571428571427,0.21428571428571427,0.5,0.07142857142857142,1.9000207949051882,0,0
17,1,22000.0,22000.0,0.0,17,0.411764705882353,1.0,0.0,0.0,0.0,0.0,0.0,1,3
19,14,1750000.0,125000.0,48791.55034035488,180,0.5444444444444444,0.07142857142857142,0.0,0.7142857142857143,0.14285714285714285,0.07142857142857142,0.39033240272283903,3,1
71,2,13000.0,6500.0,4242.640687119285,78,0.1794871794871795,0.5,0.0,0.0,0.5,0.0,0.6527139518645053,4,3
3,23,2523500.0,109717.39130434782,53342.97817105924,183,0.8797814207650273,0.0,0.043478260869565216,0.9130434782608695,0.0,0.043478260869565216,0.4861852577508867,3,1
2,17,11538000.0,678705.8823529412,511545.6986802208,183,0.6502732240437159,0.058823529411764705,0.7058823529411765,0.11764705882352941,0.058823529411764705,0.058823529411764705,0.7537074776879662,5,0
107,2,10500.0,5250.0,353.5533905932738,132,0.10606060606060606,0.5,0.0,0.0,0.5,0.0,0.06734350297014739,4,3
11,19,799000.0,42052.63157894737,17710.554556254257,182,0.7307692307692307,0.05263157894736842,0.15789473684210525,0.10526315789473684,0.3684210526315789,0.3157894736842105,0.42115211084960064,0,2
88,3,18500.0,6166.666666666667,3403.4296427770228,180,0.11666666666666667,0.6666666666666666,0.0,0.3333333333333333,0.0,0.0,0.5519075096395172,1,3
14,3,292500.0,97500.0,41716.303767232304,160,0.13125,0.0,0.0,0.3333333333333333,0.0,0.6666666666666666,0.4278595258177672,6,5
136,3,19500.0,6500.0,1000.0,166,0.12650602409638553,1.0,0.0,0.0,0.0,0.0,0.15384615384615385,1,3
45,4,55000.0,13750.0,3883.7267325770144,121,0.23140495867768596,0.0,0.0,0.0,0.25,0.75,0.2824528532783283,6,5
17,12,736076.9898462261,61339.74915385217,91894.40039680175,145,0.5793103448275861,0.25,0.0,0.25,0.25,0.25,1.498121555181331,0,0
9,14,1587000.0,113357.14285714286,44624.255465208334,167,0.5868263473053892,0.0,0.07142857142857142,0.5714285714285714,0.14285714285714285,0.21428571428571427,0.3936607287415984,3,1
30,18,14828500.0,823805.5555555555,626253.5931302086,183,0.6885245901639344,0.0,0.5,0.05555555555555555,0.2222222222222222,0.2222222222222222,0.7601958847047074,5,0
2,17,9855000.0,579705.8823529412,344359.0086497452,175,0.68,0.0,0.5294117647058824,0.11764705882352941,0.11764705882352941,0.23529411764705882,0.5940236577418232,5,0
37,4,36000.0,9000.0,1080.1234497346434,183,0.15300546448087432,1.0,0.0,0.0,0.0,0.0,0.12001371663718259,1,3
5,26,2632000.0,101230.76923076923,40260.211318181326,182,1.0,0.07692307692307693,0.11538461538461539,0.6153846153846154,0.11538461538461539,0.07692307692307693,0.3977072546628854,3,1
2,2,51500.0,25750.0,24395.18395093589,20,0.7,0.0,0.5,0.0,0.5,0.0,0.9473857845023647,0,5
28,2,17000.0,8500.0,4949.747468305833,148,0.0945945945945946,0.0,0.0,0.0,0.5,0.5,0.5823232315653921,4,5
13,19,774500.0,40763.15789473684,20822.9096730371,155,0.8580645161290322,0.05263157894736842,0.05263157894736842,0.05263157894736842,0.7368421052631579,0.10526315789473684,0.5108267059879986,0,2
5,15,752500.0,50166.666666666664,37756.10956552343,182,0.5769230769230769,0.0,0.26666666666666666,0.2,0.4,0.13333333333333333,0.7526134797114306,0,2
2,15,635500.0,42366.666666666664,25437.22431698044,163,0.6441717791411044,0.0,0.26666666666666666,0.06666666666666667,0.5333333333333333,0.13333333333333333,0.6004065535085863,0,2
102,1,185000.0,185000.0,0.0,102,0.06862745098039216,0.0,0.0,0.0,0.0,1.0,0.0,6,6
1,18,1639500.0,91083.33333333333,37538.31376074316,179,0.7039106145251396,0.0,0.16666666666666666,0.6111111111111112,0.1111111111111111,0.1111111111111111,0.4121315325973632,3,1
4,21,12654500.0,602595.2380952381,549100.9155667021,172,0.8546511627906976,0.09523809523809523,0.47619047619047616,0.09523809523809523,0.047619047619047616,0.2857142857142857,0.9112267752104584,5,0
101,2,28500.0,14250.0,3889.0872965260114,121,0.11570247933884298,0.0,0.0,0.0,0.5,0.5,0.2729184067737552,4,5
23,15,1492500.0,99500.0,30723.420568494184,170,0.6176470588235294,0.0,0.06666666666666667,0.7333333333333333,0.0,0.2,0.3087780961657707,3,1
35,2,424000.0,212000.0,98994.94936611665,142,0.09859154929577466,0.0,0.5,0.0,0.0,0.5,0.4669573083307389,2,5
5,2,378500.0,189250.0,144603.33675264896,56,0.25,0.0,0.0,0.0,0.5,0.5,0.7640863236599681,4,5
3,15,16161500.0,1077433.3333333333,1120071.9821681532,175,0.6,0.06666666666666667,0.7333333333333333,0.06666666666666667,0.06666666666666667,0.06666666666666667,1.0395742803899575,5,0
118,2,240500.0,120250.0,73185.55185280766,170,0.08235294117647059,0.0,0.0,0.0,0.0,1.0,0.6086116578196064,6,5
9,30,22467500.0,748916.6666666666,517922.7422637695,179,1.1731843575418994,0.1,0.4,0.16666666666666666,0.1,0.23333333333333334,0.6915625800784727,5,0
21,20,14539500.0,726975.0,558731.8930305247,170,0.823529411764706,0.05,0.5,0.05,0.3,0.1,0.7685709866646373,5,0
76,1,81500.0,81500.0,0.0,76,0.09210526315789473,1.0,0.0,0.0,0.0,0.0,0.0,1,3
68,7,94500.0,13500.0,4444.097208657794,180,0.2722222222222222,0.14285714285714285,0.14285714285714285,0.14285714285714285,0.5714285714285714,0.0,0.3291923858265033,4,5
21,3,60000.0,20000.0,12216.791722870616,151,0.1390728476821192,0.0,0.3333333333333333,0.0,0.6666666666666666,0.0,0.6108395861435307,4,5
4,3,47500.0,15833.333333333334,8607.167555783572,40,0.525,0.3333333333333333,0.0,0.0,0.6666666666666666,0.0,0.5436105824705414,4,3
22,17,12513000.0,736058.8235294118,505254.97530804126,173,0.6878612716763005,0.058823529411764705,0.5882352941176471,0.11764705882352941,0.11764705882352941,0.11764705882352941,0.6864328762276594,5,0
42,11,8062000.0,732909.0909090909,636354.4931161333,172,0.4476744186046511,0.0,0.45454545454545453,0.2727272727272727,0.09090909090909091,0.18181818181818182,0.8682584252390804,5,0
2,17,1633000.0,96058.82352941176,31568.81488953001,175,0.68,0.0,0.058823529411764705,0.7058823529411765,0.17647058823529413,0.058823529411764705,0.3286404489418311,3,1
68,1,6000.0,6000.0,0.0,68,0.10294117647058824,0.0,0.0,0.0,0.0,1.0,0.0,6,6
19,1,21000.0,21000.0,0.0,19,0.3684210526315789,0.0,0.0,0.0,1.0,0.0,0.0,4,4
56,1,129000.0,129000.0,0.0,56,0.125,0.0,0.0,0.0,0.0,1.0,0.0,6,6
1,3,35500.0,11833.333333333334,3511.8845842842466,148,0.14189189189189189,0.0,0.0,0.0,0.3333333333333333,0.6666666666666666,0.2967789789535983,6,5
18,5,34500.0,6900.0,3380.088756231114,99,0.35353535353535354,1.0,0.0,0.0,0.0,0.0,0.4898679356856687,1,3
151,1,14000.0,14000.0,0.0,151,0.04635761589403973,0.0,1.0,0.0,0.0,0.0,0.0,2,6
4,14,15498000.0,1107000.0,898379.7595158143,143,0.6853146853146853,0.07142857142857142,0.5,0.07142857142857142,0.14285714285714285,0.21428571428571427,0.811544498207601,5,0
8,11,5890500.0,535500.0,386779.9762138676,176,0.4375,0.09090909090909091,0.5454545454545454,0.09090909090909091,0.18181818181818182,0.09090909090909091,0.7222782002126379,5,0
74,1,574000.0,574000.0,0.0,74,0.0945945945945946,0.0,0.0,0.0,0.0,1.0,0.0,6,6
6,26,1211000.0,46576.92307692308,22886.542905249935,169,1.0769230769230769,0.038461538461538464,0.2692307692307692,0.07692307692307693,0.4230769230769231,0.19230769230769232,0.4913708633662249,0,2
56,2,20500.0,10250.0,3889.0872965260114,159,0.0880503144654088,0.5,0.0,0.0,0.0,0.5,0.3794231508805865,1,3
3,24,16294000.0,678916.6666666666,355844.94262024545,176,0.9545454545454546,0.0,0.6666666666666666,0.08333333333333333,0.08333333333333333,0.16666666666666666,0.5241364074435922,5,0
1,14,7770500.0,555035.7142857143,473339.3019602532,174,0.5632183908045977,0.07142857142857142,0.5,0.0,0.14285714285714285,0.2857142857142857,0.8528087288390123,5,0
14,18,14789500.0,821638.8888888889,648697.786192043,169,0.7455621301775148,0.05555555555555555,0.6111111111111112,0.16666666666666666,0.1111111111111111,0.05555555555555555,0.7895168972214595,5,0
3,18,845500.0,46972.22222222222,42168.24572723435,178,0.7078651685393259,0.1111111111111111,0.2777777777777778,0.16666666666666666,0.3333333333333333,0.1111111111111111,0.8977272892847054,0,2
3,19,11170500.0,587921.052631579,285595.78385260864,182,0.7307692307692307,0.05263157894736842,0.5263157894736842,0.2631578947368421,0.10526315789473684,0.05263157894736842,0.48577233724538416,5,0
136,2,35000.0,17500.0,7778.174593052023,176,0.07954545454545454,0.0,0.0,0.0,0.5,0.5,0.44446711960297275,4,5
119,3,39500.0,13166.666666666666,2362.907813126304,168,0.125,0.0,0.0,0.0,0.3333333333333333,0.6666666666666666,0.17946135289566867,6,5
5,14,1303500.0,93107.14285714286,58774.39872133908,167,0.5868263473053892,0.07142857142857142,0.21428571428571427,0.5714285714285714,0.07142857142857142,0.07142857142857142,0.6312555290362464,3,1
7,14,9049000.0,646357.1428571428,280210.3899525545,165,0.5939393939393939,0.0,0.7142857142857143,0.07142857142857142,0.0,0.21428571428571427,0.4335225394337234,5,0
6,19,1175946.7542749504,61891.934435523704,83418.93518636718,183,0.726775956284153,0.15789473684210525,0.2631578947368421,0.15789473684210525,0.3157894736842105,0.10526315789473684,1.347815930252905,0,2
9,16,519500.0,32468.75,16818.113994539737,154,0.7272727272727273,0.0625,0.1875,0.0,0.625,0.125,0.5179784868385675,0,2
22,16,625500.0,39093.75,25350.357492548308,171,0.6549707602339182,0.1875,0.125,0.125,0.3125,0.25,0.6484503914960399,0,2
1,17,811500.0,47735.294117647056,32191.379691939084,151,0.7880794701986754,0.17647058823529413,0.11764705882352941,0.17647058823529413,0.35294117647058826,0.17647058823529413,0.6743727107368632,0,2
10,14,1281500.0,91535.71428571429,36655.60314274261,168,0.5833333333333334,0.14285714285714285,0.14285714285714285,0.5714285714285714,0.07142857142857142,0.07142857142857142,0.40045138041232664,3,1
4,21,715000.0,34047.619047619046,18660.054100875997,173,0.8497109826589595,0.19047619047619047,0.3333333333333333,0.047619047619047616,0.23809523809523808,0.19047619047619047,0.5480575330327216,0,2
7,2,195000.0,97500.0,72831.9984622144,57,0.2456140350877193,0.0,0.5,0.5,0.0,0.0,0.7469948560227118,2,5
6,2,47500.0,23750.0,11667.261889578034,22,0.6363636363636364,0.0,0.0,0.0,1.0,0.0,0.49125313219275935,4,4
11,15,667000.0,44466.666666666664,36158.118366551156,179,0.5865921787709497,0.06666666666666667,0.3333333333333333,0.06666666666666667,0.26666666666666666,0.26666666666666666,0.8131510877035493,0,2
3,1,88500.0,88500.0,0.0,3,2.3333333333333335,0.0,1.0,0.0,0.0,0.0,0.0,2,6
7,3,61000.0,20333.333333333332,13156.113914577258,101,0.2079207920792079,0.0,0.0,0.0,0.3333333333333333,0.6666666666666666,0.6470219957988815,6,5
32,5,109000.0,21800.0,16935.908596824676,170,0.2058823529411765,0.0,0.2,0.2,0.2,0.4,0.7768765411387466,0,5
34,3,22500.0,7500.0,2783.882181415011,162,0.12962962962962962,1.0,0.0,0.0,0.0,0.0,0.3711842908553348,1,3
127,1,5500.0,5500.0,0.0,127,0.05511811023622047,1.0,0.0,0.0,0.0,0.0,0.0,1,3
10,22,2491500.0,113250.0,48671.334577180125,179,0.8603351955307262,0.18181818181818182,0.13636363636363635,0.4090909090909091,0.18181818181818182,0.09090909090909091,0.42976895873889737,3,1
11,15,466000.0,31066.666666666668,15106.605303956407,152,0.6907894736842105,0.0,0.26666666666666666,0.26666666666666666,0.06666666666666667,0.4,0.48626411922606455,0,2
1,19,22208909.7095057,1168889.9847108263,2524405.837843593,182,0.7307692307692307,0.10526315789473684,0.631578947368421,0.0,0.10526315789473684,0.15789473684210525,2.1596607643687786,5,0
27,5,23000.0,4600.0,1635.5427233796127,156,0.22435897435897437,0.6,0.0,0.2,0.0,0.2,0.35555276595208973,1,3
37,4,34500.0,8625.0,3614.20807370024,121,0.23140495867768596,0.75,0.0,0.25,0.0,0.0,0.41903861724060754,1,3
3,20,883500.0,44175.0,26499.888281790332,182,0.7692307692307693,0.2,0.0,0.2,0.3,0.3,0.5998842848169854,0,2
94,1,10500.0,10500.0,0.0,94,0.07446808510638298,0.0,1.0,0.0,0.0,0.0,0.0,2,6
56,1,12000.0,12000.0,0.0,56,0.125,0.0,1.0,0.0,0.0,0.0,0.0,2,6
6,19,732000.0,38526.31578947369,17375.328681312065,170,0.7823529411764706,0.21052631578947367,0.05263157894736842,0.2631578947368421,0.3157894736842105,0.15789473684210525,0.4509989685040017,0,2
3,25,2751000.0,110040.0,49311.915395774275,152,1.151315789473684,0.08,0.04,0.64,0.12,0.12,0.44812718462172185,3,1
83,3,62000.0,20666.666666666668,16002.603954773527,124,0.1693548387096774,0.3333333333333333,0.0,0.0,0.0,0.6666666666666666,0.774319546198719,6,3
100,2,47000.0,23500.0,16970.56274847714,156,0.08974358974358974,0.0,0.0,0.0,0.5,0.5,0.7221516063181761,4,5
7,14,810000.0,57857.142857142855,39194.99014857961,171,0.5730994152046784,0.14285714285714285,0.35714285714285715,0.07142857142857142,0.35714285714285715,0.07142857142857142,0.6774442741729809,0,2
3,18,11093500.0,616305.5555555555,370394.23110775964,180,0.7,0.0,0.6666666666666666,0.16666666666666666,0.1111111111111111,0.05555555555555555,0.6009912254869675,5,0
17,16,529500.0,33093.75,22775.878138943404,155,0.7225806451612904,0.0,0.25,0.0625,0.25,0.4375,0.6882229465969678,0,2
171,1,9500.0,9500.0,0.0,171,0.04093567251461989,0.0,0.0,0.0,1.0,0.0,0.0,4,4
43,27,1028500.0,38092.59259259259,18630.01973503075,177,1.0677966101694916,0.07407407407407407,0.37037037037037035,0.14814814814814814,0.3333333333333333,0.07407407407407407,0.48907198137659724,0,2
63,4,32000.0,8000.0,2483.27740429189,166,0.1686746987951807,1.0,0.0,0.0,0.0,0.0,0.31040967553648624,1,3
4,23,797000.0,34652.17391304348,18415.923681946788,183,0.8797814207650273,0.08695652173913043,0.30434782608695654,0.043478260869565216,0.34782608695652173,0.21739130434782608,0.5314507461540479,0,2
4,19,15103500.0,794921.052631579,592754.4288029379,177,0.7514124293785311,0.0,0.5263157894736842,0.15789473684210525,0.2631578947368421,0.05263157894736842,0.745677104462927,5,0
9,19,821500.0,43236.84210526316,39050.66809111687,164,0.8109756097560976,0.21052631578947367,0.15789473684210525,0.05263157894736842,0.3157894736842105,0.2631578947368421,0.9031803940733056,0,2
10,13,656000.0,50461.53846153846,38304.95047339483,167,0.5449101796407185,0.07692307692307693,0.46153846153846156,0.07692307692307693,0.23076923076923078,0.15384615384615385,0.7590920063325195,0,2
174,1,6500.0,6500.0,0.0,174,0.040229885057471264,1.0,0.0,0.0,0.0,0.0,0.0,1,3
14,14,637000.0,45500.0,22380.45163495624,168,0.5833333333333334,0.21428571428571427,0.2857142857142857,0.0,0.35714285714285715,0.14285714285714285,0.49187805791112615,0,2
3,8,381500.0,47687.5,21553.815538918258,169,0.33136094674556216,0.125,0.25,0.0,0.125,0.5,0.45198040448583504,0,2
8,18,16280000.0,904444.4444444445,987931.988741677,169,0.7455621301775148,0.05555555555555555,0.7777777777777778,0.0,0.05555555555555555,0.1111111111111111,1.0923080956603308,5,0
1,14,1501000.0,107214.28571428571,37588.72288216358,164,0.5975609756097562,0.0,0.07142857142857142,0.8571428571428571,0.0,0.07142857142857142,0.3505943506664158,3,1
2,19,702000.0,36947.36842105263,14554.394846805726,180,0.7388888888888888,0.10526315789473684,0.15789473684210525,0.15789473684210525,0.3684210526315789,0.21052631578947367,0.393922367648588,0,2
84,3,28500.0,9500.0,3122.4989991991993,178,0.11797752808988765,0.0,0.0,0.0,0.6666666666666666,0.3333333333333333,0.3286841051788631,4,5
23,20,16302500.0,815125.0,461187.8220821123,171,0.8187134502923977,0.1,0.6,0.1,0.15,0.05,0.5657878510438428,5,0
27,2,26500.0,13250.0,4596.194077712559,170,0.08235294117647059,0.0,0.0,0.5,0.5,0.0,0.34688257190283467,4,5
37,2,47000.0,23500.0,14142.13562373095,105,0.13333333333333333,0.0,0.0,0.0,0.5,0.5,0.6017930052651468,4,5
2,16,667500.0,41718.75,35763.56094779527,174,0.6436781609195402,0.25,0.25,0.0625,0.25,0.1875,0.8572538953778641,0,2
20,2,25500.0,12750.0,1060.6601717798212,132,0.10606060606060606,0.0,0.0,0.0,0.0,1.0,0.08318903308077029,6,5
8,15,11014500.0,734300.0,525315.3066764488,153,0.6862745098039216,0.06666666666666667,0.6,0.06666666666666667,0.2,0.06666666666666667,0.7153960325159319,5,0
12,5,34000.0,6800.0,3784.8381735551125,153,0.22875816993464052,0.8,0.0,0.2,0.0,0.0,0.5565938490522224,1,3
30,3,16500.0,5500.0,1500.0,162,0.12962962962962962,0.3333333333333333,0.0,0.3333333333333333,0.0,0.3333333333333333,0.2727272727272727,1,3
144,3,23000.0,7666.666666666667,1527.5252316519468,180,0.11666666666666667,1.0,0.0,0.0,0.0,0.0,0.19924242151981914,1,3
17,5,102500.0,20500.0,7202.4301454439665,177,0.1977401129943503,0.0,0.0,0.0,0.2,0.8,0.3513380558753154,6,5
9,17,614500.0,36147.05882352941,21043.678315798872,182,0.6538461538461539,0.058823529411764705,0.29411764705882354,0.17647058823529413,0.23529411764705882,0.23529411764705882,0.5821684806648996,0,2
69,1,15500.0,15500.0,0.0,69,0.10144927536231883,1.0,0.0,0.0,0.0,0.0,0.0,1,3
17,1,9500.0,9500.0,0.0,17,0.411764705882353,0.0,0.0,0.0,1.0,0.0,0.0,4,4
12,15,446000.0,29733.333333333332,18604.786890424068,173,0.6069364161849711,0.13333333333333333,0.2,0.06666666666666667,0.26666666666666666,0.3333333333333333,0.6257215321891503,0,2
7,19,905500.0,47657.89473684211,22611.484687345983,175,0.76,0.21052631578947367,0.10526315789473684,0.0,0.42105263157894735,0.2631578947368421,0.47445412375436075,0,2
3,20,13795500.0,689775.0,509990.1050381685,175,0.8,0.05,0.65,0.15,0.0,0.15,0.7393571889937567,5,0
19,2,33000.0,16500.0,2828.42712474619,49,0.2857142857142857,0.0,0.0,0.5,0.0,0.5,0.17141982574219333,6,5
4,14,735000.0,52500.0,32888.506292530925,169,0.5798816568047337,0.14285714285714285,0.21428571428571427,0.21428571428571427,0.14285714285714285,0.2857142857142857,0.626447738905351,0,2
23,17,1805500.0,106205.88235294117,26930.500148257444,181,0.6574585635359116,0.0,0.058823529411764705,0.7647058823529411,0.058823529411764705,0.11764705882352941,0.2535688188980208,3,1
11,3,54000.0,18000.0,9848.857801796104,140,0.15,0.6666666666666666,0.0,0.0,0.0,0.3333333333333333,0.5471587667664503,1,3
148,2,204500.0,102250.0,22273.863607376246,166,0.08433734939759036,0.0,0.5,0.0,0.0,0.5,0.21783729689365522,2,5
5,3,48000.0,16000.0,3968.6269665968857,147,0.14285714285714285,0.6666666666666666,0.0,0.0,0.3333333333333333,0.0,0.24803918541230535,1,3
3,18,11970500.0,665027.7777777778,440056.963967107,165,0.7636363636363636,0.0,0.5555555555555556,0.2222222222222222,0.16666666666666666,0.05555555555555555,0.6617121549983649,5,0
3,22,1568827.1232337789,71310.32378335358,131770.12500342508,177,0.8700564971751413,0.045454545454545456,0.2727272727272727,0.09090909090909091,0.4090909090909091,0.18181818181818182,1.8478407895573883,0,0
19,19,19784000.0,1041263.1578947369,820764.4195846579,178,0.7471910112359551,0.15789473684210525,0.5263157894736842,0.05263157894736842,0.15789473684210525,0.10526315789473684,0.788239181768525,5,0
7,15,813000.0,54200.0,30912.7805284481,170,0.6176470588235294,0.06666666666666667,0.3333333333333333,0.2,0.13333333333333333,0.26666666666666666,0.5703465042149096,0,2
1,21,719500.0,34261.90476190476,15098.52562969233,178,0.8258426966292135,0.047619047619047616,0.3333333333333333,0.19047619047619047,0.14285714285714285,0.2857142857142857,0.44067969176308397,0,2
11,12,1200000.0,100000.0,48897.38792056837,158,0.5316455696202531,0.0,0.16666666666666666,0.75,0.0,0.08333333333333333,0.4889738792056837,3,1
29,1,22500.0,22500.0,0.0,29,0.24137931034482757,0.0,0.0,0.0,0.0,1.0,0.0,6,6
29,20,772500.0,38625.0,18206.32842549101,173,0.8092485549132947,0.05,0.55,0.0,0.25,0.15,0.4713612537343951,0,2
11,6,38000.0,6333.333333333333,2620.4325342711395,180,0.23333333333333334,0.8333333333333334,0.0,0.0,0.0,0.16666666666666666,0.4137525054112326,1,3
12,12,539000.0,44916.666666666664,30793.914196073736,182,0.46153846153846156,0.25,0.25,0.08333333333333333,0.16666666666666666,0.25,0.6855787947177827,0,2
68,9,6751000.0,750111.1111111111,337411.6345224496,141,0.4468085106382979,0.2222222222222222,0.4444444444444444,0.1111111111111111,0.0,0.2222222222222222,0.44981554002400326,5,0
23,20,10054500.0,502725.0,344525.2062812791,181,0.7734806629834254,0.0,0.55,0.2,0.2,0.05,0.6853154433960498,5,0
110,2,32500.0,16250.0,1060.6601717798212,117,0.11965811965811965,0.0,0.0,0.0,0.5,0.5,0.06527139518645053,4,5
1,17,10318500.0,606970.5882352941,383645.770478292,172,0.6918604651162791,0.058823529411764705,0.5294117647058824,0.0,0.23529411764705882,0.17647058823529413,0.6320664920415724,5,0
5,23,1022000.0,44434.782608695656,22398.91654635538,179,0.8994413407821229,0.08695652173913043,0.21739130434782608,0.08695652173913043,0.391304347826087,0.21739130434782608,0.5040852060334381,0,2
17,19,1927000.0,101421.05263157895,45942.07196686047,179,0.7430167597765363,0.0,0.05263157894736842,0.631578947368421,0.05263157894736842,0.2631578947368421,0.45298358452016035,3,1
110,1,11000.0,11000.0,0.0,110,0.06363636363636364,0.0,0.0,0.0,0.0,1.0,0.0,6,6
1,12,488000.0,40666.666666666664,16979.042340128573,177,0.4745762711864407,0.08333333333333333,0.4166666666666667,0.0,0.25,0.25,0.4175174345933256,0,2
101,2,26500.0,13250.0,1060.6601717798212,101,0.1386138613861386,0.0,0.0,0.5,0.5,0.0,0.08004982428526952,4,5
130,3,25000.0,8333.333333333334,5299.3710318615485,163,0.12883435582822086,1.0,0.0,0.0,0.0,0.0,0.6359245238233858,1,3
34,1,227500.0,227500.0,0.0,34,0.2058823529411765,0.0,0.0,0.0,0.0,1.0,0.0,6,6
41,3,32500.0,10833.333333333334,4907.47728811182,131,0.16030534351145037,0.3333333333333333,0.0,0.0,0.3333333333333333,0.3333333333333333,0.4529979035180141,4,3
3,19,1833500.0,96500.0,32757.526700829472,172,0.7732558139534883,0.0,0.15789473684210525,0.6842105263157895,0.10526315789473684,0.05263157894736842,0.33945623524175617,3,1
5,18,1926500.0,107027.77777777778,38550.75806923151,178,0.7078651685393259,0.05555555555555555,0.0,0.7222222222222222,0.05555555555555555,0.16666666666666666,0.36019395029647916,3,1
11,17,12730500.0,748852.9411764706,569123.4149084528,182,0.6538461538461539,0.0,0.47058823529411764,0.0,0.23529411764705882,0.29411764705882354,0.7599935629742506,5,0
3,3,23000.0,7666.666666666667,2362.907813126304,139,0.1510791366906475,1.0,0.0,0.0,0.0,0.0,0.3082053669295179,1,3
23,15,9736000.0,649066.6666666666,701517.1025984293,181,0.580110497237569,0.0,0.5333333333333333,0.2,0.06666666666666667,0.2,1.0808090118094125,5,0
22,2,34000.0,17000.0,11313.70849898476,24,0.5833333333333334,0.0,0.5,0.0,0.0,0.5,0.6655122646461624,2,5
1,22,2286000.0,103909.09090909091,33406.10022836447,174,0.8850574712643678,0.09090909090909091,0.045454545454545456,0.5909090909090909,0.13636363636363635,0.13636363636363635,0.32149352800700715,3,1
25,14,13964000.0,997428.5714285715,507620.46153305616,177,0.5536723163841808,0.0,0.5,0.07142857142857142,0.21428571428571427,0.21428571428571427,0.50892913645537,5,0
26,16,709000.0,44312.5,23908.070464454748,182,0.6153846153846154,0.125,0.0625,0.0625,0.4375,0.3125,0.5395333250088519,0,2
67,1,24000.0,24000.0,0.0,67,0.1044776119402985,0.0,0.0,0.0,0.0,1.0,0.0,6,6
33,4,75000.0,18750.0,15261.607604268518,148,0.1891891891891892,0.0,0.0,0.0,0.25,0.75,0.8139524055609876,6,5
25,2,489000.0,244500.0,196575.68516986023,82,0.17073170731707318,0.0,0.0,0.0,0.5,0.5,0.8039905323920664,4,5
21,2,56000.0,28000.0,16970.56274847714,59,0.23728813559322035,0.0,0.0,0.0,0.0,1.0,0.6060915267313264,6,5
110,2,423500.0,211750.0,153795.72490807407,164,0.08536585365853659,0.0,0.0,0.5,0.5,0.0,0.7263080279011762,4,5
1,3,57000.0,19000.0,4769.696007084728,120,0.17500000000000002,0.0,0.0,0.0,0.6666666666666666,0.3333333333333333,0.2510366319518278,4,5
82,1,90500.0,90500.0,0.0,82,0.08536585365853659,0.0,0.0,1.0,0.0,0.0,0.0,2,6
11,16,703500.0,43968.75,31008.852902571765,177,0.632768361581921,0.125,0.125,0.0625,0.375,0.3125,0.7052475429156336,0,2
17,3,24500.0,8166.666666666667,3785.9388972001825,151,0.1390728476821192,0.6666666666666666,0.0,0.0,0.3333333333333333,0.0,0.463584354759206,1,3
2,17,13784500.0,810852.9411764706,526501.2097773934,177,0.672316384180791,0.11764705882352941,0.4117647058823529,0.058823529411764705,0.23529411764705882,0.17647058823529413,0.6493177529990705,5,0
27,2,21500.0,10750.0,3889.0872965260114,29,0.48275862068965514,0.0,0.5,0.0,0.0,0.5,0.36177556246753595,6,5
48,3,44500.0,14833.333333333334,8948.929172439199,167,0.12574850299401197,0.0,0.3333333333333333,0.0,0.3333333333333333,0.3333333333333333,0.6032985958947774,4,5
56,4,95500.0,23875.0,8891.70962188937,168,0.16666666666666666,0.0,0.25,0.0,0.25,0.5,0.3724276281419631,6,5
42,2,43000.0,21500.0,9899.494936611665,81,0.1728395061728395,0.0,0.0,0.0,0.0,1.0,0.4604416249586821,6,5
7,18,2361500.0,131194.44444444444,78833.99141623097,183,0.6885245901639344,0.1111111111111111,0.1111111111111111,0.5555555555555556,0.05555555555555555,0.16666666666666666,0.6008942813856267,3,1
125,2,10000.0,5000.0,0.0,180,0.07777777777777778,0.5,0.0,0.0,0.5,0.0,0.0,1,3
6,17,3411485.3762187837,200675.6103658108,352267.25917943736,183,0.6502732240437159,0.058823529411764705,0.0,0.7647058823529411,0.058823529411764705,0.11764705882352941,1.755406441955207,3,0
3,28,23937500.0,854910.7142857143,542047.8496981921,181,1.0828729281767955,0.03571428571428571,0.6428571428571429,0.10714285714285714,0.17857142857142858,0.03571428571428571,0.6340403046078069,5,0
23,2,24500.0,12250.0,353.5533905932738,164,0.08536585365853659,0.0,0.0,0.0,0.5,0.5,0.02886150127292031,4,5
10,1,479500.0,479500.0,0.0,10,0.7,0.0,0.0,0.0,1.0,0.0,0.0,4,4
160,2,480000.0,240000.0,154149.27829866737,168,0.08333333333333333,0.0,0.5,0.0,0.0,0.5,0.6422886595777807,2,5
109,1,13500.0,13500.0,0.0,109,0.06422018348623854,0.0,0.0,0.0,1.0,0.0,0.0,4,4
48,2,14500.0,7250.0,2474.8737341529163,61,0.2295081967213115,1.0,0.0,0.0,0.0,0.0,0.3413618943659195,1,3
57,2,53000.0,26500.0,17677.66952966369,62,0.22580645161290322,0.0,0.0,0.0,1.0,0.0,0.6670818690439129,4,4
95,1,209000.0,209000.0,0.0,95,0.0736842105263158,0.0,1.0,0.0,0.0,0.0,0.0,2,6
68,5,29500.0,5900.0,1635.5427233796127,156,0.22435897435897437,0.6,0.0,0.0,0.4,0.0,0.2772106310812903,1,3
5,20,2328500.0,116425.0,48589.92612726049,182,0.7692307692307693,0.05,0.05,0.7,0.1,0.1,0.41734959095778823,3,1
1,27,1182000.0,43777.77777777778,28446.756383073778,183,1.0327868852459017,0.14814814814814814,0.2962962962962963,0.07407407407407407,0.2962962962962963,0.18518518518518517,0.6497990036742741,0,2
2,12,7361500.0,613458.3333333334,295675.302434439,141,0.5957446808510638,0.0,0.6666666666666666,0.0,0.08333333333333333,0.25,0.48198106761030607,5,0
17,18,713500.0,39638.88888888889,28563.03944299735,160,0.7875,0.0,0.3333333333333333,0.05555555555555555,0.3333333333333333,0.2777777777777778,0.7205812333201854,0,2
4,2,209000.0,104500.0,103944.69683442249,43,0.3255813953488372,0.0,0.5,0.0,0.5,0.0,0.9946860941093061,0,5
62,3,42500.0,14166.666666666666,8693.86757049665,111,0.18918918918918917,0.0,0.0,0.0,0.0,1.0,0.6136847696821165,6,5
2,17,1755500.0,103264.70588235294,36923.95802823132,176,0.6761363636363636,0.0,0.058823529411764705,0.7058823529411765,0.11764705882352941,0.11764705882352941,0.35756609882081025,3,1
75,3,21000.0,7000.0,2645.7513110645905,180,0.11666666666666667,1.0,0.0,0.0,0.0,0.0,0.3779644730092272,1,3
14,17,798500.0,46970.58823529412,35847.10177800087,166,0.716867469879518,0.058823529411764705,0.17647058823529413,0.0,0.29411764705882354,0.47058823529411764,0.7631818788052783,0,2
20,4,65500.0,16375.0,7386.643351347078,178,0.15730337078651685,0.25,0.0,0.5,0.25,0.0,0.4510927237463865,4,3
9,17,1860500.0,109441.17647058824,38959.06599919218,173,0.6878612716763005,0.0,0.11764705882352941,0.5294117647058824,0.17647058823529413,0.17647058823529413,0.355981790909039,3,1
137,1,17500.0,17500.0,0.0,137,0.0510948905109489,0.0,0.0,0.0,0.0,1.0,0.0,6,6
10,15,729500.0,48633.333333333336,27308.72876328495,179,0.5865921787709497,0.2,0.2,0.0,0.2,0.4,0.5615228669626788,0,2
3,20,887000.0,44350.0,27974.65958590682,148,0.9459459459459459,0.1,0.4,0.0,0.3,0.2,0.6307702274161627,0,2
52,1,23500.0,23500.0,0.0,52,0.1346153846153846,0.0,0.0,0.0,0.0,1.0,0.0,6,6
2,16,1668500.0,104281.25,33423.030358322285,177,0.632768361581921,0.125,0.0625,0.5,0.125,0.1875,0.3205085320546338,3,1
12,15,13854500.0,923633.3333333334,601279.4235944676,174,0.603448275862069,0.06666666666666667,0.6,0.0,0.2,0.13333333333333333,0.6509936377290421,5,0
19,18,675500.0,37527.77777777778,18773.0033184563,180,0.7,0.16666666666666666,0.2222222222222222,0.05555555555555555,0.2777777777777778,0.2777777777777778,0.5002428715502789,0,2
31,13,9455500.0,727346.1538461539,496301.5877726375,171,0.5321637426900585,0.0,0.46153846153846156,0.07692307692307693,0.15384615384615385,0.3076923076923077,0.6823457925064024,5,0
11,1,41500.0,41500.0,0.0,11,0.6363636363636364,0.0,1.0,0.0,0.0,0.0,0.0,2,6
64,3,52000.0,17333.333333333332,8460.693430998037,167,0.12574850299401197,0.0,0.3333333333333333,0.0,0.3333333333333333,0.3333333333333333,0.48811692871142526,4,5
12,22,2323500.0,105613.63636363637,31340.272212245734,175,0.88,0.09090909090909091,0.0,0.5909090909090909,0.13636363636363635,0.18181818181818182,0.29674456151039647,3,1
28,4,118000.0,29500.0,10000.0,123,0.22764227642276422,0.25,0.25,0.0,0.25,0.25,0.3389830508474576,4,3
19,13,14490500.0,1114653.8461538462,768280.2869779846,163,0.558282208588957,0.0,0.6153846153846154,0.0,0.3076923076923077,0.07692307692307693,0.6892545965090092,5,0
12,4,31500.0,7875.0,3923.752455664518,102,0.27450980392156865,0.5,0.0,0.0,0.0,0.5,0.4982542800843832,1,3
13,20,13185500.0,659275.0,402062.9524877391,183,0.7650273224043715,0.0,0.75,0.1,0.0,0.15,0.609856209453929,5,0
13,18,1573500.0,87416.66666666667,27009.938258090897,177,0.711864406779661,0.0,0.2222222222222222,0.3888888888888889,0.1111111111111111,0.2777777777777778,0.30897927463974334,3,1
3,16,933500.0,58343.75,42123.12063067819,128,0.875,0.125,0.25,0.0,0.375,0.25,0.7219817140769695,0,2
8,14,676000.0,48285.71428571428,26103.13441664863,154,0.6363636363636364,0.07142857142857142,0.42857142857142855,0.14285714285714285,0.21428571428571427,0.14285714285714285,0.5405974583329598,0,2
24,21,862000.0,41047.619047619046,27467.664972611325,174,0.8448275862068966,0.2857142857142857,0.19047619047619047,0.09523809523809523,0.3333333333333333,0.09523809523809523,0.669165852000972,0,2
111,1,42000.0,42000.0,0.0,111,0.06306306306306306,0.0,1.0,0.0,0.0,0.0,0.0,2,6
136,1,315000.0,315000.0,0.0,136,0.05147058823529412,0.0,1.0,0.0,0.0,0.0,0.0,2,6
7,25,1257500.0,50300.0,35768.64315756656,183,0.9562841530054645,0.16,0.24,0.04,0.16,0.4,0.7111062257965519,0,2
63,3,52000.0,17333.333333333332,4010.403138505322,178,0.11797752808988765,0.0,0.6666666666666666,0.0,0.0,0.3333333333333333,0.23136941183684553,2,5
39,2,23500.0,11750.0,1060.6601717798212,44,0.3181818181818182,0.5,0.0,0.0,0.0,0.5,0.09026895078977201,1,3
3,27,19009500.0,704055.5555555555,518908.0126968804,182,1.0384615384615385,0.037037037037037035,0.48148148148148145,0.037037037037037035,0.1111111111111111,0.3333333333333333,0.7370270834485795,5,0
22,14,1362000.0,97285.71428571429,39735.04280070208,179,0.547486033519553,0.07142857142857142,0.07142857142857142,0.6428571428571429,0.07142857142857142,0.14285714285714285,0.40843656329649713,3,1
18,20,1906000.0,95300.0,48062.84263446414,180,0.7777777777777778,0.0,0.1,0.55,0.2,0.15,0.5043320318411767,3,1
14,4,36500.0,9125.0,1887.4586088176875,91,0.3076923076923077,1.0,0.0,0.0,0.0,0.0,0.2068447790485137,1,3
70,2,74000.0,37000.0,4949.747468305833,132,0.10606060606060606,0.0,0.0,0.0,0.5,0.5,0.13377695860286035,4,5
10,20,2599500.0,129975.0,48623.27658967245,158,0.8860759493670886,0.05,0.1,0.65,0.2,0.0,0.3740971462948448,3,1
4,22,20026500.0,910295.4545454546,719935.8380652653,177,0.8700564971751413,0.0,0.6818181818181818,0.045454545454545456,0.09090909090909091,0.18181818181818182,0.7908815038791519,5,0
60,2,47000.0,23500.0,7071.067811865475,89,0.15730337078651685,0.0,0.0,0.0,0.0,1.0,0.3008965026325734,6,5
21,2,16000.0,8000.0,1414.213562373095,141,0.09929078014184398,1.0,0.0,0.0,0.0,0.0,0.1767766952966369,1,3
34,19,775000.0,40789.47368421053,20524.58944607235,178,0.7471910112359551,0.10526315789473684,0.10526315789473684,0.21052631578947367,0.15789473684210525,0.42105263157894735,0.5031834831940318,0,2
3,8,1272500.0,159062.5,55629.15313548669,157,0.356687898089172,0.0,0.25,0.75,0.0,0.0,0.3497314146042385,3,1
5,22,2036000.0,92545.45454545454,38866.04255734387,175,0.88,0.045454545454545456,0.0,0.7727272727272727,0.0,0.18181818181818182,0.41996706103220294,3,1
53,4,32000.0,8000.0,2677.0630673681685,150,0.18666666666666668,0.25,0.0,0.0,0.0,0.75,0.33463288342102104,6,3
12,18,12946500.0,719250.0,394057.52230144385,172,0.7325581395348837,0.1111111111111111,0.5,0.16666666666666666,0.2222222222222222,0.0,0.5478728151566824,5,0
78,4,68000.0,17000.0,9064.583093924766,178,0.15730337078651685,0.0,0.0,0.0,0.25,0.75,0.5332107702308686,6,5
4,1,104000.0,104000.0,0.0,4,1.75,0.0,1.0,0.0,0.0,0.0,0.0,2,6
88,4,706000.0,176500.0,200553.81655140183,179,0.1564245810055866,0.25,0.25,0.25,0.25,0.0,1.136282246750152,2,5
11,18,15345500.0,852527.7777777778,582528.7539538341,167,0.7544910179640718,0.05555555555555555,0.5555555555555556,0.05555555555555555,0.0,0.3333333333333333,0.6832959220076904,5,0
112,1,36500.0,36500.0,0.0,112,0.0625,0.0,1.0,0.0,0.0,0.0,0.0,2,6
91,3,48000.0,16000.0,5500.0,140,0.15,0.0,0.0,0.0,1.0,0.0,0.34375,4,4
32,12,14557877.171733562,1213156.430977797,1753463.5859450495,159,0.5283018867924528,0.16666666666666666,0.4166666666666667,0.08333333333333333,0.16666666666666666,0.16666666666666666,1.4453730295373106,5,0
25,3,222500.0,74166.66666666667,25750.40452756681,147,0.14285714285714285,0.0,0.3333333333333333,0.0,0.3333333333333333,0.3333333333333333,0.34719646554022665,4,5
4,2,29500.0,14750.0,10960.155108391487,68,0.2058823529411765,0.0,0.0,0.0,0.0,1.0,0.7430613632807788,6,5
11,17,12376500.0,728029.4117647059,560987.7302186585,169,0.7041420118343196,0.11764705882352941,0.47058823529411764,0.17647058823529413,0.058823529411764705,0.17647058823529413,0.770556410432448,5,0
20,2,16500.0,8250.0,353.5533905932738,108,0.12962962962962962,0.0,0.0,0.0,0.5,0.5,0.04285495643554833,4,5
46,1,92500.0,92500.0,0.0,46,0.15217391304347827,0.0,0.0,0.0,1.0,0.0,0.0,4,4
101,1,102500.0,102500.0,0.0,101,0.0693069306930693,0.0,0.0,0.0,0.0,1.0,0.0,6,6
44,4,58000.0,14500.0,9857.315388414163,146,0.1917808219178082,0.0,0.5,0.25,0.25,0.0,0.6798148543733905,2,5
94,2,18000.0,9000.0,4242.640687119285,163,0.08588957055214724,0.5,0.0,0.0,0.0,0.5,0.4714045207910316,1,3
5,20,696500.0,34825.0,23256.73360329728,170,0.823529411764706,0.15,0.15,0.15,0.25,0.3,0.6678171888958301,0,2
12,14,9150500.0,653607.1428571428,444190.0658056634,179,0.547486033519553,0.0,0.42857142857142855,0.07142857142857142,0.35714285714285715,0.14285714285714285,0.6795979368645744,5,0
9,24,22794412.52200868,949767.1884170283,1031977.8827892288,177,0.9491525423728814,0.0,0.5,0.16666666666666666,0.20833333333333334,0.125,1.0865587855369279,5,0
53,1,80500.0,80500.0,0.0,53,0.1320754716981132,0.0,0.0,0.0,0.0,1.0,0.0,6,6
79,3,22500.0,7500.0,1322.8756555322952,156,0.1346153846153846,0.6666666666666666,0.0,0.3333333333333333,0.0,0.0,0.17638342073763938,1,3
2,17,1869000.0,109941.17647058824,49093.62304341992,161,0.7391304347826086,0.11764705882352941,0.23529411764705882,0.5294117647058824,0.058823529411764705,0.058823529411764705,0.44654445785882213,3,1
5,17,1980000.0,116470.58823529411,57496.866922314584,180,0.6611111111111111,0.0,0.23529411764705882,0.47058823529411764,0.17647058823529413,0.11764705882352941,0.4936599685249232,3,1
177,1,23500.0,23500.0,0.0,177,0.03954802259887006,0.0,0.0,1.0,0.0,0.0,0.0,2,6
4,21,14221000.0,677190.4761904762,383682.7946426083,170,0.8647058823529412,0.09523809523809523,0.42857142857142855,0.19047619047619047,0.047619047619047616,0.23809523809523808,0.5665803169604651,5,0
32,15,8473500.0,564900.0,379644.2978067007,171,0.6140350877192983,0.06666666666666667,0.6,0.2,0.0,0.13333333333333333,0.6720557581991515,5,0
15,17,652000.0,38352.94117647059,16506.404728432644,149,0.7986577181208054,0.058823529411764705,0.11764705882352941,0.29411764705882354,0.35294117647058826,0.17647058823529413,0.4303817183793788,0,2
4,16,9604000.0,600250.0,322215.30069194414,157,0.713375796178344,0.0,0.6875,0.125,0.1875,0.0,0.5368018337225225,5,0
136,3,235000.0,78333.33333333333,5008.326400438905,161,0.13043478260869565,0.0,0.0,0.0,0.3333333333333333,0.6666666666666666,0.0639360817077307,6,5
5,20,2036000.0,101800.0,30568.47361167005,178,0.7865168539325843,0.1,0.1,0.55,0.15,0.1,0.30027970148988264,3,1
31,1,96500.0,96500.0,0.0,31,0.22580645161290322,0.0,0.0,0.0,1.0,0.0,0.0,4,4
14,4,71000.0,17750.0,8231.038816577164,79,0.35443037974683544,0.5,0.0,0.0,0.25,0.25,0.4637204967085726,1,3
18,16,11073000.0,692062.5,303039.81449087954,180,0.6222222222222222,0.0625,0.625,0.1875,0.0625,0.0625,0.43787925872429084,5,0
7,16,870000.0,54375.0,30601.470552899904,174,0.6436781609195402,0.125,0.1875,0.0,0.375,0.3125,0.5627856653406879,0,2
5,2,40500.0,20250.0,15909.90257669732,183,0.07650273224043716,0.0,0.0,0.0,0.5,0.5,0.7856742013183862,4,5
15,17,15943000.0,937823.5294117647,778375.1493732085,167,0.7125748502994012,0.058823529411764705,0.5882352941176471,0.058823529411764705,0.058823529411764705,0.23529411764705882,0.8299804013889823,5,0
22,2,54500.0,27250.0,2474.8737341529163,101,0.1386138613861386,0.0,0.5,0.0,0.5,0.0,0.0908210544643272,4,5
7,14,527000.0,37642.857142857145,19280.74824137416,176,0.5568181818181819,0.14285714285714285,0.2857142857142857,0.21428571428571427,0.07142857142857142,0.2857142857142857,0.5122020405678145,0,2
4,25,2450500.0,98020.0,45495.53091605079,182,0.9615384615384616,0.0,0.16,0.68,0.12,0.04,0.46414538783973464,3,1
68,2,47000.0,23500.0,10606.601717798212,74,0.1891891891891892,0.5,0.0,0.0,0.5,0.0,0.4513447539488601,4,3
104,1,12500.0,12500.0,0.0,104,0.0673076923076923,0.0,0.0,0.0,0.0,1.0,0.0,6,6
60,4,62000.0,15500.0,6454.972243679028,115,0.24347826086956523,0.25,0.0,0.0,0.0,0.75,0.4164498221728405,6,3
9,17,13292500.0,781911.7647058824,578443.8778766192,156,0.7628205128205129,0.0,0.5882352941176471,0.058823529411764705,0.11764705882352941,0.23529411764705882,0.7397815252136563,5,0
109,1,15000.0,15000.0,0.0,109,0.06422018348623854,0.0,0.0,0.0,0.0,1.0,0.0,6,6
14,12,14336163.150301525,1194680.262525127,2233853.75684933,171,0.4912280701754386,0.08333333333333333,0.5833333333333334,0.0,0.16666666666666666,0.16666666666666666,1.869833985645466,5,0
1,13,10845500.0,834269.2307692308,730979.8679222926,181,0.5027624309392265,0.07692307692307693,0.46153846153846156,0.07692307692307693,0.15384615384615385,0.23076923076923078,0.8761918107039605,5,0
10,15,744500.0,49633.333333333336,28137.079416585475,171,0.6140350877192983,0.2,0.4,0.0,0.26666666666666666,0.13333333333333333,0.566898846539667,0,2
116,2,11000.0,5500.0,4242.640687119285,121,0.11570247933884298,0.5,0.0,0.0,0.5,0.0,0.77138921583987,4,3
4,15,733000.0,48866.666666666664,46713.59035451593,180,0.5833333333333333,0.0,0.5333333333333333,0.0,0.3333333333333333,0.13333333333333333,0.9559397753311583,0,2
12,15,10229500.0,681966.6666666666,368319.1777068724,173,0.6069364161849711,0.0,0.6,0.13333333333333333,0.13333333333333333,0.13333333333333333,0.5400838423777395,5,0
66,2,38500.0,19250.0,1060.6601717798212,146,0.0958904109589041,0.5,0.0,0.0,0.0,0.5,0.055099229702847856,1,3
41,12,9509500.0,792458.3333333334,588457.1297559458,182,0.46153846153846156,0.08333333333333333,0.6666666666666666,0.08333333333333333,0.0,0.16666666666666666,0.7425716974679372,5,0
99,2,31500.0,15750.0,2474.8737341529163,135,0.10370370370370371,0.0,0.5,0.0,0.5,0.0,0.15713484026367722,4,5
43,2,240000.0,120000.0,23334.52377915607,157,0.089171974522293,0.0,0.0,0.5,0.0,0.5,0.19445436482630057,2,5
28,6,90500.0,15083.333333333334,8493.625060400693,145,0.28965517241379307,0.3333333333333333,0.16666666666666666,0.0,0.16666666666666666,0.3333333333333333,0.5631132636729741,1,3
21,30,2972000.0,99066.66666666667,45564.60614702308,169,1.2426035502958581,0.1,0.13333333333333333,0.6,0.13333333333333333,0.03333333333333333,0.45993882382593954,3,1
183,1,13500.0,13500.0,0.0,183,0.03825136612021858,0.0,0.0,0.0,0.0,1.0,0.0,6,6
17,23,1208500.0,52543.47826086957,30920.32026893636,170,0.9470588235294118,0.043478260869565216,0.2608695652173913,0.043478260869565216,0.5217391304347826,0.13043478260869565,0.5884711346177379,0,2
65,2,23000.0,11500.0,8485.28137423857,175,0.08,0.0,0.5,0.0,0.0,0.5,0.7378505542816147,2,5
9,19,15910500.0,837394.7368421053,381052.51092450676,175,0.76,0.05263157894736842,0.47368421052631576,0.10526315789473684,0.15789473684210525,0.21052631578947367,0.4550452661805492,5,0
3,16,10891000.0,680687.5,677788.9512967882,170,0.6588235294117647,0.125,0.4375,0.0625,0.25,0.125,0.9957417336101929,5,0
39,2,15500.0,7750.0,353.5533905932738,40,0.35,0.5,0.5,0.0,0.0,0.0,0.04561979233461597,1,3
17,16,1928500.0,120531.25,59167.12734562439,179,0.6256983240223464,0.0,0.1875,0.8125,0.0,0.0,0.4908862004303812,3,1
145,2,10500.0,5250.0,353.5533905932738,179,0.0782122905027933,1.0,0.0,0.0,0.0,0.0,0.06734350297014739,1,3
56,5,67000.0,13400.0,3895.5102361564914,166,0.2108433734939759,0.0,0.2,0.0,0.0,0.8,0.29070971911615606,6,5
100,2,241000.0,120500.0,96166.52224137046,119,0.11764705882352941,0.0,0.5,0.0,0.5,0.0,0.7980624252395889,4,5
19,16,14209000.0,888062.5,1006754.3870444932,179,0.6256983240223464,0.0625,0.4375,0.125,0.1875,0.1875,1.1336526281027441,5,0
14,19,1852500.0,97500.0,47339.49490412606,158,0.8417721518987341,0.0,0.15789473684210525,0.47368421052631576,0.21052631578947367,0.15789473684210525,0.4855332810679596,3,1
10,3,25500.0,8500.0,3605.5512754639894,130,0.16153846153846152,0.6666666666666666,0.0,0.0,0.0,0.3333333333333333,0.4241825029957635,1,3
7,12,1193000.0,99416.66666666667,33354.04659471507,158,0.5316455696202531,0.08333333333333333,0.0,0.8333333333333334,0.08333333333333333,0.0,0.33549753490073836,3,1
12,2,359500.0,179750.0,29344.931419241722,117,0.11965811965811965,0.0,0.5,0.0,0.0,0.5,0.16325413863277732,2,5
4,16,1361000.0,85062.5,46630.06004714127,182,0.6153846153846154,0.0625,0.0625,0.625,0.125,0.125,0.5481858638899781,3,1
7,12,560000.0,46666.666666666664,39514.861032581684,172,0.4883720930232558,0.0,0.3333333333333333,0.16666666666666666,0.3333333333333333,0.16666666666666666,0.8467470221267505,0,2
9,26,2726000.0,104846.15384615384,34719.38053328983,179,1.0167597765363128,0.0,0.19230769230769232,0.5769230769230769,0.11538461538461539,0.11538461538461539,0.3311459625332118,3,1
18,19,11782500.0,620131.5789473684,446917.6484576593,178,0.7471910112359551,0.0,0.6842105263157895,0.10526315789473684,0.10526315789473684,0.10526315789473684,0.7206819707783175,5,0
122,1,4500.0,4500.0,0.0,122,0.05737704918032788,1.0,0.0,0.0,0.0,0.0,0.0,1,3
53,1,49000.0,49000.0,0.0,53,0.1320754716981132,0.0,1.0,0.0,0.0,0.0,0.0,2,6
6,28,1445500.0,51625.0,43900.69285709889,179,1.094972067039106,0.10714285714285714,0.2857142857142857,0.17857142857142858,0.14285714285714285,0.2857142857142857,0.8503766170866613,0,2
13,18,863500.0,47972.22222222222,33299.652101266154,179,0.7039106145251396,0.05555555555555555,0.2777777777777778,0.1111111111111111,0.3333333333333333,0.2222222222222222,0.694144456077349,0,2
2,13,523500.0,40269.230769230766,21616.559416929445,153,0.5947712418300654,0.15384615384615385,0.3076923076923077,0.15384615384615385,0.23076923076923078,0.15384615384615385,0.5368009024261372,0,2
4,17,11352500.0,667794.1176470588,378334.1388088515,170,0.7000000000000001,0.11764705882352941,0.6470588235294118,0.058823529411764705,0.058823529411764705,0.11764705882352941,0.5665430838802444,5,0
18,14,763000.0,54500.0,53762.65503974927,183,0.5355191256830601,0.21428571428571427,0.14285714285714285,0.2857142857142857,0.07142857142857142,0.2857142857142857,0.9864707346742985,0,2
10,18,1646000.0,91444.44444444444,28429.42183977351,164,0.7682926829268293,0.05555555555555555,0.0,0.6666666666666666,0.1111111111111111,0.16666666666666666,0.31089282692340414,3,1
19,20,19180500.0,959025.0,489811.308325112,182,0.7692307692307693,0.05,0.7,0.1,0.1,0.05,0.5107388319648727,5,0
82,2,512500.0,256250.0,96520.07563196374,107,0.1308411214953271,0.0,0.5,0.5,0.0,0.0,0.3766637097832731,2,5
79,1,14000.0,14000.0,0.0,79,0.08860759493670886,0.0,0.0,0.0,0.0,1.0,0.0,6,6
19,11,5943000.0,540272.7272727273,263757.6883842785,176,0.4375,0.09090909090909091,0.8181818181818182,0.0,0.09090909090909091,0.0,0.4881936012497162,5,0
9,19,697000.0,36684.21052631579,23116.97940566858,176,0.7556818181818182,0.05263157894736842,0.3157894736842105,0.10526315789473684,0.2631578947368421,0.2631578947368421,0.6301615619909656,0,2
15,3,428500.0,142833.33333333334,163041.66134253336,171,0.12280701754385966,0.3333333333333333,0.0,0.0,0.3333333333333333,0.3333333333333333,1.1414818763771297,0,5
4,18,782000.0,43444.444444444445,34571.27713311122,164,0.7682926829268293,0.05555555555555555,0.2777777777777778,0.05555555555555555,0.3333333333333333,0.2777777777777778,0.7957582971815883,0,2
13,17,907000.0,53352.94117647059,33314.67615119234,164,0.7256097560975611,0.17647058823529413,0.29411764705882354,0.0,0.0,0.5294117647058824,0.6244206114335941,0,2
22,3,79000.0,26333.333333333332,28294.581342252324,179,0.11731843575418993,0.6666666666666666,0.0,0.0,0.0,0.3333333333333333,1.0744777724905947,1,3
77,2,228000.0,114000.0,15556.349186104046,93,0.15053763440860216,0.0,0.0,0.0,1.0,0.0,0.1364592033868776,4,4
6,20,952000.0,47600.0,25897.36828734778,177,0.7909604519774012,0.2,0.35,0.1,0.25,0.1,0.5440623589778946,0,2
13,14,1193500.0,85250.0,25735.152552939664,162,0.6049382716049383,0.0,0.07142857142857142,0.7142857142857143,0.07142857142857142,0.14285714285714285,0.3018786223218729,3,1
7,20,3211597.4614065797,160579.873070329,189435.5715102135,180,0.7777777777777778,0.05,0.1,0.75,0.05,0.05,1.1796968566991368,3,0
148,1,232500.0,232500.0,0.0,148,0.0472972972972973,0.0,0.0,0.0,0.0,1.0,0.0,6,6
2,15,1052412.1427747095,70160.80951831397,133322.95426832454,183,0.5737704918032787,0.13333333333333333,0.3333333333333333,0.0,0.4666666666666667,0.06666666666666667,1.9002482323628758,0,0
1,18,680000.0,37777.77777777778,26603.41763881775,181,0.6961325966850829,0.05555555555555555,0.16666666666666666,0.2777777777777778,0.2777777777777778,0.2222222222222222,0.7042081139687051,0,2
28,4,58000.0,14500.0,8878.813734578136,147,0.19047619047619047,0.0,0.0,0.0,0.25,0.75,0.6123319816950439,6,5
53,2,18500.0,9250.0,4596.194077712559,140,0.1,0.0,0.0,0.0,0.5,0.5,0.49688584623919557,4,5
14,17,1817000.0,106882.35294117648,47042.04549249158,182,0.6538461538461539,0.058823529411764705,0.11764705882352941,0.7058823529411765,0.0,0.11764705882352941,0.44012920934086786,3,1
147,2,35500.0,17750.0,8131.727983645296,163,0.08588957055214724,0.5,0.0,0.0,0.5,0.0,0.4581255202053688,4,3
121,2,54000.0,27000.0,13435.028842544403,131,0.10687022900763359,0.0,0.0,0.0,1.0,0.0,0.4975936608349779,4,4
1,17,729500.0,42911.76470588235,28663.039841251597,152,0.7828947368421052,0.23529411764705882,0.23529411764705882,0.058823529411764705,0.23529411764705882,0.23529411764705882,0.6679529503787213,0,2
3,17,13098500.0,770500.0,471511.23395948904,179,0.6648044692737429,0.0,0.4117647058823529,0.23529411764705882,0.17647058823529413,0.17647058823529413,0.6119548785976496,5,0
5,12,419500.0,34958.333333333336,13630.611160401451,182,0.46153846153846156,0.08333333333333333,0.16666666666666666,0.08333333333333333,0.5,0.16666666666666666,0.3899102119781106,0,2
6,16,1450500.0,90656.25,31120.582015765707,179,0.6256983240223464,0.0625,0.125,0.6875,0.125,0.0,0.34328115287986993,3,1
7,17,574500.0,33794.117647058825,13750.066844757304,171,0.695906432748538,0.11764705882352941,0.17647058823529413,0.11764705882352941,0.29411764705882354,0.29411764705882354,0.40687752195104293,0,2
23,4,40000.0,10000.0,8396.427811873333,180,0.15555555555555556,0.75,0.25,0.0,0.0,0.0,0.8396427811873333,1,3
1,19,2168000.0,114105.26315789473,37493.91763538618,166,0.8012048192771084,0.0,0.10526315789473684,0.6842105263157895,0.10526315789473684,0.10526315789473684,0.32859060658318145,3,1
6,17,862500.0,50735.294117647056,37445.42597528553,178,0.6685393258426967,0.17647058823529413,0.17647058823529413,0.0,0.23529411764705882,0.4117647058823529,0.7380547728462076,0,2
14,14,804265.01658183,57447.501184416426,54361.798888427285,171,0.5730994152046784,0.14285714285714285,0.21428571428571427,0.07142857142857142,0.35714285714285715,0.21428571428571427,0.946286570653726,0,2
92,2,22500.0,11250.0,353.5533905932738,139,0.10071942446043165,0.0,0.5,0.0,0.0,0.5,0.03142696805273545,2,5
2,21,1094500.0,52119.04761904762,32979.123988481246,175,0.84,0.14285714285714285,0.19047619047619047,0.14285714285714285,0.19047619047619047,0.3333333333333333,0.6327652843838338,0,2
122,1,25500.0,25500.0,0.0,122,0.05737704918032788,0.0,0.0,0.0,0.0,1.0,0.0,6,6
91,2,335000.0,167500.0,95459.41546018391,126,0.1111111111111111,0.0,0.5,0.0,0.0,0.5,0.5699069579712472,2,5
6,15,1541000.0,102733.33333333333,41621.966498930524,174,0.603448275862069,0.2,0.06666666666666667,0.5333333333333333,0.13333333333333333,0.06666666666666667,0.40514568298764303,3,1
9,15,555500.0,37033.333333333336,21663.388030323906,170,0.6176470588235294,0.13333333333333333,0.4,0.0,0.4,0.06666666666666667,0.584969973816127,0,2
17,18,18823000.0,1045722.2222222222,903263.856672701,168,0.75,0.05555555555555555,0.5555555555555556,0.05555555555555555,0.1111111111111111,0.2222222222222222,0.8637703564845464,5,0
21,2,22000.0,11000.0,707.1067811865476,81,0.1728395061728395,0.0,0.0,0.0,0.0,1.0,0.0642824346533225,6,5
133,1,6500.0,6500.0,0.0,133,0.05263157894736842,0.0,0.0,0.0,1.0,0.0,0.0,4,4
42,11,574500.0,52227.27272727273,24120.90756622109,142,0.5422535211267606,0.09090909090909091,0.36363636363636365,0.0,0.36363636363636365,0.18181818181818182,0.4618450534872619,0,2
3,20,2229000.0,111450.0,45764.81641012703,159,0.880503144654088,0.05,0.2,0.55,0.05,0.15,0.41063092337484997,3,1
123,2,375000.0,187500.0,69296.46455628166,142,0.09859154929577466,0.0,0.5,0.0,0.5,0.0,0.36958114430016886,4,5
13,18,707500.0,39305.555555555555,24496.18150848683,181,0.6961325966850829,0.1111111111111111,0.3333333333333333,0.05555555555555555,0.2777777777777778,0.2222222222222222,0.6232244058696296,0,2
2,20,910500.0,45525.0,30479.274666739137,173,0.8092485549132947,0.15,0.25,0.15,0.3,0.15,0.6695063078910299,0,2
24,2,31500.0,15750.0,11667.261889578034,173,0.08092485549132948,0.5,0.0,0.0,0.0,0.5,0.7407785326716212,1,3
125,1,137500.0,137500.0,0.0,125,0.056,0.0,0.0,1.0,0.0,0.0,0.0,2,6
16,22,15711000.0,714136.3636363636,458428.63550700434,180,0.8555555555555555,0.09090909090909091,0.6363636363636364,0.09090909090909091,0.09090909090909091,0.09090909090909091,0.6419343123387496,5,0
7,24,2593000.0,108041.66666666667,53864.1440523541,180,0.9333333333333333,0.0,0.125,0.625,0.20833333333333334,0.041666666666666664,0.49854973284091725,3,1
60,2,318500.0,159250.0,119147.49262993326,146,0.0958904109589041,0.5,0.5,0.0,0.0,0.0,0.7481789176133956,2,5
126,2,127000.0,63500.0,11313.70849898476,132,0.10606060606060606,0.0,0.0,0.0,1.0,0.0,0.17816863777928757,4,4
1,21,18172500.0,865357.1428571428,748329.1913131736,161,0.9130434782608695,0.047619047619047616,0.6190476190476191,0.0,0.2857142857142857,0.047619047619047616,0.8647634072129121,5,0
10,13,11401500.0,877038.4615384615,500697.199809861,136,0.6691176470588236,0.15384615384615385,0.5384615384615384,0.07692307692307693,0.15384615384615385,0.07692307692307693,0.570895373198982,5,0
1,21,2339500.0,111404.76190476191,42866.834221697274,177,0.8305084745762712,0.047619047619047616,0.09523809523809523,0.5714285714285714,0.14285714285714285,0.14285714285714285,0.3847845773266265,3,1
35,6,112000.0,18666.666666666668,8364.607980453517,173,0.24277456647398843,0.16666666666666666,0.3333333333333333,0.0,0.0,0.5,0.44810399895286696,6,3
19,1,54500.0,54500.0,0.0,19,0.3684210526315789,0.0,0.0,0.0,0.0,1.0,0.0,6,6
1,19,831000.0,43736.84210526316,20532.06734534261,178,0.7471910112359551,0.05263157894736842,0.15789473684210525,0.0,0.47368421052631576,0.3157894736842105,0.4694455831065097,0,2
29,8,315500.0,39437.5,26006.09475268661,183,0.30601092896174864,0.125,0.125,0.125,0.375,0.25,0.6594255404801677,0,2
111,1,233500.0,233500.0,0.0,111,0.06306306306306306,0.0,0.0,0.0,1.0,0.0,0.0,4,4
5,3,69000.0,23000.0,14798.648586948742,53,0.39622641509433965,0.0,0.0,0.0,0.3333333333333333,0.6666666666666666,0.6434195037803802,6,5
13,19,667000.0,35105.26315789474,20266.67965142705,166,0.8012048192771084,0.10526315789473684,0.3684210526315789,0.15789473684210525,0.2631578947368421,0.10526315789473684,0.5773117142085666,0,2
29,12,475000.0,39583.333333333336,20757.072544221177,179,0.4692737430167597,0.08333333333333333,0.16666666666666666,0.3333333333333333,0.16666666666666666,0.25,0.5243892011171666,0,2
27,17,18698000.0,1099882.3529411764,1113622.3065043723,175,0.68,0.17647058823529413,0.5882352941176471,0.058823529411764705,0.058823529411764705,0.11764705882352941,1.0124922029401182,5,0
71,2,104000.0,52000.0,33234.018715767736,75,0.18666666666666668,0.0,0.5,0.0,0.0,0.5,0.6391157445339949,2,5
12,18,976037.9570217541,54224.330945653004,47979.5663468982,172,0.7325581395348837,0.05555555555555555,0.2777777777777778,0.05555555555555555,0.3333333333333333,0.2777777777777778,0.8848346399144381,0,2
3,22,1375537.4634091451,62524.43015496114,98879.97931892473,182,0.8461538461538461,0.0,0.5,0.0,0.2727272727272727,0.22727272727272727,1.5814615035092627,0,2
13,16,10327500.0,645468.75,315544.5805138581,175,0.64,0.0625,0.5,0.1875,0.1875,0.0625,0.48886112691568434,5,0
9,3,26500.0,8833.333333333334,3617.0890690351175,121,0.17355371900826447,1.0,0.0,0.0,0.0,0.0,0.40948178140020197,1,3
1,1,18000.0,18000.0,0.0,1,7.0,0.0,0.0,0.0,0.0,1.0,0.0,6,6
2,5,42500.0,8500.0,2915.4759474226503,134,0.2611940298507463,0.4,0.4,0.0,0.2,0.0,0.3429971702850177,1,3
84,2,495500.0,247750.0,126925.66722298528,139,0.10071942446043165,0.0,0.5,0.0,0.5,0.0,0.5123134903046833,4,5
113,1,8500.0,8500.0,0.0,113,0.061946902654867256,1.0,0.0,0.0,0.0,0.0,0.0,1,3
55,3,1594500.0,531500.0,394923.0937790293,178,0.11797752808988765,0.0,0.3333333333333333,0.0,0.3333333333333333,0.3333333333333333,0.7430349835917767,5,5
16,19,3654716.2320984676,192353.48589991935,403019.9700090275,177,0.7514124293785311,0.10526315789473684,0.10526315789473684,0.6842105263157895,0.0,0.10526315789473684,2.0952049198563367,3,0
1,15,10808500.0,720566.6666666666,623817.7923843132,164,0.6402439024390244,0.06666666666666667,0.4,0.2,0.13333333333333333,0.2,0.8657322371989359,5,0
67,3,54000.0,18000.0,4821.825380496478,142,0.14788732394366197,0.0,0.0,0.3333333333333333,0.3333333333333333,0.3333333333333333,0.2678791878053599,4,5
65,2,198000.0,99000.0,31819.80515339464,167,0.08383233532934131,0.5,0.0,0.0,0.0,0.5,0.32141217326661253,1,5
88,3,384500.0,128166.66666666667,100215.18514343689,176,0.11931818181818182,0.0,0.0,0.3333333333333333,0.3333333333333333,0.3333333333333333,0.781913018024215,4,5
1,4,785500.0,196375.0,52888.83782677274,135,0.20740740740740743,0.25,0.0,0.0,0.0,0.75,0.26932571776841624,6,5
81,1,5500.0,5500.0,0.0,81,0.08641975308641975,1.0,0.0,0.0,0.0,0.0,0.0,1,3
1,20,17344500.0,867225.0,669926.9102906517,182,0.7692307692307693,0.05,0.5,0.15,0.2,0.1,0.7724949237979206,5,0
73,2,469500.0,234750.0,9545.941546018392,147,0.09523809523809523,0.0,0.5,0.5,0.0,0.0,0.04066428773596759,2,5
89,1,93500.0,93500.0,0.0,89,0.07865168539325842,0.0,0.0,0.0,0.0,1.0,0.0,6,6
61,2,34500.0,17250.0,9545.941546018392,170,0.08235294117647059,0.0,0.5,0.0,0.0,0.5,0.5533879157112112,2,5
3,24,1133500.0,47229.166666666664,24076.860245375898,180,0.9333333333333333,0.20833333333333334,0.20833333333333334,0.16666666666666666,0.20833333333333334,0.20833333333333334,0.5097879540264857,0,2
133,3,80500.0,26833.333333333332,13194.064322009852,177,0.11864406779661017,0.0,0.0,0.0,0.6666666666666666,0.3333333333333333,0.49170426044757215,4,5
53,2,528500.0,264250.0,182787.10293672254,182,0.07692307692307693,0.0,0.0,0.0,0.0,1.0,0.6917203516999907,6,5
15,4,72500.0,18125.0,10363.196096443091,106,0.2641509433962264,0.25,0.0,0.0,0.5,0.25,0.5717625432520326,4,3
8,20,2221500.0,111075.0,43366.332745454434,181,0.7734806629834254,0.1,0.2,0.4,0.15,0.15,0.39042388247089294,3,1
7,18,782000.0,43444.444444444445,22797.632029309334,167,0.7544910179640718,0.1111111111111111,0.1111111111111111,0.1111111111111111,0.3333333333333333,0.3333333333333333,0.524753678424,0,2
105,3,95000.0,31666.666666666668,8144.527815247077,167,0.12574850299401197,0.0,0.0,0.0,0.0,1.0,0.25719561521832873,6,5
1,20,1806500.0,90325.0,37673.9037838633,182,0.7692307692307693,0.1,0.0,0.8,0.1,0.0,0.4170927626223449,3,1
12,18,495000.0,27500.0,10249.82065840236,181,0.6961325966850829,0.0,0.2777777777777778,0.1111111111111111,0.3333333333333333,0.2777777777777778,0.3727207512146312,0,2
7,2,187000.0,93500.0,58689.862838483445,143,0.0979020979020979,0.0,0.5,0.0,0.5,0.0,0.6276990677912668,4,5
7,11,521500.0,47409.09090909091,26631.577292584625,183,0.4207650273224044,0.18181818181818182,0.2727272727272727,0.09090909090909091,0.45454545454545453,0.0,0.5617398853661186,0,2
19,2,18000.0,9000.0,707.1067811865476,145,0.09655172413793103,0.5,0.0,0.0,0.0,0.5,0.07856742013183862,1,3
25,1,23500.0,23500.0,0.0,25,0.27999999999999997,0.0,0.0,0.0,0.0,1.0,0.0,6,6
30,3,27500.0,9166.666666666666,2309.4010767585028,153,0.1372549019607843,0.6666666666666666,0.3333333333333333,0.0,0.0,0.0,0.25193466291910943,1,3
26,19,2225000.0,117105.26315789473,60276.81029756902,182,0.7307692307692307,0.10526315789473684,0.10526315789473684,0.47368421052631576,0.21052631578947367,0.10526315789473684,0.5147233238893535,3,1
1,14,551000.0,39357.142857142855,21404.913680515736,139,0.7050359712230215,0.0,0.2857142857142857,0.07142857142857142,0.35714285714285715,0.2857142857142857,0.5438635054940477,0,2
1,21,787000.0,37476.19047619047,18133.860724123388,175,0.84,0.047619047619047616,0.2857142857142857,0.19047619047619047,0.3333333333333333,0.14285714285714285,0.48387684270214887,0,2
6,18,887500.0,49305.555555555555,27913.278986726906,171,0.736842105263158,0.05555555555555555,0.4444444444444444,0.0,0.2222222222222222,0.2777777777777778,0.566128475223757,0,2
24,12,7857000.0,654750.0,540643.7030395931,178,0.4719101123595506,0.0,0.5833333333333334,0.16666666666666666,0.08333333333333333,0.16666666666666666,0.8257253960131242,5,0
2,2,267000.0,133500.0,47376.15433949869,115,0.12173913043478261,0.0,0.5,0.0,0.0,0.5,0.3548775605954958,2,5
106,1,15500.0,15500.0,0.0,106,0.0660377358490566,0.0,1.0,0.0,0.0,0.0,0.0,2,6
4,2,22000.0,11000.0,4949.747468305833,138,0.10144927536231883,0.0,0.0,0.0,0.0,1.0,0.4499770425732575,6,5
32,12,15055500.0,1254625.0,1312604.352994458,170,0.49411764705882355,0.0,0.5,0.16666666666666666,0.3333333333333333,0.0,1.0462124961597752,5,0
21,24,20624000.0,859333.3333333334,578528.9565987068,174,0.9655172413793103,0.08333333333333333,0.5,0.08333333333333333,0.125,0.20833333333333334,0.6732299727680838,5,0
15,14,1291500.0,92250.0,39213.78780283988,174,0.5632183908045977,0.0,0.07142857142857142,0.7857142857142857,0.0,0.14285714285714285,0.42508171059989025,3,1
12,20,17253000.0,862650.0,1025283.5179135882,178,0.7865168539325843,0.05,0.65,0.0,0.25,0.05,1.1885278130337775,5,0
8,21,2252000.0,107238.09523809524,39582.38845990065,182,0.8076923076923077,0.047619047619047616,0.09523809523809523,0.8095238095238095,0.047619047619047616,0.0,0.3691075300434785,3,1
26,2,15500.0,7750.0,353.5533905932738,163,0.08588957055214724,1.0,0.0,0.0,0.0,0.0,0.04561979233461597,1,3
60,2,34000.0,17000.0,6363.961030678927,84,0.16666666666666666,0.0,0.0,0.0,0.5,0.5,0.3743506488634663,4,5
9,13,1391256.1523559983,107019.70402738449,185939.73423806494,181,0.5027624309392265,0.07692307692307693,0.38461538461538464,0.0,0.15384615384615385,0.38461538461538464,1.7374345773791915,0,0
5,28,1441407.9230380263,51478.854394215225,73343.23517241685,180,1.0888888888888888,0.03571428571428571,0.42857142857142855,0.07142857142857142,0.21428571428571427,0.25,1.4247254729246377,0,2
20,23,14987000.0,651608.695652174,382670.1628783099,172,0.936046511627907,0.13043478260869565,0.4782608695652174,0.0,0.2608695652173913,0.13043478260869565,0.5872698836459016,5,0
13,2,37500.0,18750.0,2474.8737341529163,53,0.2641509433962264,1.0,0.0,0.0,0.0,0.0,0.13199326582148888,1,3
15,5,48000.0,9600.0,3798.025802966589,116,0.3017241379310345,0.4,0.0,0.2,0.2,0.2,0.3956276878090197,1,3
21,14,1424500.0,101750.0,31570.89092575871,166,0.5903614457831325,0.07142857142857142,0.0,0.8571428571428571,0.0,0.07142857142857142,0.3102790262973829,3,1
6,17,14707000.0,865117.6470588235,487160.5398060455,170,0.7000000000000001,0.0,0.47058823529411764,0.0,0.4117647058823529,0.11764705882352941,0.5631147872919544,5,0
122,1,74000.0,74000.0,0.0,122,0.05737704918032788,0.0,0.0,0.0,0.0,1.0,0.0,6,6
10,5,85500.0,17100.0,7144.9282711585,171,0.20467836257309943,0.0,0.4,0.2,0.0,0.4,0.41783206264084793,2,3
42,2,409000.0,204500.0,84145.70696119916,84,0.16666666666666666,0.0,0.5,0.0,0.0,0.5,0.41147044968801544,2,5
10,23,838500.0,36456.52173913043,25960.15874175721,177,0.9096045197740114,0.08695652173913043,0.2608695652173913,0.08695652173913043,0.21739130434782608,0.34782608695652173,0.7120854514733641,0,2
12,10,1177000.0,117700.0,41802.57833621696,164,0.426829268292683,0.0,0.1,0.7,0.1,0.1,0.35516209291603196,3,1
42,4,27500.0,6875.0,2750.0,156,0.1794871794871795,0.25,0.25,0.25,0.25,0.0,0.4,4,3
11,2,125500.0,62750.0,32173.358543987913,24,0.5833333333333334,0.0,0.0,0.0,0.5,0.5,0.5127228453225166,4,5
2,3,816000.0,272000.0,313702.4864421702,59,0.3559322033898305,0.3333333333333333,0.3333333333333333,0.3333333333333333,0.0,0.0,1.15331796486092,5,5
100,1,9000.0,9000.0,0.0,100,0.06999999999999999,0.0,0.0,0.0,0.0,1.0,0.0,6,6
130,3,299500.0,99833.33333333333,25769.814382981756,168,0.125,0.3333333333333333,0.3333333333333333,0.3333333333333333,0.0,0.0,0.2581283577594166,2,5
9,21,17332000.0,825333.3333333334,847097.8003355535,171,0.8596491228070176,0.047619047619047616,0.6190476190476191,0.09523809523809523,0.19047619047619047,0.047619047619047616,1.0263705173694104,5,0
1,24,2490000.0,103750.0,32896.41185666726,177,0.9491525423728814,0.0,0.125,0.75,0.041666666666666664,0.08333333333333333,0.31707384922088927,3,1
16,16,609500.0,38093.75,13006.688984262417,162,0.691358024691358,0.0625,0.25,0.0625,0.375,0.25,0.34143892329482967,0,2
23,3,33500.0,11166.666666666666,1527.5252316519463,181,0.11602209944751381,0.0,0.0,0.0,0.6666666666666666,0.3333333333333333,0.13679330432703998,4,5
5,19,13209000.0,695210.5263157894,413907.6425359982,171,0.7777777777777778,0.05263157894736842,0.7368421052631579,0.10526315789473684,0.10526315789473684,0.0,0.5953702178956746,5,0
9,17,746500.0,43911.76470588235,19606.46839543462,179,0.6648044692737429,0.23529411764705882,0.11764705882352941,0.058823529411764705,0.35294117647058826,0.23529411764705882,0.4464969359978413,0,2
8,24,3031500.0,126312.5,50776.10968966992,179,0.9385474860335195,0.08333333333333333,0.16666666666666666,0.4583333333333333,0.125,0.16666666666666666,0.4019880034808108,3,1
125,3,730500.0,243500.0,175102.82693320516,144,0.14583333333333331,0.3333333333333333,0.0,0.0,0.3333333333333333,0.3333333333333333,0.7191081188221977,4,5
135,2,15000.0,7500.0,2828.42712474619,169,0.08284023668639054,1.0,0.0,0.0,0.0,0.0,0.37712361663282534,1,3
14,16,949500.0,59343.75,46595.32120646164,145,0.7724137931034483,0.125,0.125,0.25,0.25,0.25,0.7851765553484847,0,2
123,1,10500.0,10500.0,0.0,123,0.056910569105691054,0.0,0.0,0.0,0.0,1.0,0.0,6,6
4,13,512500.0,39423.07692307692,30879.36619184818,131,0.6946564885496183,0.23076923076923078,0.38461538461538464,0.07692307692307693,0.07692307692307693,0.23076923076923078,0.7832814838907831,0,2
12,17,14688500.0,864029.4117647059,569779.3561598053,173,0.6878612716763005,0.058823529411764705,0.5882352941176471,0.0,0.11764705882352941,0.23529411764705882,0.6594443990003533,5,0
98,1,111000.0,111000.0,0.0,98,0.07142857142857142,0.0,0.0,1.0,0.0,0.0,0.0,2,6
2,23,1001000.0,43521.739130434784,19595.615384378467,180,0.8944444444444444,0.043478260869565216,0.13043478260869565,0.043478260869565216,0.6086956521739131,0.17391304347826086,0.45024890493576897,0,2
19,17,617500.0,36323.529411764706,15220.197494274042,178,0.6685393258426967,0.17647058823529413,0.058823529411764705,0.058823529411764705,0.35294117647058826,0.35294117647058826,0.4190175828383137,0,2
8,21,975000.0,46428.57142857143,15628.728126662862,172,0.8546511627906976,0.09523809523809523,0.2857142857142857,0.047619047619047616,0.38095238095238093,0.19047619047619047,0.3366187596512001,0,2
7,26,22837000.0,878346.1538461539,565624.7124946147,180,1.011111111111111,0.038461538461538464,0.4230769230769231,0.11538461538461539,0.0,0.4230769230769231,0.6439656051521645,5,0
13,2,275500.0,137750.0,133996.73503485075,79,0.17721518987341772,0.0,0.5,0.5,0.0,0.0,0.9727530674036352,2,5
1,23,884500.0,38456.52173913043,26548.374819065608,181,0.8895027624309392,0.08695652173913043,0.13043478260869565,0.17391304347826086,0.30434782608695654,0.30434782608695654,0.690347790659705,0,2
14,14,726500.0,51892.857142857145,32196.618653940244,164,0.5975609756097562,0.0,0.35714285714285715,0.07142857142857142,0.42857142857142855,0.14285714285714285,0.6204441309775133,0,2
11,20,17610000.0,880500.0,807137.208710025,179,0.7821229050279329,0.0,0.65,0.05,0.1,0.2,0.9166805323225723,5,0
11,5,66000.0,13200.0,8393.449827097318,182,0.19230769230769232,0.4,0.2,0.0,0.2,0.2,0.6358674111437362,1,3
1,23,2358500.0,102543.47826086957,32924.81553875237,174,0.9252873563218391,0.0,0.13043478260869565,0.6956521739130435,0.08695652173913043,0.08695652173913043,0.3210815168078459,3,1
49,1,6500.0,6500.0,0.0,49,0.14285714285714285,0.0,0.0,0.0,0.0,1.0,0.0,6,6
47,3,749500.0,249833.33333333334,90862.9920998276,183,0.11475409836065574,0.3333333333333333,0.3333333333333333,0.0,0.3333333333333333,0.0,0.3636944313535461,2,5
60,2,225000.0,112500.0,38183.76618407357,140,0.1,0.5,0.0,0.0,0.0,0.5,0.33941125496954283,1,5
4,20,23770500.0,1188525.0,1212377.6712572523,170,0.823529411764706,0.0,0.55,0.0,0.1,0.35,1.0200691371719168,5,0
98,1,152000.0,152000.0,0.0,98,0.07142857142857142,0.0,0.0,0.0,1.0,0.0,0.0,4,4
25,13,663500.0,51038.46153846154,21348.752440581415,179,0.5083798882681564,0.07692307692307693,0.38461538461538464,0.0,0.15384615384615385,0.38461538461538464,0.41828753839873156,0,2
18,14,638000.0,45571.42857142857,18699.914790897128,172,0.5697674418604651,0.07142857142857142,0.21428571428571427,0.0,0.2857142857142857,0.42857142857142855,0.41034295779398083,0,2
41,16,1497000.0,93562.5,30019.92393949947,172,0.6511627906976744,0.0625,0.125,0.5625,0.125,0.125,0.3208542304822923,3,1
8,21,919500.0,43785.71428571428,27537.052959862747,167,0.8802395209580838,0.09523809523809523,0.3333333333333333,0.09523809523809523,0.2857142857142857,0.19047619047619047,0.628904961562934,0,2
38,1,145000.0,145000.0,0.0,38,0.18421052631578946,0.0,0.0,0.0,0.0,1.0,0.0,6,6
9,27,3046500.0,112833.33333333333,45351.19369135469,180,1.05,0.0,0.07407407407407407,0.8148148148148148,0.037037037037037035,0.07407407407407407,0.4019308155806915,3,1
60,2,27500.0,13750.0,5303.300858899106,180,0.07777777777777778,1.0,0.0,0.0,0.0,0.0,0.385694607919935,1,3
108,2,46000.0,23000.0,7071.067811865475,134,0.1044776119402985,0.5,0.0,0.0,0.0,0.5,0.30743773095067284,1,3
9,25,18855500.0,754220.0,465796.58650531137,176,0.9943181818181819,0.04,0.68,0.12,0.08,0.08,0.6175871582632539,5,0
12,20,2063500.0,103175.0,49718.22576967334,178,0.7865168539325843,0.0,0.15,0.85,0.0,0.0,0.4818824886811082,3,1
55,3,65000.0,21666.666666666668,14935.97446882303,155,0.13548387096774195,0.6666666666666666,0.0,0.0,0.0,0.3333333333333333,0.6893526677918321,1,3
2,11,13354500.0,1214045.4545454546,744270.1611157556,175,0.44,0.0,0.5454545454545454,0.0,0.18181818181818182,0.2727272727272727,0.6130496665748109,5,0
39,10,989000.0,98900.0,48457.19760778578,140,0.5,0.0,0.2,0.6,0.2,0.0,0.48996155316264695,3,1
113,4,32000.0,8000.0,3082.207001484488,179,0.1564245810055866,0.25,0.25,0.0,0.5,0.0,0.385275875185561,4,3
40,16,1722000.0,107625.0,46457.32809076877,175,0.64,0.0625,0.125,0.6875,0.0625,0.0625,0.43165926216742184,3,1
5,18,1355777.8169002668,75320.9898277926,131629.30999608024,182,0.6923076923076923,0.0,0.2222222222222222,0.0,0.2777777777777778,0.5,1.7475780694999643,0,0
23,14,8915000.0,636785.7142857143,419588.292454443,169,0.5798816568047337,0.07142857142857142,0.7142857142857143,0.0,0.07142857142857142,0.14285714285714285,0.6589159948807853,5,0
5,20,11521000.0,576050.0,438162.878271011,178,0.7865168539325843,0.05,0.65,0.1,0.2,0.0,0.7606334142366304,5,0
11,20,1006500.0,50325.0,27236.911390707704,183,0.7650273224043715,0.05,0.15,0.05,0.25,0.5,0.5412202958908635,0,2
5,2,42000.0,21000.0,4949.747468305833,143,0.0979020979020979,0.0,0.5,0.0,0.0,0.5,0.23570226039551584,2,5
31,3,39000.0,13000.0,7466.59226153404,158,0.13291139240506328,0.0,0.0,0.3333333333333333,0.0,0.6666666666666666,0.5743532508872338,6,5
5,20,894000.0,44700.0,23727.84285003147,165,0.8484848484848484,0.1,0.15,0.25,0.4,0.1,0.5308242248329188,0,2
5,17,13184000.0,775529.4117647059,547361.4399607286,183,0.6502732240437159,0.058823529411764705,0.4117647058823529,0.058823529411764705,0.4117647058823529,0.058823529411764705,0.7057906916969346,5,0
11,17,691500.0,40676.470588235294,28263.238699142497,175,0.68,0.17647058823529413,0.11764705882352941,0.17647058823529413,0.4117647058823529,0.11764705882352941,0.6948301632471764,0,2
21,21,16720500.0,796214.2857142857,531358.3670986223,183,0.8032786885245902,0.047619047619047616,0.47619047619047616,0.19047619047619047,0.14285714285714285,0.14285714285714285,0.6673559827200782,5,0
1,14,486000.0,34714.28571428572,26215.61065011154,176,0.5568181818181819,0.07142857142857142,0.07142857142857142,0.07142857142857142,0.42857142857142855,0.35714285714285715,0.7551821997974517,0,2
16,22,2238000.0,101727.27272727272,41962.77468035758,171,0.9005847953216375,0.13636363636363635,0.045454545454545456,0.5909090909090909,0.045454545454545456,0.18181818181818182,0.412502700164373,3,1
4,16,687500.0,42968.75,30240.408258928426,157,0.713375796178344,0.0625,0.25,0.0625,0.375,0.25,0.7037767740259706,0,2
13,2,875500.0,437750.0,507349.1155013479,169,0.08284023668639054,0.0,0.0,0.5,0.0,0.5,1.1589928395233533,3,5
1,24,1050000.0,43750.0,26659.283398177602,177,0.9491525423728814,0.20833333333333334,0.125,0.2916666666666667,0.25,0.125,0.6093550491012023,0,2
6,18,15586000.0,865888.8888888889,493009.9794824452,183,0.6885245901639344,0.0,0.5,0.0,0.2777777777777778,0.2222222222222222,0.569368640490441,5,0
9,5,80500.0,16100.0,5515.886148208645,156,0.22435897435897437,0.4,0.2,0.0,0.4,0.0,0.3426016241123382,4,3
80,4,62000.0,15500.0,3188.5210782848317,158,0.17721518987341772,0.25,0.0,0.0,0.5,0.25,0.20571103730869883,4,3
14,18,11691500.0,649527.7777777778,353257.7575944421,183,0.6885245901639344,0.1111111111111111,0.6666666666666666,0.16666666666666666,0.05555555555555555,0.0,0.5438685914296676,5,0
113,1,208000.0,208000.0,0.0,113,0.061946902654867256,0.0,0.0,1.0,0.0,0.0,0.0,2,6
14,2,17000.0,8500.0,0.0,73,0.1917808219178082,0.5,0.0,0.0,0.5,0.0,0.0,1,3
17,2,37000.0,18500.0,20506.096654409877,146,0.0958904109589041,0.0,0.5,0.0,0.0,0.5,1.1084376569951284,2,5
9,19,843000.0,44368.42105263158,20478.879435261504,181,0.7348066298342542,0.10526315789473684,0.42105263157894735,0.0,0.3157894736842105,0.15789473684210525,0.46156430518382985,0,2
6,22,2071500.0,94159.09090909091,43925.907954308575,179,0.8603351955307262,0.09090909090909091,0.13636363636363635,0.45454545454545453,0.09090909090909091,0.22727272727272727,0.46650734974404473,3,1
18,22,13947500.0,633977.2727272727,413403.0800583513,183,0.8415300546448088,0.045454545454545456,0.5,0.045454545454545456,0.18181818181818182,0.22727272727272727,0.6520787066702799,5,0
67,2,33500.0,16750.0,1767.7669529663688,73,0.1917808219178082,0.0,0.0,0.0,0.0,1.0,0.10553832555023097,6,5
99,3,627500.0,209166.66666666666,151365.7270762881,157,0.1337579617834395,0.3333333333333333,0.3333333333333333,0.0,0.3333333333333333,0.0,0.7236608465798635,4,5
13,19,12886500.0,678236.8421052631,354824.2666925673,181,0.7348066298342542,0.0,0.6842105263157895,0.0,0.21052631578947367,0.10526315789473684,0.5231568748037698,5,0
3,17,2088500.0,122852.94117647059,48240.53168300308,169,0.7041420118343196,0.058823529411764705,0.11764705882352941,0.5882352941176471,0.11764705882352941,0.11764705882352941,0.3926689196126657,3,1
59,3,32000.0,10666.666666666666,4310.839052125854,103,0.2038834951456311,0.0,0.0,0.0,1.0,0.0,0.4041411611367989,4,4
103,2,46500.0,23250.0,5303.300858899106,154,0.09090909090909091,0.5,0.0,0.0,0.0,0.5,0.22809896167307983,1,3
1,25,1449452.4131383803,57978.09652553521,99041.34404896817,177,0.9887005649717514,0.0,0.16,0.2,0.4,0.24,1.708254495822358,0,0
8,3,355000.0,118333.33333333333,32001.302056843455,95,0.22105263157894736,0.0,0.3333333333333333,0.0,0.0,0.6666666666666666,0.27043353850853624,6,5
4,20,823000.0,41150.0,19751.815372930047,177,0.7909604519774012,0.1,0.25,0.15,0.25,0.25,0.4799955133154325,0,2
121,2,341500.0,170750.0,133996.73503485075,144,0.09722222222222221,0.0,1.0,0.0,0.0,0.0,0.7847539387106925,2,5
43,1,344500.0,344500.0,0.0,43,0.1627906976744186,0.0,0.0,0.0,0.0,1.0,0.0,6,6
21,15,1383000.0,92200.0,27714.61708196597,172,0.6104651162790697,0.06666666666666667,0.2,0.5333333333333333,0.06666666666666667,0.13333333333333333,0.30059237616015155,3,1
13,13,612500.0,47115.38461538462,24724.44290420063,181,0.5027624309392265,0.23076923076923078,0.0,0.15384615384615385,0.38461538461538464,0.23076923076923078,0.5247636861299726,0,2
13,3,45000.0,15000.0,6500.0,168,0.125,0.0,0.0,0.0,0.3333333333333333,0.6666666666666666,0.43333333333333335,6,5
22,16,24505807.97558573,1531612.998474108,4122098.4660361838,177,0.632768361581921,0.125,0.4375,0.1875,0.1875,0.0625,2.6913446609181855,5,0
15,17,14179500.0,834088.2352941176,497448.1202627478,183,0.6502732240437159,0.11764705882352941,0.35294117647058826,0.058823529411764705,0.29411764705882354,0.17647058823529413,0.5963974783643086,5,0
16,2,11000.0,5500.0,3535.5339059327375,151,0.09271523178807946,1.0,0.0,0.0,0.0,0.0,0.642824346533225,1,3
74,1,17500.0,17500.0,0.0,74,0.0945945945945946,0.0,0.0,0.0,1.0,0.0,0.0,4,4
133,1,161500.0,161500.0,0.0,133,0.05263157894736842,0.0,0.0,0.0,0.0,1.0,0.0,6,6
7,22,886000.0,40272.72727272727,21256.21885065262,182,0.8461538461538461,0.09090909090909091,0.3181818181818182,0.09090909090909091,0.18181818181818182,0.3181818181818182,0.5278067886166565,0,2
46,1,23000.0,23000.0,0.0,46,0.15217391304347827,0.0,0.0,0.0,1.0,0.0,0.0,4,4
2,20,821500.0,41075.0,17859.300245618753,171,0.8187134502923977,0.1,0.45,0.15,0.2,0.1,0.4347973279517651,0,2
16,17,2113000.0,124294.11764705883,102581.53141884408,177,0.672316384180791,0.0,0.058823529411764705,0.8235294117647058,0.0,0.11764705882352941,0.8253128415145998,3,1
17,11,358500.0,32590.909090909092,12509.632652116894,161,0.4782608695652174,0.0,0.2727272727272727,0.0,0.2727272727272727,0.45454545454545453,0.38383810090177356,0,2
3,6,110000.0,18333.333333333332,8727.351641057365,152,0.2763157894736842,0.0,0.0,0.16666666666666666,0.3333333333333333,0.5,0.47603736223949267,0,5
35,4,622500.0,155625.0,89463.56334657516,159,0.1761006289308176,0.0,0.0,0.25,0.5,0.25,0.5748662705000813,4,5
12,15,12633000.0,842200.0,403486.84701522265,182,0.5769230769230769,0.06666666666666667,0.4666666666666667,0.06666666666666667,0.26666666666666666,0.13333333333333333,0.4790867335730499,5,0
6,17,762500.0,44852.94117647059,18137.292991480936,175,0.68,0.058823529411764705,0.11764705882352941,0.11764705882352941,0.4117647058823529,0.29411764705882354,0.4043724339084274,0,2
9,10,448000.0,44800.0,22168.79689012364,164,0.426829268292683,0.0,0.3,0.3,0.0,0.4,0.49483921629740274,0,2
15,17,13566500.0,798029.4117647059,540288.3625490025,173,0.6878612716763005,0.0,0.4117647058823529,0.11764705882352941,0.17647058823529413,0.29411764705882354,0.6770281327780225,5,0
7,2,37500.0,18750.0,6010.407640085654,100,0.13999999999999999,0.0,0.0,0.0,0.5,0.5,0.3205550741379015,4,5
4,13,647000.0,49769.230769230766,46717.06298943646,179,0.5083798882681564,0.0,0.15384615384615385,0.3076923076923077,0.3076923076923077,0.23076923076923078,0.9386735994786306,0,2
7,16,1631500.0,101968.75,39055.28933448067,180,0.6222222222222222,0.0,0.1875,0.5625,0.125,0.125,0.38301233794158185,3,1
20,4,71500.0,17875.0,2212.653007891959,177,0.15819209039548024,0.25,0.25,0.0,0.0,0.5,0.12378478365829142,6,3
22,19,16194000.0,852315.7894736842,527831.2864534124,177,0.7514124293785311,0.0,0.631578947368421,0.05263157894736842,0.10526315789473684,0.21052631578947367,0.6192907522918881,5,0
12,2,44000.0,22000.0,9192.388155425118,24,0.5833333333333334,0.0,0.0,0.0,0.5,0.5,0.4178358252465963,4,5
2,23,894000.0,38869.565217391304,26850.6887465854,181,0.8895027624309392,0.13043478260869565,0.17391304347826086,0.13043478260869565,0.4782608695652174,0.08695652173913043,0.690789531511705,0,2
7,10,586500.0,58650.0,31359.076304423677,171,0.40935672514619886,0.2,0.2,0.0,0.3,0.3,0.5346816079185622,0,2
15,6,136000.0,22666.666666666668,14116.184564770563,167,0.25149700598802394,0.0,0.16666666666666666,0.0,0.3333333333333333,0.5,0.6227728484457601,0,5
3,14,484000.0,34571.42857142857,17483.90154361472,168,0.5833333333333334,0.14285714285714285,0.14285714285714285,0.07142857142857142,0.2857142857142857,0.35714285714285715,0.5057326892781118,0,2
9,3,46000.0,15333.333333333334,8808.140174482542,144,0.14583333333333331,0.3333333333333333,0.0,0.0,0.3333333333333333,0.3333333333333333,0.5744439244227745,4,3
65,4,31000.0,7750.0,3304.0379335998346,153,0.1830065359477124,0.75,0.0,0.0,0.0,0.25,0.4263274753032045,1,3
32,2,334500.0,167250.0,105005.3570062023,43,0.3255813953488372,0.0,0.0,0.5,0.5,0.0,0.6278347205154099,4,5
17,3,46500.0,15500.0,6383.572667401852,125,0.16799999999999998,0.0,0.0,0.0,0.6666666666666666,0.3333333333333333,0.4118433978968937,4,5
8,14,9036500.0,645464.2857142857,534637.348845196,180,0.5444444444444444,0.07142857142857142,0.6428571428571429,0.07142857142857142,0.0,0.21428571428571427,0.8282988860546389,5,0
2,20,14428000.0,721400.0,482870.62667474727,181,0.7734806629834254,0.0,0.4,0.1,0.15,0.35,0.6693521301285656,5,0
14,1,222500.0,222500.0,0.0,14,0.5,0.0,0.0,0.0,1.0,0.0,0.0,4,4
19,4,60000.0,15000.0,1683.2508230603462,121,0.23140495867768596,0.0,0.25,0.0,0.0,0.75,0.11221672153735641,6,5
1,4,74500.0,18625.0,12243.195389004186,170,0.16470588235294117,0.0,0.25,0.0,0.25,0.5,0.6573527725639832,0,5
22,1,38000.0,38000.0,0.0,22,0.3181818181818182,0.0,0.0,0.0,1.0,0.0,0.0,4,4
10,17,1028500.0,60500.0,43143.655385235965,175,0.68,0.058823529411764705,0.058823529411764705,0.11764705882352941,0.47058823529411764,0.29411764705882354,0.7131182708303465,0,2
153,1,17500.0,17500.0,0.0,153,0.0457516339869281,1.0,0.0,0.0,0.0,0.0,0.0,1,3
93,1,207500.0,207500.0,0.0,93,0.07526881720430108,1.0,0.0,0.0,0.0,0.0,0.0,1,3
5,5,42000.0,8400.0,2655.183609470351,80,0.4375,0.8,0.0,0.2,0.0,0.0,0.31609328684170845,1,3
18,16,866000.0,54125.0,44449.03448520189,177,0.632768361581921,0.0,0.4375,0.0,0.375,0.1875,0.8212292745533837,0,2
21,9,6256000.0,695111.1111111111,465286.72462376475,176,0.35795454545454547,0.0,0.5555555555555556,0.0,0.3333333333333333,0.1111111111111111,0.6693702879817587,5,0
8,4,110500.0,27625.0,20657.42400849309,175,0.16,0.0,0.25,0.0,0.25,0.5,0.7477800546060847,0,5
2,19,14378500.0,756763.1578947369,444289.4879724334,165,0.806060606060606,0.0,0.5789473684210527,0.05263157894736842,0.3157894736842105,0.05263157894736842,0.587091857389591,5,0
11,18,13230500.0,735027.7777777778,682548.1985183564,181,0.6961325966850829,0.0,0.4444444444444444,0.1111111111111111,0.2222222222222222,0.2222222222222222,0.928601910232449,5,0
7,14,614000.0,43857.142857142855,31108.636304847132,177,0.5536723163841808,0.07142857142857142,0.42857142857142855,0.0,0.5,0.0,0.7093174401756676,0,2
42,2,471000.0,235500.0,70003.57133746821,50,0.27999999999999997,0.0,0.0,0.5,0.5,0.0,0.29725507998924927,4,5
1,2,81305.29514183337,40652.647570916684,49713.35094811201,107,0.1308411214953271,0.5,0.0,0.0,0.5,0.0,1.2228810155941097,4,3
7,21,2396500.0,114119.04761904762,54936.30510916819,178,0.8258426966292135,0.09523809523809523,0.047619047619047616,0.7142857142857143,0.09523809523809523,0.047619047619047616,0.48139470364804177,3,1
1,20,2370000.0,118500.0,39422.14178805985,158,0.8860759493670886,0.0,0.0,0.85,0.1,0.05,0.3326763020089439,3,1
3,23,17191500.0,747456.5217391305,755215.0944815697,173,0.9306358381502889,0.0,0.5217391304347826,0.2608695652173913,0.13043478260869565,0.08695652173913043,1.010379965277963,5,0
3,5,118000.0,23600.0,11120.926220418873,123,0.2845528455284553,0.0,0.0,0.2,0.2,0.6,0.47122568730588443,0,5
8,16,625000.0,39062.5,19235.275754023733,179,0.6256983240223464,0.1875,0.375,0.1875,0.1875,0.0625,0.49242305930300756,0,2
7,21,9776000.0,465523.8095238095,325623.91942970327,180,0.8166666666666667,0.047619047619047616,0.5238095238095238,0.14285714285714285,0.14285714285714285,0.14285714285714285,0.6994785503297636,5,0
4,17,531000.0,31235.29411764706,13632.586932441995,159,0.7484276729559748,0.058823529411764705,0.5882352941176471,0.0,0.35294117647058826,0.0,0.4364481692118906,0,2
97,2,1050500.0,525250.0,643113.6174891649,117,0.11965811965811965,0.5,0.0,0.0,0.5,0.0,1.224395273658572,4,5
41,4,55500.0,13875.0,3794.18414594407,182,0.15384615384615385,0.0,0.0,0.25,0.25,0.5,0.27345471322119425,6,5
125,2,39500.0,19750.0,1060.6601717798212,172,0.0813953488372093,0.0,1.0,0.0,0.0,0.0,0.053704312495180824,2,6
9,3,54500.0,18166.666666666668,9073.771725877466,113,0.18584070796460178,0.3333333333333333,0.3333333333333333,0.0,0.0,0.3333333333333333,0.4994736729840807,1,3
21,3,21500.0,7166.666666666667,2753.785273643051,177,0.11864406779661017,0.6666666666666666,0.3333333333333333,0.0,0.0,0.0,0.3842491079501931,1,3
1,24,1054500.0,43937.5,21825.549696748014,154,1.0909090909090908,0.125,0.2916666666666667,0.08333333333333333,0.3333333333333333,0.16666666666666666,0.49674081813366744,0,2
7,15,709000.0,47266.666666666664,27990.984943285544,173,0.6069364161849711,0.2,0.3333333333333333,0.0,0.26666666666666666,0.2,0.5921929113530088,0,2
12,19,763500.0,40184.21052631579,34010.70522902221,173,0.7687861271676301,0.05263157894736842,0.21052631578947367,0.10526315789473684,0.21052631578947367,0.42105263157894735,0.8463698747235391,0,2
12,21,2124500.0,101166.66666666667,38954.24666622798,176,0.8352272727272727,0.0,0.047619047619047616,0.7142857142857143,0.09523809523809523,0.14285714285714285,0.3850502141637032,3,1
50,2,9500.0,4750.0,1060.6601717798212,133,0.10526315789473684,0.5,0.5,0.0,0.0,0.0,0.22329687826943603,1,3
21,1,20000.0,20000.0,0.0,21,0.3333333333333333,0.0,1.0,0.0,0.0,0.0,0.0,2,6
2,2,15000.0,7500.0,707.1067811865476,130,0.10769230769230768,0.0,0.5,0.0,0.0,0.5,0.09428090415820634,6,5
28,3,36000.0,12000.0,3905.124837953327,164,0.12804878048780488,0.0,0.0,0.0,0.0,1.0,0.3254270698294439,6,5
20,18,1697500.0,94305.55555555556,39793.266829544424,170,0.7411764705882353,0.1111111111111111,0.1111111111111111,0.3333333333333333,0.2222222222222222,0.2222222222222222,0.42196100319988195,3,1
20,14,646500.0,46178.57142857143,27297.933947502286,156,0.6282051282051282,0.07142857142857142,0.2857142857142857,0.14285714285714285,0.35714285714285715,0.14285714285714285,0.5911385541609158,0,2
6,17,12491500.0,734794.1176470588,518526.8212332273,171,0.695906432748538,0.0,0.5882352941176471,0.058823529411764705,0.29411764705882354,0.058823529411764705,0.7056763367862038,5,0
3,15,1383500.0,92233.33333333333,34259.96552968549,180,0.5833333333333333,0.0,0.2,0.8,0.0,0.0,0.3714488492557155,3,1
4,19,14170500.0,745815.7894736842,637110.081420749,174,0.764367816091954,0.05263157894736842,0.6842105263157895,0.0,0.10526315789473684,0.15789473684210525,0.8542459014850733,5,0
64,2,53000.0,26500.0,7071.067811865475,171,0.08187134502923978,0.5,0.0,0.0,0.0,0.5,0.2668327476175651,1,3
120,1,162000.0,162000.0,0.0,120,0.058333333333333334,0.0,0.0,0.0,0.0,1.0,0.0,6,6
14,2,13500.0,6750.0,3181.9805153394636,144,0.09722222222222221,1.0,0.0,0.0,0.0,0.0,0.4714045207910316,1,3
7,18,16107500.0,894861.1111111111,599700.974642303,166,0.7590361445783133,0.05555555555555555,0.5,0.1111111111111111,0.1111111111111111,0.2222222222222222,0.6701609525724944,5,0
20,22,2504500.0,113840.90909090909,30420.617367814237,173,0.8901734104046243,0.0,0.045454545454545456,0.5454545454545454,0.18181818181818182,0.22727272727272727,0.2672204360518719,3,1
63,3,357000.0,119000.0,78251.19807389533,175,0.12,0.3333333333333333,0.6666666666666666,0.0,0.0,0.0,0.657573093057944,2,5
33,3,35000.0,11666.666666666666,6171.169527191206,171,0.12280701754385966,0.3333333333333333,0.0,0.3333333333333333,0.0,0.3333333333333333,0.5289573880449605,1,3
109,1,13500.0,13500.0,0.0,109,0.06422018348623854,0.0,0.0,0.0,0.0,1.0,0.0,6,6
11,3,59500.0,19833.333333333332,12493.331554606775,90,0.23333333333333334,0.0,0.0,0.0,0.6666666666666666,0.3333333333333333,0.6299158767028626,4,5
62,2,143500.0,71750.0,53386.56197958434,163,0.08588957055214724,0.0,0.5,0.0,0.5,0.0,0.7440635815969943,4,5
4,19,901500.0,47447.36842105263,32627.48276497817,167,0.7964071856287425,0.10526315789473684,0.3157894736842105,0.05263157894736842,0.15789473684210525,0.3684210526315789,0.6876563200605493,0,2
18,3,55000.0,18333.333333333332,9776.672917374977,35,0.6,0.0,0.0,0.0,0.3333333333333333,0.6666666666666666,0.5332730682204534,6,5
10,14,9016000.0,644000.0,340126.72977537697,172,0.5697674418604651,0.07142857142857142,0.6428571428571429,0.07142857142857142,0.14285714285714285,0.07142857142857142,0.5281470959244984,5,0
3,23,17546500.0,762891.304347826,471378.1524935382,175,0.92,0.08695652173913043,0.4782608695652174,0.043478260869565216,0.21739130434782608,0.17391304347826086,0.6178837664121836,5,0
64,2,475500.0,237750.0,48436.814511278506,68,0.2058823529411765,0.5,0.5,0.0,0.0,0.0,0.20373002949013042,2,5
9,4,41500.0,10375.0,3682.729965664059,169,0.16568047337278108,1.0,0.0,0.0,0.0,0.0,0.3549619244013551,1,3
29,17,672000.0,39529.41176470588,24896.329164805662,182,0.6538461538461539,0.11764705882352941,0.11764705882352941,0.17647058823529413,0.47058823529411764,0.11764705882352941,0.6298178508953813,0,2
20,3,67500.0,22500.0,10500.0,53,0.39622641509433965,0.0,0.3333333333333333,0.0,0.0,0.6666666666666666,0.4666666666666667,6,5
72,2,26000.0,13000.0,6363.961030678927,100,0.13999999999999999,0.0,0.0,0.0,0.5,0.5,0.48953546389837904,4,5
4,18,12278000.0,682111.1111111111,524408.6461001337,180,0.7,0.0,0.5555555555555556,0.05555555555555555,0.2222222222222222,0.16666666666666666,0.7688023806647993,5,0
13,16,14581500.0,911343.75,560486.8633236048,162,0.691358024691358,0.0,0.5,0.1875,0.25,0.0625,0.6150114743461014,5,0
47,1,110000.0,110000.0,0.0,47,0.14893617021276595,1.0,0.0,0.0,0.0,0.0,0.0,1,3
89,1,37500.0,37500.0,0.0,89,0.07865168539325842,0.0,0.0,0.0,0.0,1.0,0.0,6,6
16,14,649500.0,46392.857142857145,26065.13923838665,177,0.5536723163841808,0.21428571428571427,0.14285714285714285,0.0,0.2857142857142857,0.35714285714285715,0.5618351798882418,0,2
13,20,16471500.0,823575.0,963523.8133101794,163,0.8588957055214724,0.0,0.45,0.2,0.2,0.15,1.1699284379809725,5,0
7,16,1769500.0,110593.75,35513.94972401689,169,0.6627218934911243,0.0,0.125,0.75,0.0625,0.0625,0.32112076608322704,3,1
21,16,12914500.0,807156.25,674343.9705558284,182,0.6153846153846154,0.0,0.25,0.0,0.3125,0.4375,0.8354565433344887,5,0
16,13,498500.0,38346.153846153844,21510.06025811393,170,0.5352941176470588,0.07692307692307693,0.46153846153846156,0.15384615384615385,0.15384615384615385,0.15384615384615385,0.5609443999106942,0,2
1,3,42500.0,14166.666666666666,5686.2407030773265,174,0.12068965517241378,0.0,0.0,0.0,0.6666666666666666,0.3333333333333333,0.4013816966878113,4,5
35,2,23500.0,11750.0,8838.834764831845,101,0.1386138613861386,0.0,0.5,0.0,0.0,0.5,0.7522412565814336,2,5
4,19,736500.0,38763.15789473684,32800.47781708736,172,0.7732558139534883,0.05263157894736842,0.15789473684210525,0.21052631578947367,0.21052631578947367,0.3684210526315789,0.8461766171414256,0,2
112,3,1022500.0,340833.3333333333,73611.027253621,175,0.12,0.0,0.0,0.6666666666666666,0.3333333333333333,0.0,0.21597367409375354,2,5
97,2,21500.0,10750.0,4596.194077712559,121,0.11570247933884298,0.5,0.0,0.0,0.5,0.0,0.4275529374616334,4,3
3,11,8918500.0,810772.7272727273,574656.3043957824,171,0.45029239766081874,0.18181818181818182,0.5454545454545454,0.0,0.2727272727272727,0.0,0.708776066418524,5,0
3,21,17711500.0,843404.7619047619,820819.2952630868,182,0.8076923076923077,0.0,0.5238095238095238,0.19047619047619047,0.09523809523809523,0.19047619047619047,0.973221082377259,5,0
107,2,200000.0,100000.0,81317.27983645296,142,0.09859154929577466,0.0,0.0,0.0,1.0,0.0,0.8131727983645296,4,4
22,14,587500.0,41964.28571428572,18171.685800584513,172,0.5697674418604651,0.14285714285714285,0.2857142857142857,0.14285714285714285,0.14285714285714285,0.2857142857142857,0.43302740631180114,0,2
8,19,811000.0,42684.21052631579,23673.831383991495,180,0.7388888888888888,0.05263157894736842,0.3684210526315789,0.0,0.3157894736842105,0.2631578947368421,0.5546273690454235,0,2
165,1,23000.0,23000.0,0.0,165,0.04242424242424242,0.0,0.0,0.0,0.0,1.0,0.0,6,6
65,2,37000.0,18500.0,1414.213562373095,100,0.13999999999999999,0.5,0.0,0.0,0.0,0.5,0.07644397634449163,1,3
170,1,13500.0,13500.0,0.0,170,0.041176470588235294,0.0,0.0,0.0,1.0,0.0,0.0,4,4
76,2,251000.0,125500.0,120208.15280171308,87,0.16091954022988506,0.0,0.0,0.0,1.0,0.0,0.9578338868662396,4,4
82,3,65000.0,21666.666666666668,8808.140174482542,161,0.13043478260869565,0.0,0.0,0.0,0.6666666666666666,0.3333333333333333,0.40652954651457884,4,5
19,13,554500.0,42653.846153846156,30223.738335526246,132,0.6893939393939393,0.0,0.07692307692307693,0.15384615384615385,0.15384615384615385,0.6153846153846154,0.7085817824379462,0,2
76,1,24500.0,24500.0,0.0,76,0.09210526315789473,0.0,0.0,1.0,0.0,0.0,0.0,2,6
16,4,635500.0,158875.0,36222.40328857266,153,0.1830065359477124,0.0,0.75,0.0,0.25,0.0,0.22799309701697978,2,5
11,2,546000.0,273000.0,185261.97667087545,99,0.1414141414141414,0.0,0.0,0.0,0.5,0.5,0.678615299160716,4,5
10,12,1242000.0,103500.0,38813.071837391915,181,0.46408839779005523,0.0,0.0,0.6666666666666666,0.16666666666666666,0.16666666666666666,0.37500552499895573,3,1
8,10,5206500.0,520650.0,228728.73914554573,161,0.43478260869565216,0.1,0.5,0.0,0.2,0.2,0.43931381762325117,5,0
9,24,2997500.0,124895.83333333333,40753.761940694996,175,0.96,0.0,0.25,0.625,0.041666666666666664,0.08333333333333333,0.32630201387045205,3,1
11,15,1917000.0,127800.0,71676.30610698948,174,0.603448275862069,0.13333333333333333,0.13333333333333333,0.4,0.26666666666666666,0.06666666666666667,0.5608474656258957,3,1
116,2,48500.0,24250.0,5303.300858899106,156,0.08974358974358974,0.0,0.0,0.0,0.0,1.0,0.21869281892367448,6,5
6,16,13047500.0,815468.75,598395.9243608422,176,0.6363636363636364,0.0,0.375,0.125,0.4375,0.0625,0.7338060770088887,5,0
28,2,283500.0,141750.0,85206.36713297898,34,0.411764705882353,0.5,0.0,0.5,0.0,0.0,0.6011031191039081,3,5
100,1,40000.0,40000.0,0.0,100,0.06999999999999999,0.0,0.0,0.0,0.0,1.0,0.0,6,6
13,26,2862000.0,110076.92307692308,27621.98121340766,178,1.0224719101123596,0.038461538461538464,0.038461538461538464,0.6153846153846154,0.15384615384615385,0.15384615384615385,0.25093344219028624,3,1
30,18,13567000.0,753722.2222222222,404453.05196256103,183,0.6885245901639344,0.05555555555555555,0.6666666666666666,0.05555555555555555,0.1111111111111111,0.1111111111111111,0.5366075724424042,5,0
2,16,14703000.0,918937.5,728088.6364310322,159,0.7044025157232704,0.0625,0.6875,0.125,0.0625,0.0625,0.7923157303201058,5,0
31,16,530500.0,33156.25,17860.30864794895,178,0.6292134831460674,0.1875,0.25,0.125,0.3125,0.125,0.5386709488542567,0,2
7,17,2127500.0,125147.05882352941,61871.78393305646,171,0.695906432748538,0.11764705882352941,0.23529411764705882,0.4117647058823529,0.11764705882352941,0.11764705882352941,0.49439263307260156,3,1
56,4,497500.0,124375.0,40735.68255636983,175,0.16,0.5,0.0,0.25,0.25,0.0,0.3275230758301092,1,5
33,12,513500.0,42791.666666666664,41866.920296954195,177,0.4745762711864407,0.16666666666666666,0.4166666666666667,0.08333333333333333,0.16666666666666666,0.16666666666666666,0.9783895687701079,0,2
55,3,52000.0,17333.333333333332,6658.328118479392,75,0.28,0.0,0.0,0.0,0.3333333333333333,0.6666666666666666,0.3841343145276573,6,5
22,14,620000.0,44285.71428571428,28628.062003319996,167,0.5868263473053892,0.14285714285714285,0.35714285714285715,0.0,0.14285714285714285,0.35714285714285715,0.6464401097523871,0,2
23,17,789500.0,46441.17647058824,36425.81603107076,167,0.7125748502994012,0.11764705882352941,0.17647058823529413,0.11764705882352941,0.35294117647058826,0.23529411764705882,0.7843430937659315,0,2
67,2,11500.0,5750.0,1060.6601717798212,101,0.1386138613861386,1.0,0.0,0.0,0.0,0.0,0.18446263857040368,1,3
6,20,13531500.0,676575.0,704741.3163894365,183,0.7650273224043715,0.1,0.8,0.0,0.05,0.05,1.0416307377444283,5,0
62,1,16000.0,16000.0,0.0,62,0.11290322580645161,0.0,0.0,0.0,0.0,1.0,0.0,6,6
5,4,46500.0,11625.0,4289.036410819257,153,0.1830065359477124,0.0,0.0,0.0,0.25,0.75,0.3689493686726243,6,5
7,2,20000.0,10000.0,2121.3203435596424,108,0.12962962962962962,0.0,0.0,0.0,0.0,1.0,0.21213203435596426,6,5
59,2,29000.0,14500.0,7071.067811865475,78,0.1794871794871795,0.0,0.0,0.0,1.0,0.0,0.4876598490941707,4,4
12,28,3046500.0,108803.57142857143,34191.275496913244,165,1.1878787878787878,0.10714285714285714,0.07142857142857142,0.6785714285714286,0.03571428571428571,0.10714285714285714,0.31424773146678836,3,1
18,4,63500.0,15875.0,5170.0257897487,177,0.15819209039548024,0.0,0.0,0.25,0.0,0.75,0.3256709158896819,6,5
23,17,665000.0,39117.64705882353,19651.279706870162,183,0.6502732240437159,0.17647058823529413,0.35294117647058826,0.17647058823529413,0.0,0.29411764705882354,0.5023635413786357,0,2
19,17,1618500.0,95205.88235294117,33541.04706527949,182,0.6538461538461539,0.058823529411764705,0.11764705882352941,0.7058823529411765,0.11764705882352941,0.0,0.3523001545318204,3,1
5,24,1115000.0,46458.333333333336,24699.46164994495,179,0.9385474860335195,0.16666666666666666,0.25,0.125,0.2916666666666667,0.16666666666666666,0.5316476050212365,0,2
4,27,3182000.0,117851.85185185185,44366.65735549935,182,1.0384615384615385,0.0,0.1111111111111111,0.8148148148148148,0.037037037037037035,0.037037037037037035,0.3764612660586054,3,1
35,4,59500.0,14875.0,2136.0009363293825,127,0.2204724409448819,0.25,0.0,0.0,0.25,0.5,0.1435967016019753,6,3
3,16,1552500.0,97031.25,33172.513094428046,180,0.6222222222222222,0.0,0.0,0.75,0.125,0.125,0.3418745310858929,3,1
135,1,82000.0,82000.0,0.0,135,0.05185185185185186,0.0,1.0,0.0,0.0,0.0,0.0,2,6
30,16,1854000.0,115875.0,52515.23588445547,169,0.6627218934911243,0.0,0.0,0.875,0.0,0.125,0.4532059191754517,3,1
21,19,890500.0,46868.42105263158,30453.900546227767,176,0.7556818181818182,0.0,0.21052631578947367,0.21052631578947367,0.2631578947368421,0.3157894736842105,0.649774408061008,0,2
17,16,1771500.0,110718.75,50993.453419695616,170,0.6588235294117647,0.0,0.1875,0.5625,0.1875,0.0625,0.4605674596190403,3,1
11,4,43000.0,10750.0,4481.44321991625,137,0.2043795620437956,0.25,0.25,0.25,0.0,0.25,0.41687843906197675,2,3
16,3,36000.0,12000.0,3122.4989991991993,66,0.3181818181818182,0.3333333333333333,0.0,0.0,0.3333333333333333,0.3333333333333333,0.2602082499332666,4,3
61,3,37500.0,12500.0,6244.9979983983985,119,0.17647058823529413,0.0,0.0,0.0,0.3333333333333333,0.6666666666666666,0.4995998398718719,6,5
13,1,82500.0,82500.0,0.0,13,0.5384615384615384,0.0,0.0,0.0,1.0,0.0,0.0,4,4
8,15,526500.0,35100.0,26193.783340981612,102,1.0294117647058825,0.06666666666666667,0.3333333333333333,0.0,0.26666666666666666,0.3333333333333333,0.7462616336461998,0,2
10,16,1425000.0,89062.5,27432.872616625475,179,0.6256983240223464,0.125,0.0,0.75,0.125,0.0,0.3080182188533387,3,1
168,1,129500.0,129500.0,0.0,168,0.041666666666666664,0.0,0.0,1.0,0.0,0.0,0.0,2,6
9,17,1161771.5840939647,68339.5049467038,123796.42290011767,156,0.7628205128205129,0.058823529411764705,0.11764705882352941,0.11764705882352941,0.35294117647058826,0.35294117647058826,1.8114913620849795,0,0
6,20,15308500.0,765425.0,317682.90525219275,163,0.8588957055214724,0.1,0.55,0.05,0.1,0.2,0.4150411931308655,5,0
3,14,16325000.0,1166071.4285714286,1098820.9215256223,140,0.7,0.07142857142857142,0.2857142857142857,0.14285714285714285,0.2857142857142857,0.21428571428571427,0.9423272833910389,5,0
161,1,31500.0,31500.0,0.0,161,0.043478260869565216,0.0,0.0,0.0,0.0,1.0,0.0,6,6
97,3,420500.0,140166.66666666666,110293.16993056884,178,0.11797752808988765,0.0,0.3333333333333333,0.3333333333333333,0.0,0.3333333333333333,0.7868716047365197,2,5
12,14,543000.0,38785.71428571428,13207.972950099098,162,0.6049382716049383,0.0,0.21428571428571427,0.21428571428571427,0.35714285714285715,0.21428571428571427,0.34053705580366,0,2
94,3,116000.0,38666.666666666664,12189.476335484364,140,0.15,0.0,0.0,0.0,0.3333333333333333,0.6666666666666666,0.315245077641837,6,5
43,2,773000.0,386500.0,316076.73119038675,54,0.25925925925925924,0.0,0.0,0.0,0.0,1.0,0.8177923187332128,6,5
5,24,972500.0,40520.833333333336,26470.853194420837,182,0.9230769230769231,0.041666666666666664,0.4166666666666667,0.08333333333333333,0.2916666666666667,0.16666666666666666,0.6532652716360926,0,2
118,1,243000.0,243000.0,0.0,118,0.059322033898305086,0.0,0.0,1.0,0.0,0.0,0.0,2,6
9,20,768000.0,38400.0,26384.604761509174,176,0.7954545454545455,0.15,0.15,0.15,0.3,0.25,0.6870990823309681,0,2
13,21,16694000.0,794952.380952381,567864.0881575869,180,0.8166666666666667,0.0,0.47619047619047616,0.19047619047619047,0.19047619047619047,0.14285714285714285,0.714337238008226,5,0
26,14,478500.0,34178.57142857143,19725.624824711504,174,0.5632183908045977,0.07142857142857142,0.2857142857142857,0.07142857142857142,0.2857142857142857,0.2857142857142857,0.5771342686435967,0,2
25,13,1507000.0,115923.07692307692,56386.99841048103,178,0.5112359550561798,0.07692307692307693,0.15384615384615385,0.6153846153846154,0.0,0.15384615384615385,0.48641737182233136,3,1
33,1,47500.0,47500.0,0.0,33,0.21212121212121213,0.0,0.0,0.0,0.0,1.0,0.0,6,6
28,3,490500.0,163500.0,42517.64339659478,157,0.1337579617834395,0.0,0.3333333333333333,0.0,0.0,0.6666666666666666,0.2600467486030262,6,5
107,3,17500.0,5833.333333333333,2362.9078131263045,114,0.1842105263157895,1.0,0.0,0.0,0.0,0.0,0.4050699108216522,1,3
11,19,2127000.0,111947.36842105263,44944.686602547015,183,0.726775956284153,0.0,0.15789473684210525,0.6842105263157895,0.15789473684210525,0.0,0.4014805103189437,3,1
84,2,106000.0,53000.0,31112.69837220809,85,0.16470588235294117,0.0,0.5,0.0,0.5,0.0,0.5870320447586432,4,5
3,19,11066500.0,582447.3684210526,370881.2289195994,160,0.8312499999999999,0.05263157894736842,0.5263157894736842,0.15789473684210525,0.15789473684210525,0.10526315789473684,0.6367635069328504,5,0
37,2,18000.0,9000.0,707.1067811865476,170,0.08235294117647059,1.0,0.0,0.0,0.0,0.0,0.07856742013183862,1,3
13,16,1579000.0,98687.5,38622.47834271298,183,0.6120218579234973,0.0,0.125,0.625,0.125,0.125,0.39136140182609735,3,1
69,1,118500.0,118500.0,0.0,69,0.10144927536231883,0.0,0.0,0.0,0.0,1.0,0.0,6,6
150,1,37500.0,37500.0,0.0,150,0.04666666666666667,0.0,0.0,0.0,1.0,0.0,0.0,4,4
2,20,14981000.0,749050.0,450472.7896449755,177,0.7909604519774012,0.05,0.65,0.05,0.2,0.05,0.6013921495827722,5,0
3,21,1900000.0,90476.19047619047,38563.41407035825,182,0.8076923076923077,0.09523809523809523,0.0,0.7142857142857143,0.14285714285714285,0.047619047619047616,0.4262272081460649,3,1
179,1,20000.0,20000.0,0.0,179,0.03910614525139665,0.0,0.0,0.0,1.0,0.0,0.0,4,4
54,2,23500.0,11750.0,2474.8737341529163,136,0.10294117647058824,0.0,0.0,0.5,0.0,0.5,0.21062755184280138,6,5
21,3,20500.0,6833.333333333333,1892.969448600091,166,0.12650602409638553,0.6666666666666666,0.3333333333333333,0.0,0.0,0.0,0.2770199193073304,1,3
164,1,14000.0,14000.0,0.0,164,0.042682926829268296,1.0,0.0,0.0,0.0,0.0,0.0,1,3
30,14,448000.0,32000.0,18644.446481871877,179,0.547486033519553,0.07142857142857142,0.35714285714285715,0.0,0.2857142857142857,0.2857142857142857,0.5826389525584962,0,2
169,1,10500.0,10500.0,0.0,169,0.04142011834319527,0.0,0.0,0.0,1.0,0.0,0.0,4,4
3,3,57000.0,19000.0,21230.873745562145,38,0.5526315789473684,0.0,0.0,0.0,0.6666666666666666,0.3333333333333333,1.1174144076611656,0,2
3,19,2196500.0,115605.26315789473,53688.29247180442,170,0.7823529411764706,0.10526315789473684,0.0,0.631578947368421,0.21052631578947367,0.05263157894736842,0.464410451611329,3,1
34,3,18000.0,6000.0,2783.882181415011,158,0.13291139240506328,0.3333333333333333,0.3333333333333333,0.3333333333333333,0.0,0.0,0.4639803635691685,2,3
3,4,30500.0,7625.0,853.9125638299665,181,0.15469613259668508,0.5,0.0,0.0,0.5,0.0,0.11198853296130709,4,3
22,15,1206000.0,80400.0,33251.85279477994,181,0.580110497237569,0.06666666666666667,0.2,0.6,0.06666666666666667,0.06666666666666667,0.4135802586415415,3,1
12,10,1117500.0,111750.0,37844.89544325775,168,0.4166666666666667,0.1,0.2,0.5,0.0,0.2,0.33865678249000225,3,1
28,3,63500.0,21166.666666666668,12848.475914805356,87,0.24137931034482757,0.0,0.0,0.0,0.3333333333333333,0.6666666666666666,0.6070146101482845,6,5
119,2,338000.0,169000.0,8485.28137423857,156,0.08974358974358974,0.5,0.0,0.0,0.0,0.5,0.05020876552803887,1,5
62,2,64000.0,32000.0,8485.28137423857,114,0.12280701754385966,0.0,0.0,0.0,1.0,0.0,0.2651650429449553,4,4
11,17,518000.0,30470.58823529412,16492.868333990693,183,0.6502732240437159,0.11764705882352941,0.23529411764705882,0.0,0.29411764705882354,0.35294117647058826,0.5412717406908142,0,2
15,2,11500.0,5750.0,1060.6601717798212,138,0.10144927536231883,0.5,0.0,0.0,0.0,0.5,0.18446263857040368,1,3
115,1,133000.0,133000.0,0.0,115,0.06086956521739131,1.0,0.0,0.0,0.0,0.0,0.0,1,3
57,1,7000.0,7000.0,0.0,57,0.12280701754385966,0.0,0.0,0.0,0.0,1.0,0.0,6,6
1,16,1753000.0,109562.5,43633.65482438221,176,0.6363636363636364,0.0,0.25,0.75,0.0,0.0,0.39825355230468645,3,1
2,18,12028000.0,668222.2222222222,373007.65731858724,178,0.7078651685393259,0.05555555555555555,0.6111111111111112,0.1111111111111111,0.16666666666666666,0.05555555555555555,0.5582089983151455,5,0
34,2,28000.0,14000.0,3535.5339059327375,82,0.17073170731707318,0.0,0.0,0.0,0.0,1.0,0.2525381361380527,6,5
89,2,26500.0,13250.0,3181.9805153394636,146,0.0958904109589041,0.0,0.0,0.0,1.0,0.0,0.24014947285580857,4,4
1,22,772500.0,35113.63636363636,24672.102916809956,173,0.8901734104046243,0.13636363636363635,0.2727272727272727,0.09090909090909091,0.22727272727272727,0.2727272727272727,0.7026359406729049,0,2
1,20,16015500.0,800775.0,773746.379551091,152,0.9210526315789473,0.05,0.55,0.05,0.25,0.1,0.9662469227324667,5,0
77,3,35500.0,11833.333333333334,5751.811308912465,108,0.19444444444444445,0.0,0.0,0.0,0.3333333333333333,0.6666666666666666,0.48606856131654635,6,5
5,18,14339500.0,796638.8888888889,600903.8242895046,175,0.72,0.1111111111111111,0.5,0.2222222222222222,0.05555555555555555,0.1111111111111111,0.7542988833091169,5,0
135,1,9000.0,9000.0,0.0,135,0.05185185185185186,1.0,0.0,0.0,0.0,0.0,0.0,1,3
10,5,35500.0,7100.0,1193.7336386313323,134,0.2611940298507463,0.6,0.0,0.0,0.0,0.4,0.1681314983987792,1,3
4,17,1628500.0,95794.11764705883,30902.092780834344,180,0.6611111111111111,0.058823529411764705,0.17647058823529413,0.6470588235294118,0.0,0.11764705882352941,0.32258862589756454,3,1
84,1,109500.0,109500.0,0.0,84,0.08333333333333333,0.0,0.0,0.0,0.0,1.0,0.0,6,6
8,23,961000.0,41782.608695652176,23665.6761840648,182,0.8846153846153846,0.13043478260869565,0.21739130434782608,0.043478260869565216,0.4782608695652174,0.13043478260869565,0.5664001584115405,0,2
4,16,1449000.0,90562.5,41319.436507935745,183,0.6120218579234973,0.0625,0.0625,0.625,0.125,0.125,0.4562532671683726,3,1
131,1,211000.0,211000.0,0.0,131,0.05343511450381679,0.0,0.0,0.0,0.0,1.0,0.0,6,6
104,2,78000.0,39000.0,7778.174593052023,105,0.13333333333333333,0.0,0.0,0.0,0.0,1.0,0.1994403741808211,6,5
1,17,711500.0,41852.94117647059,28174.547858995422,174,0.6839080459770115,0.17647058823529413,0.4117647058823529,0.0,0.17647058823529413,0.23529411764705882,0.6731796396386819,0,2
63,3,109500.0,36500.0,23574.350468252567,175,0.12,0.0,0.3333333333333333,0.0,0.0,0.6666666666666666,0.6458726155685635,6,5
29,1,12000.0,12000.0,0.0,29,0.24137931034482757,0.0,0.0,1.0,0.0,0.0,0.0,2,6
91,2,74500.0,37250.0,7424.621202458749,98,0.14285714285714285,0.0,0.0,0.0,0.0,1.0,0.1993186899988926,6,5
160,1,15500.0,15500.0,0.0,160,0.04375,0.0,0.0,0.0,0.0,1.0,0.0,6,6
92,1,17000.0,17000.0,0.0,92,0.07608695652173914,0.0,0.0,0.0,1.0,0.0,0.0,4,4
9,18,2002000.0,111222.22222222222,42552.46665354024,178,0.7078651685393259,0.1111111111111111,0.05555555555555555,0.6666666666666666,0.05555555555555555,0.1111111111111111,0.3825896102715906,3,1
7,19,890500.0,46868.42105263158,28577.303593966913,179,0.7430167597765363,0.15789473684210525,0.21052631578947367,0.05263157894736842,0.3157894736842105,0.2631578947368421,0.6097347201407876,0,2
47,5,67000.0,13400.0,3943.3488306260706,174,0.20114942528735633,0.0,0.2,0.0,0.4,0.4,0.29427976347955753,4,5
4,21,2186500.0,104119.04761904762,37826.216028670104,177,0.8305084745762712,0.09523809523809523,0.09523809523809523,0.6666666666666666,0.09523809523809523,0.047619047619047616,0.3632977528479635,3,1
10,18,651000.0,36166.666666666664,19377.822375076103,160,0.7875,0.1111111111111111,0.16666666666666666,0.16666666666666666,0.3333333333333333,0.2222222222222222,0.5357923237348231,0,2
12,2,45000.0,22500.0,2828.42712474619,123,0.11382113821138211,0.0,0.0,0.0,1.0,0.0,0.1257078722109418,4,4
53,2,54500.0,27250.0,18738.32970144351,67,0.208955223880597,0.0,0.0,0.0,0.5,0.5,0.6876451266584773,4,5
8,17,734000.0,43176.470588235294,28575.525572851777,176,0.6761363636363636,0.058823529411764705,0.5294117647058824,0.058823529411764705,0.17647058823529413,0.17647058823529413,0.6618309737581475,0,2
1,16,10129500.0,633093.75,302282.6061127787,183,0.6120218579234973,0.0,0.6875,0.0625,0.1875,0.0625,0.4774689469178596,5,0
2,15,634500.0,42300.0,25254.985363572985,171,0.6140350877192983,0.2,0.2,0.06666666666666667,0.4,0.13333333333333333,0.5970445712428601,0,2
105,1,13000.0,13000.0,0.0,105,0.06666666666666667,1.0,0.0,0.0,0.0,0.0,0.0,1,3
8,5,31000.0,6200.0,2464.7515087732477,177,0.1977401129943503,0.2,0.0,0.0,0.4,0.4,0.397540565931169,4,3
4,7,46000.0,6571.428571428572,2299.0681342044404,181,0.27071823204419887,0.7142857142857143,0.0,0.0,0.14285714285714285,0.14285714285714285,0.34985819433545834,1,3
128,1,6500.0,6500.0,0.0,128,0.0546875,0.0,0.0,0.0,0.0,1.0,0.0,6,6
60,3,47000.0,15666.666666666666,8519.585279421372,134,0.15671641791044777,0.0,0.0,0.0,0.3333333333333333,0.6666666666666666,0.5438033157077471,6,5
21,11,6305000.0,573181.8181818182,190658.23778783763,180,0.42777777777777776,0.0,0.5454545454545454,0.18181818181818182,0.18181818181818182,0.09090909090909091,0.33263134269091416,5,0
47,2,519500.0,259750.0,216728.22843367682,97,0.14432989690721648,0.5,0.0,0.5,0.0,0.0,0.8343723905050118,2,5
22,6,1092500.0,182083.33333333334,123851.28851435767,154,0.2727272727272727,0.5,0.5,0.0,0.0,0.0,0.6801901428706142,5,5
19,13,522500.0,40192.307692307695,19818.48722525097,169,0.5384615384615384,0.07692307692307693,0.3076923076923077,0.0,0.46153846153846156,0.15384615384615385,0.4930915481880624,0,2
8,14,537000.0,38357.142857142855,15959.59871703519,178,0.550561797752809,0.07142857142857142,0.42857142857142855,0.07142857142857142,0.35714285714285715,0.07142857142857142,0.41607892372158783,0,2
80,4,45000.0,11250.0,5693.5636175129075,163,0.17177914110429449,0.0,0.0,0.0,0.25,0.75,0.5060945437789252,6,5
171,1,702500.0,702500.0,0.0,171,0.04093567251461989,0.0,0.0,1.0,0.0,0.0,0.0,2,6
56,3,642500.0,214166.66666666666,137946.84966802734,173,0.12138728323699421,0.3333333333333333,0.3333333333333333,0.3333333333333333,0.0,0.0,0.6441098038974039,2,5
1,22,1076000.0,48909.09090909091,28355.580774143225,173,0.8901734104046243,0.045454545454545456,0.22727272727272727,0.09090909090909091,0.4090909090909091,0.22727272727272727,0.5797609451962369,0,2
4,20,19214116.70159895,960705.8350799475,965020.3811858542,165,0.8484848484848484,0.15,0.55,0.05,0.15,0.1,1.0044910168631875,5,0
8,21,765500.0,36452.380952380954,23067.241253509685,163,0.901840490797546,0.09523809523809523,0.19047619047619047,0.09523809523809523,0.42857142857142855,0.19047619047619047,0.6328047894496451,0,2
8,13,1381000.0,106230.76923076923,42596.27105384118,171,0.5321637426900585,0.0,0.0,0.7692307692307693,0.07692307692307693,0.15384615384615385,0.4009786558290625,3,1
3,6,48000.0,8000.0,2898.275349237888,134,0.31343283582089554,1.0,0.0,0.0,0.0,0.0,0.362284418654736,1,3
8,21,12912500.0,614880.9523809524,354014.0853399022,175,0.84,0.047619047619047616,0.2857142857142857,0.047619047619047616,0.38095238095238093,0.23809523809523808,0.5757441078132001,5,0
2,22,1174500.0,53386.36363636364,29590.83344960774,151,1.019867549668874,0.18181818181818182,0.18181818181818182,0.0,0.5,0.13636363636363635,0.5542769994817968,0,2
8,19,12124000.0,638105.2631578947,582508.931236904,175,0.76,0.05263157894736842,0.5789473684210527,0.10526315789473684,0.21052631578947367,0.05263157894736842,0.9128727889723834,5,0
17,4,64000.0,16000.0,4377.9751788545655,124,0.22580645161290322,0.25,0.0,0.25,0.0,0.5,0.2736234486784103,6,5
158,1,281000.0,281000.0,0.0,158,0.04430379746835443,0.0,0.0,1.0,0.0,0.0,0.0,2,6
21,5,105500.0,21100.0,11392.980294900892,129,0.2713178294573644,0.0,0.0,0.0,0.6,0.4,0.539951672744118,4,5
63,1,335500.0,335500.0,0.0,63,0.1111111111111111,1.0,0.0,0.0,0.0,0.0,0.0,1,3
24,4,78500.0,19625.0,10926.84004336722,98,0.2857142857142857,0.25,0.0,0.0,0.25,0.5,0.55678165826075,6,3
2,20,811500.0,40575.0,18078.247324223372,175,0.8,0.0,0.3,0.05,0.2,0.45,0.44555138198948546,0,2
24,4,83000.0,20750.0,6512.807894193307,177,0.15819209039548024,0.0,0.0,0.0,0.5,0.5,0.3138702599611232,4,5
10,19,894500.0,47078.94736842105,40242.75751192682,171,0.7777777777777778,0.15789473684210525,0.2631578947368421,0.0,0.2631578947368421,0.3157894736842105,0.8547930606222578,0,2
30,2,72500.0,36250.0,23688.077169749344,46,0.30434782608695654,0.0,0.0,0.5,0.0,0.5,0.6534641977861888,6,5
6,14,3603981.078594228,257427.2198995877,546713.7147620128,163,0.6012269938650306,0.2857142857142857,0.21428571428571427,0.35714285714285715,0.14285714285714285,0.0,2.123760319422571,5,0
1,17,580500.0,34147.05882352941,17001.62189494942,180,0.6611111111111111,0.058823529411764705,0.29411764705882354,0.11764705882352941,0.29411764705882354,0.23529411764705882,0.4978941812474421,0,2
2,20,957000.0,47850.0,22029.943736937494,179,0.7821229050279329,0.05,0.3,0.1,0.3,0.25,0.4603958983685997,0,2
23,14,680000.0,48571.42857142857,23756.664767578823,178,0.550561797752809,0.21428571428571427,0.21428571428571427,0.07142857142857142,0.2857142857142857,0.21428571428571427,0.4891078040383875,0,2
1,13,481000.0,37000.0,18678.19584435285,163,0.558282208588957,0.23076923076923078,0.07692307692307693,0.07692307692307693,0.23076923076923078,0.38461538461538464,0.5048161039014284,0,2
54,2,180000.0,90000.0,4949.747468305833,56,0.25,0.0,0.0,0.5,0.5,0.0,0.05499719409228703,4,5
70,4,20500.0,5125.0,2286.737122335374,166,0.1686746987951807,0.5,0.25,0.0,0.0,0.25,0.4461926092361705,1,3
1,16,706500.0,44156.25,32625.0,161,0.6956521739130435,0.0625,0.3125,0.125,0.4375,0.0625,0.7388535031847133,0,2
5,4,452500.0,113125.0,38432.570822155525,160,0.175,0.5,0.0,0.25,0.0,0.25,0.33973543268203776,1,5
1,14,1504500.0,107464.28571428571,34078.7912195989,180,0.5444444444444444,0.0,0.14285714285714285,0.7857142857142857,0.0,0.07142857142857142,0.3171173659517345,3,1
15,4,34500.0,8625.0,5121.441854269818,156,0.1794871794871795,0.75,0.0,0.25,0.0,0.0,0.5937903599153411,1,3
35,3,62000.0,20666.666666666668,8962.886439832502,183,0.11475409836065574,0.0,0.3333333333333333,0.0,0.3333333333333333,0.3333333333333333,0.43368805354028234,4,5
45,3,50000.0,16666.666666666668,5299.371031861549,148,0.14189189189189189,0.0,0.3333333333333333,0.0,0.3333333333333333,0.3333333333333333,0.31796226191169297,4,5
12,19,16539000.0,870473.6842105263,618068.5523306594,182,0.7307692307692307,0.0,0.8421052631578947,0.0,0.15789473684210525,0.0,0.710037033332277,5,0
139,1,287000.0,287000.0,0.0,139,0.050359712230215826,0.0,0.0,0.0,1.0,0.0,0.0,4,4
1,28,2961500.0,105767.85714285714,45134.87650054641,182,1.0769230769230769,0.0,0.17857142857142858,0.5357142857142857,0.25,0.03571428571428571,0.42673528347638,3,1
10,16,18179500.0,1136218.75,1613639.3542625934,174,0.6436781609195402,0.0625,0.625,0.0,0.1875,0.125,1.4201837051734918,5,0
36,1,24500.0,24500.0,0.0,36,0.19444444444444442,0.0,0.0,0.0,0.0,1.0,0.0,6,6
17,17,1899500.0,111735.29411764706,33174.311243348944,139,0.8561151079136691,0.11764705882352941,0.11764705882352941,0.5882352941176471,0.058823529411764705,0.11764705882352941,0.29690091662907714,3,1
170,1,62500.0,62500.0,0.0,170,0.041176470588235294,0.0,0.0,1.0,0.0,0.0,0.0,2,6
25,4,106500.0,26625.0,11160.757142774857,179,0.1564245810055866,0.25,0.0,0.0,0.25,0.5,0.41918336686478336,6,3
43,18,1840500.0,102250.0,33506.47435242048,168,0.75,0.05555555555555555,0.2777777777777778,0.5555555555555556,0.1111111111111111,0.0,0.32769168070826876,3,1
155,1,10500.0,10500.0,0.0,155,0.04516129032258065,0.0,0.0,0.0,0.0,1.0,0.0,6,6
15,18,22438526.16712768,1246584.787062649,2268534.5113514755,167,0.7544910179640718,0.05555555555555555,0.5555555555555556,0.1111111111111111,0.1111111111111111,0.16666666666666666,1.8197996116227808,5,0
1,13,13105000.0,1008076.9230769231,715453.7850831064,181,0.5027624309392265,0.0,0.6923076923076923,0.0,0.23076923076923078,0.07692307692307693,0.7097214197695828,5,0
25,2,173500.0,86750.0,61871.84335382291,94,0.14893617021276595,0.0,0.0,0.0,0.5,0.5,0.7132200962976704,4,5
26,3,20000.0,6666.666666666667,1527.5252316519466,98,0.21428571428571427,0.6666666666666666,0.0,0.0,0.0,0.3333333333333333,0.22912878474779197,1,3
176,1,16500.0,16500.0,0.0,176,0.03977272727272727,1.0,0.0,0.0,0.0,0.0,0.0,1,3
26,3,40000.0,13333.333333333334,6525.5906501506315,136,0.15441176470588236,0.3333333333333333,0.0,0.0,0.3333333333333333,0.3333333333333333,0.48941929876129736,4,3
65,2,20500.0,10250.0,353.5533905932738,93,0.15053763440860216,0.0,0.0,0.0,0.5,0.5,0.034493013716416956,4,5
9,14,549500.0,39250.0,20184.48566445183,183,0.5355191256830601,0.07142857142857142,0.07142857142857142,0.07142857142857142,0.5,0.2857142857142857,0.5142544118331677,0,2
57,2,35000.0,17500.0,12020.815280171308,86,0.1627906976744186,0.0,0.5,0.0,0.0,0.5,0.6869037302955033,2,5
13,16,776500.0,48531.25,23989.211985112528,168,0.6666666666666666,0.3125,0.1875,0.0,0.25,0.25,0.49430443240412164,0,2
63,2,35500.0,17750.0,10960.155108391487,145,0.09655172413793103,0.0,0.0,0.0,0.5,0.5,0.6174735272333233,4,5
1,18,1074500.0,59694.444444444445,42383.10529419812,173,0.7283236994219653,0.2222222222222222,0.2777777777777778,0.0,0.16666666666666666,0.3333333333333333,0.7100008332206292,0,2
37,5,108500.0,21700.0,12013.5340345795,166,0.2108433734939759,0.0,0.0,0.2,0.4,0.4,0.5536190799345392,4,5
94,1,169500.0,169500.0,0.0,94,0.07446808510638298,0.0,0.0,1.0,0.0,0.0,0.0,2,6
133,2,58000.0,29000.0,28991.378028648447,182,0.07692307692307693,0.0,0.0,0.0,0.5,0.5,0.99970269064305,4,5
10,11,1389000.0,126272.72727272728,48837.67174854041,183,0.4207650273224044,0.0,0.0,1.0,0.0,0.0,0.38676341917490603,3,1
4,3,19000.0,6333.333333333333,1040.8329997330661,161,0.13043478260869565,0.6666666666666666,0.0,0.3333333333333333,0.0,0.0,0.1643420525894315,1,3
9,21,12540000.0,597142.8571428572,346194.09811755683,179,0.8212290502793296,0.047619047619047616,0.6666666666666666,0.0,0.047619047619047616,0.23809523809523808,0.5797508820150473,5,0
3,20,937000.0,46850.0,31565.345754982296,183,0.7650273224043715,0.1,0.35,0.1,0.1,0.35,0.6737533779078398,0,2
68,2,41500.0,20750.0,1060.6601717798212,91,0.15384615384615385,0.0,0.0,0.0,0.5,0.5,0.05111615285685885,4,5
5,17,10961500.0,644794.1176470588,568213.5948199721,173,0.6878612716763005,0.058823529411764705,0.5294117647058824,0.058823529411764705,0.17647058823529413,0.17647058823529413,0.881232596993069,5,0
9,19,9214500.0,484973.6842105263,304855.81626967574,171,0.7777777777777778,0.0,0.47368421052631576,0.10526315789473684,0.3157894736842105,0.10526315789473684,0.6286028009250463,5,0
19,10,398500.0,39850.0,26241.45363521024,182,0.38461538461538464,0.1,0.3,0.3,0.2,0.1,0.6585057373954891,0,2
14,2,18000.0,9000.0,707.1067811865476,66,0.21212121212121213,0.0,0.0,0.0,0.0,1.0,0.07856742013183862,6,5
2,14,13883000.0,991642.8571428572,671701.4683900599,157,0.624203821656051,0.0,0.42857142857142855,0.21428571428571427,0.14285714285714285,0.21428571428571427,0.6773622817446401,5,0
99,1,11500.0,11500.0,0.0,99,0.0707070707070707,0.0,0.0,0.0,1.0,0.0,0.0,4,4
48,12,1427500.0,118958.33333333333,56035.07762323904,183,0.45901639344262296,0.08333333333333333,0.16666666666666666,0.6666666666666666,0.08333333333333333,0.0,0.4710479379886995,3,1
3,10,503000.0,50300.0,50263.30669583927,175,0.4,0.0,0.2,0.0,0.4,0.4,0.9992705108516753,0,2
14,2,40000.0,20000.0,1414.213562373095,54,0.25925925925925924,0.5,0.0,0.0,0.0,0.5,0.07071067811865475,1,3
142,1,246000.0,246000.0,0.0,142,0.04929577464788733,0.0,0.0,0.0,1.0,0.0,0.0,4,4
43,2,29500.0,14750.0,8838.834764831845,144,0.09722222222222221,0.0,0.0,0.0,1.0,0.0,0.5992430349038539,4,4
5,17,1813000.0,106647.05882352941,60789.79270452255,182,0.6538461538461539,0.058823529411764705,0.058823529411764705,0.7058823529411765,0.058823529411764705,0.11764705882352941,0.5700090876871944,3,1
1,2,54500.0,27250.0,19445.436482630055,140,0.1,0.0,0.0,0.0,0.0,1.0,0.7135939993625708,6,5
134,1,15500.0,15500.0,0.0,134,0.05223880597014925,0.0,0.0,0.0,0.0,1.0,0.0,6,6
32,2,16500.0,8250.0,4596.194077712559,137,0.1021897810218978,0.0,0.0,0.0,0.5,0.5,0.5571144336621284,4,5
116,2,38000.0,19000.0,2828.42712474619,175,0.08,0.0,0.0,0.0,1.0,0.0,0.1488645855129574,4,4
3,4,64000.0,16000.0,4690.41575982343,136,0.2058823529411765,0.0,0.0,0.25,0.5,0.25,0.29315098498896436,4,5
5,2,18500.0,9250.0,3889.0872965260114,141,0.09929078014184398,1.0,0.0,0.0,0.0,0.0,0.42044186989470395,1,3
13,16,1747500.0,109218.75,47291.63729808193,175,0.64,0.0,0.0625,0.5625,0.1875,0.1875,0.4329992542313653,3,1
1,24,2625500.0,109395.83333333333,40577.8851653552,168,1.0,0.041666666666666664,0.0,0.7083333333333334,0.08333333333333333,0.16666666666666666,0.37092715443478375,3,1
73,10,601500.0,60150.0,47483.35965835236,179,0.39106145251396646,0.0,0.3,0.0,0.4,0.3,0.7894157881687841,0,2
4,15,868500.0,57900.0,38916.66921586613,172,0.6104651162790697,0.2,0.13333333333333333,0.2,0.2,0.26666666666666666,0.6721359104640092,0,2
16,19,2257000.0,118789.47368421052,51248.39178763285,183,0.726775956284153,0.10526315789473684,0.10526315789473684,0.631578947368421,0.15789473684210525,0.0,0.43142199555384325,3,1
34,3,111500.0,37166.666666666664,6934.214687571574,68,0.3088235294117647,0.0,0.3333333333333333,0.0,0.6666666666666666,0.0,0.1865707987687419,4,5
71,2,41500.0,20750.0,1767.7669529663688,129,0.10852713178294575,0.5,0.0,0.0,0.0,0.5,0.08519358809476477,1,3
2,2,928500.0,464250.0,459265.8543806626,164,0.08536585365853659,1.0,0.0,0.0,0.0,0.0,0.9892640912884494,1,3
99,2,38000.0,19000.0,1414.213562373095,121,0.11570247933884298,0.5,0.0,0.0,0.5,0.0,0.0744322927564787,4,3
6,14,766000.0,54714.28571428572,34227.02164940752,180,0.5444444444444444,0.07142857142857142,0.35714285714285715,0.0,0.2857142857142857,0.2857142857142857,0.6255591424173698,0,2
24,21,1552861.979372872,73945.80854156533,148364.0295081415,178,0.8258426966292135,0.19047619047619047,0.09523809523809523,0.09523809523809523,0.19047619047619047,0.42857142857142855,2.0063886301918696,0,0
61,1,19500.0,19500.0,0.0,61,0.11475409836065575,0.0,0.0,0.0,0.0,1.0,0.0,6,6
24,15,1775000.0,118333.33333333333,43402.87460306659,157,0.6687898089171975,0.0,0.2,0.4666666666666667,0.2,0.13333333333333333,0.3667848558005628,3,1
88,1,150500.0,150500.0,0.0,88,0.07954545454545454,0.0,0.0,0.0,0.0,1.0,0.0,6,6
29,14,557500.0,39821.42857142857,19421.05037844755,183,0.5355191256830601,0.14285714285714285,0.21428571428571427,0.14285714285714285,0.21428571428571427,0.2857142857142857,0.48770350726146317,0,2
2,17,812500.0,47794.117647058825,35045.53235770994,180,0.6611111111111111,0.0,0.4117647058823529,0.23529411764705882,0.17647058823529413,0.17647058823529413,0.7332603693305464,0,2
7,16,12142500.0,758906.25,382010.9168924365,177,0.632768361581921,0.0625,0.8125,0.0625,0.0,0.0625,0.5033703660925661,5,0
114,1,16500.0,16500.0,0.0,114,0.06140350877192983,0.0,0.0,0.0,1.0,0.0,0.0,4,4
23,11,16674269.992210455,1515842.7265645869,2498362.7842108994,180,0.42777777777777776,0.09090909090909091,0.36363636363636365,0.18181818181818182,0.2727272727272727,0.09090909090909091,1.6481675443157853,5,0
62,3,25500.0,8500.0,2179.449471770337,111,0.18918918918918917,0.6666666666666666,0.3333333333333333,0.0,0.0,0.0,0.2564058202082749,1,3
3,18,19908000.0,1106000.0,1044188.3563464073,180,0.7,0.0,0.3333333333333333,0.0,0.3333333333333333,0.3333333333333333,0.9441124379262272,5,0
99,2,45500.0,22750.0,11667.261889578034,182,0.07692307692307693,0.0,0.0,0.0,1.0,0.0,0.5128466764649685,4,4
40,3,31000.0,10333.333333333334,5346.338310781814,122,0.17213114754098363,0.6666666666666666,0.0,0.0,0.3333333333333333,0.0,0.5173875784627561,1,3
2,20,698500.0,34925.0,14866.312146665872,183,0.7650273224043715,0.0,0.2,0.1,0.2,0.5,0.4256639125745418,0,2
49,1,11500.0,11500.0,0.0,49,0.14285714285714285,1.0,0.0,0.0,0.0,0.0,0.0,1,3
20,18,10209500.0,567194.4444444445,361752.72424230893,160,0.7875,0.0,0.6111111111111112,0.0,0.05555555555555555,0.3333333333333333,0.6377931374074696,5,0
29,21,17724000.0,844000.0,689737.0332235323,172,0.8546511627906976,0.047619047619047616,0.6190476190476191,0.047619047619047616,0.14285714285714285,0.14285714285714285,0.8172239730136638,5,0
14,4,30500.0,7625.0,1600.7810593582124,155,0.1806451612903226,0.5,0.25,0.0,0.0,0.25,0.2099384995879623,1,3
17,14,10471000.0,747928.5714285715,536142.6280220755,175,0.56,0.07142857142857142,0.6428571428571429,0.0,0.21428571428571427,0.07142857142857142,0.7168366719806185,5,0
110,2,40500.0,20250.0,353.5533905932738,173,0.08092485549132948,0.0,0.0,0.0,0.0,1.0,0.017459426695964137,6,5
111,2,50000.0,25000.0,4949.747468305833,116,0.12068965517241378,0.5,0.0,0.0,0.5,0.0,0.1979898987322333,4,3
8,19,2192500.0,115394.73684210527,59261.79651610124,168,0.7916666666666666,0.05263157894736842,0.05263157894736842,0.6842105263157895,0.15789473684210525,0.05263157894736842,0.5135571875967724,3,1
4,26,19741000.0,759269.2307692308,713492.3577834488,181,1.005524861878453,0.038461538461538464,0.38461538461538464,0.23076923076923078,0.2692307692307692,0.07692307692307693,0.9397093005607451,5,0
42,2,30000.0,15000.0,7778.174593052023,91,0.15384615384615385,0.0,0.5,0.0,0.0,0.5,0.5185449728701349,2,5
6,16,1869000.0,116812.5,48146.26153711211,178,0.6292134831460674,0.0625,0.125,0.6875,0.0625,0.0625,0.41216703295548085,3,1
6,19,2148000.0,113052.63157894737,50022.743365405,173,0.7687861271676301,0.05263157894736842,0.0,0.8421052631578947,0.0,0.10526315789473684,0.44247305583924346,3,1
13,2,21500.0,10750.0,3889.0872965260114,89,0.15730337078651685,0.0,0.0,0.0,1.0,0.0,0.36177556246753595,4,4
7,19,833000.0,43842.10526315789,26894.884184945608,183,0.726775956284153,0.15789473684210525,0.2631578947368421,0.0,0.2631578947368421,0.3157894736842105,0.6134487389123248,0,2
32,3,53000.0,17666.666666666668,10323.92044396572,176,0.11931818181818182,0.3333333333333333,0.0,0.0,0.0,0.6666666666666666,0.5843728553188143,6,3
5,19,857500.0,45131.57894736842,32919.44802817223,178,0.7471910112359551,0.10526315789473684,0.15789473684210525,0.10526315789473684,0.2631578947368421,0.3684210526315789,0.7294105102452155,0,2
7,21,857000.0,40809.52380952381,22244.929866419105,182,0.8076923076923077,0.09523809523809523,0.23809523809523808,0.09523809523809523,0.42857142857142855,0.14285714285714285,0.5450916303323234,0,2
47,3,39000.0,13000.0,6062.177826491071,161,0.13043478260869565,0.0,0.0,0.3333333333333333,0.3333333333333333,0.3333333333333333,0.4663213712685439,4,5
8,8,355500.0,44437.5,21202.152013416,175,0.32,0.125,0.375,0.0,0.375,0.125,0.47712297076604215,0,2
170,1,25000.0,25000.0,0.0,170,0.041176470588235294,0.0,0.0,0.0,1.0,0.0,0.0,4,4
13,12,1712265.9083614377,142688.8256967865,176659.77567789276,175,0.48,0.16666666666666666,0.25,0.5833333333333334,0.0,0.0,1.238077157165022,3,0
156,1,11000.0,11000.0,0.0,156,0.04487179487179487,0.0,0.0,0.0,0.0,1.0,0.0,6,6
83,4,26500.0,6625.0,2015.5644370746375,171,0.16374269005847955,0.5,0.5,0.0,0.0,0.0,0.3042361414452283,1,3
5,3,20000.0,6666.666666666667,2516.6114784235833,183,0.11475409836065574,1.0,0.0,0.0,0.0,0.0,0.37749172176353746,1,3
17,20,17637500.0,881875.0,677988.0816178035,164,0.853658536585366,0.1,0.5,0.1,0.1,0.2,0.7688029274191961,5,0
36,2,17500.0,8750.0,3889.0872965260114,40,0.35,0.5,0.0,0.0,0.0,0.5,0.44446711960297275,1,3
57,5,830500.0,166100.0,113260.42998329116,146,0.23972602739726026,0.0,0.4,0.2,0.4,0.0,0.6818809752154796,0,5
10,1,21500.0,21500.0,0.0,10,0.7,0.0,0.0,1.0,0.0,0.0,0.0,2,6
3,19,1832000.0,96421.05263157895,40517.233356072196,180,0.7388888888888888,0.0,0.10526315789473684,0.7368421052631579,0.10526315789473684,0.05263157894736842,0.42021148131297587,3,1
27,16,604500.0,37781.25,15501.579220625663,182,0.6153846153846154,0.125,0.1875,0.0625,0.125,0.5,0.41029820931349975,0,2
13,19,2094000.0,110210.52631578948,66788.91204331617,161,0.8260869565217391,0.05263157894736842,0.10526315789473684,0.5789473684210527,0.05263157894736842,0.21052631578947367,0.606012095904015,3,1
16,15,10563000.0,704200.0,426396.7719658032,172,0.6104651162790697,0.06666666666666667,0.4666666666666667,0.06666666666666667,0.0,0.4,0.6055052143791582,5,0
6,13,473500.0,36423.07692307692,18649.00148560926,174,0.5229885057471264,0.0,0.46153846153846156,0.0,0.46153846153846156,0.07692307692307693,0.5120106004496735,0,2
5,5,82000.0,16400.0,8912.070466507768,182,0.19230769230769232,0.2,0.0,0.0,0.4,0.4,0.54341893088462,4,3
20,2,16500.0,8250.0,7424.621202458749,32,0.4375,1.0,0.0,0.0,0.0,0.0,0.8999540851465151,1,3
5,2,28000.0,14000.0,5656.85424949238,160,0.0875,0.0,0.0,0.0,0.5,0.5,0.4040610178208843,4,5
17,20,929500.0,46475.0,24015.058324222107,179,0.7821229050279329,0.05,0.3,0.05,0.4,0.2,0.5167306793807876,0,2
4,19,785000.0,41315.78947368421,18487.39099307942,168,0.7916666666666666,0.10526315789473684,0.05263157894736842,0.15789473684210525,0.2631578947368421,0.42105263157894735,0.44746551448217703,0,2
16,16,21073811.17730257,1317113.1985814106,1802469.4446001602,175,0.64,0.0,0.5,0.0,0.25,0.25,1.3685000245548369,5,0
65,3,342000.0,114000.0,42240.38352098617,179,0.11731843575418993,0.0,0.3333333333333333,0.3333333333333333,0.0,0.3333333333333333,0.3705296800086506,2,5
177,1,334000.0,334000.0,0.0,177,0.03954802259887006,0.0,1.0,0.0,0.0,0.0,0.0,2,6
100,1,17500.0,17500.0,0.0,100,0.06999999999999999,0.0,0.0,0.0,0.0,1.0,0.0,6,6
54,3,44500.0,14833.333333333334,7371.114795831993,92,0.2282608695652174,0.0,0.3333333333333333,0.0,0.6666666666666666,0.0,0.49692908735946023,4,5
1,22,864000.0,39272.72727272727,25427.641162029464,181,0.8508287292817679,0.18181818181818182,0.4090909090909091,0.045454545454545456,0.2727272727272727,0.09090909090909091,0.6474630851442688,0,2
3,22,15965000.0,725681.8181818182,641918.192114825,175,0.88,0.0,0.6818181818181818,0.09090909090909091,0.09090909090909091,0.13636363636363635,0.8845725165378108,5,0
138,3,689000.0,229666.66666666666,116749.01855404752,180,0.11666666666666667,0.3333333333333333,0.3333333333333333,0.0,0.0,0.3333333333333333,0.5083411548071736,2,5
21,11,1048500.0,95318.18181818182,28312.782208105873,174,0.4425287356321839,0.0,0.0,0.9090909090909091,0.0,0.09090909090909091,0.2970344342290554,3,1
27,6,102500.0,17083.333333333332,4923.582706390405,173,0.24277456647398843,0.16666666666666666,0.3333333333333333,0.0,0.3333333333333333,0.16666666666666666,0.2882097193984628,4,3
7,21,14748500.0,702309.5238095238,501667.68074569234,181,0.8121546961325967,0.0,0.6190476190476191,0.09523809523809523,0.09523809523809523,0.19047619047619047,0.7143113737437393,5,0
58,7,117000.0,16714.285714285714,5589.105048046175,179,0.2737430167597765,0.14285714285714285,0.2857142857142857,0.0,0.5714285714285714,0.0,0.33439090031045493,4,5
44,13,11225500.0,863500.0,818170.1127108795,179,0.5083798882681564,0.07692307692307693,0.38461538461538464,0.15384615384615385,0.23076923076923078,0.15384615384615385,0.9475044733189109,5,0
17,16,14711000.0,919437.5,672544.964419976,157,0.713375796178344,0.125,0.5,0.125,0.125,0.125,0.7314743682087972,5,0
1,18,2352894.761604545,130716.37564469695,140842.92568581784,183,0.6885245901639344,0.1111111111111111,0.16666666666666666,0.5555555555555556,0.1111111111111111,0.05555555555555555,1.0774696360052554,3,0
3,17,9851000.0,579470.5882352941,340062.33208910737,172,0.6918604651162791,0.0,0.5882352941176471,0.0,0.23529411764705882,0.17647058823529413,0.5868500299984596,5,0
34,3,21000.0,7000.0,1322.8756555322952,80,0.2625,0.0,0.0,0.6666666666666666,0.0,0.3333333333333333,0.1889822365046136,2,5
98,1,38500.0,38500.0,0.0,98,0.07142857142857142,0.0,0.0,0.0,0.0,1.0,0.0,6,6
15,23,1007500.0,43804.34782608696,33589.006294820894,180,0.8944444444444444,0.21739130434782608,0.21739130434782608,0.0,0.21739130434782608,0.34782608695652173,0.7667961734797821,0,2
22,7,120500.0,17214.285714285714,7070.225967965609,174,0.28160919540229884,0.2857142857142857,0.0,0.14285714285714285,0.14285714285714285,0.42857142857142855,0.4107185209606578,6,5
12,17,11020000.0,648235.2941176471,341448.7112678427,182,0.6538461538461539,0.0,0.5882352941176471,0.17647058823529413,0.23529411764705882,0.0,0.5267357614839678,5,0
16,14,10003000.0,714500.0,415655.36760083423,177,0.5536723163841808,0.0,0.42857142857142855,0.14285714285714285,0.2857142857142857,0.14285714285714285,0.5817429917436449,5,0
14,22,21150000.0,961363.6363636364,617341.789676825,176,0.875,0.13636363636363635,0.45454545454545453,0.2727272727272727,0.045454545454545456,0.09090909090909091,0.6421522162123003,5,0
9,22,2878000.0,130818.18181818182,72236.14473420219,180,0.8555555555555555,0.09090909090909091,0.09090909090909091,0.5909090909090909,0.13636363636363635,0.09090909090909091,0.5521873468215595,3,1
115,2,56500.0,28250.0,15909.90257669732,128,0.109375,0.0,0.0,0.0,0.5,0.5,0.5631823920954803,4,5
18,18,1914000.0,106333.33333333333,29836.811058114894,175,0.72,0.05555555555555555,0.1111111111111111,0.7222222222222222,0.0,0.1111111111111111,0.2805969691985727,3,1
12,13,1333000.0,102538.46153846153,44335.58650530329,158,0.5759493670886076,0.0,0.0,0.6923076923076923,0.23076923076923078,0.07692307692307693,0.43238006344256774,3,1
67,1,10500.0,10500.0,0.0,67,0.1044776119402985,0.0,0.0,0.0,1.0,0.0,0.0,4,4
54,4,97500.0,24375.0,18080.260875699038,88,0.3181818181818182,0.0,0.5,0.0,0.0,0.5,0.7417542923363708,2,5
10,12,442000.0,36833.333333333336,15026.239675576815,181,0.46408839779005523,0.3333333333333333,0.08333333333333333,0.08333333333333333,0.25,0.25,0.4079522083867008,0,2
132,2,25500.0,12750.0,6717.514421272202,139,0.10071942446043165,0.5,0.5,0.0,0.0,0.0,0.5268638761782118,1,3
179,1,58000.0,58000.0,0.0,179,0.03910614525139665,0.0,0.0,0.0,0.0,1.0,0.0,6,6
1,1,4500.0,4500.0,0.0,1,7.0,1.0,0.0,0.0,0.0,0.0,0.0,1,3
3,18,14552000.0,808444.4444444445,611748.6481364156,169,0.7455621301775148,0.05555555555555555,0.5555555555555556,0.1111111111111111,0.2222222222222222,0.05555555555555555,0.756698437771817,5,0
153,2,39000.0,19500.0,2828.42712474619,173,0.08092485549132948,0.0,0.0,0.0,0.5,0.5,0.145047544858779,4,5
3,21,2600500.0,123833.33333333333,67664.12146280578,168,0.875,0.0,0.09523809523809523,0.7619047619047619,0.047619047619047616,0.09523809523809523,0.5464128247332903,3,1
36,15,1857500.0,123833.33333333333,48478.1492260271,180,0.5833333333333333,0.0,0.26666666666666666,0.6,0.06666666666666667,0.06666666666666667,0.3914789977875674,3,1
63,3,56000.0,18666.666666666668,4193.248541803042,107,0.19626168224299065,0.0,0.0,0.0,0.6666666666666666,0.3333333333333333,0.22463831473944865,4,5
81,2,232500.0,116250.0,58336.30944789017,111,0.12612612612612611,0.0,0.5,0.5,0.0,0.0,0.5018177156807756,2,5
10,13,546500.0,42038.46153846154,12095.90415950364,178,0.5112359550561798,0.0,0.15384615384615385,0.23076923076923078,0.38461538461538464,0.23076923076923078,0.2877342252031973,0,2
9,15,1275607.2086338368,85040.48057558913,94086.1628814679,183,0.5737704918032787,0.06666666666666667,0.26666666666666666,0.06666666666666667,0.26666666666666666,0.3333333333333333,1.1063691343775794,0,2
15,16,907500.0,56718.75,45361.499368958255,155,0.7225806451612904,0.125,0.3125,0.0,0.5625,0.0,0.7997619723452695,0,2
13,17,791000.0,46529.41176470588,32107.47118479362,177,0.672316384180791,0.11764705882352941,0.058823529411764705,0.17647058823529413,0.35294117647058826,0.29411764705882354,0.6900467890537187,0,2
151,1,112000.0,112000.0,0.0,151,0.04635761589403973,1.0,0.0,0.0,0.0,0.0,0.0,1,3
10,3,41000.0,13666.666666666666,6714.412359494562,166,0.12650602409638553,0.3333333333333333,0.0,0.3333333333333333,0.3333333333333333,0.0,0.49129846532887045,4,3
156,1,10000.0,10000.0,0.0,156,0.04487179487179487,0.0,0.0,0.0,0.0,1.0,0.0,6,6
26,3,33500.0,11166.666666666666,5923.118547972287,50,0.42,0.0,0.3333333333333333,0.0,0.3333333333333333,0.3333333333333333,0.5304285266840855,4,5
15,1,35500.0,35500.0,0.0,15,0.4666666666666667,0.0,0.0,0.0,1.0,0.0,0.0,4,4
25,2,34500.0,17250.0,1767.7669529663688,53,0.2641509433962264,0.0,0.0,0.0,0.0,1.0,0.10247924365022427,6,5
7,17,644000.0,37882.35294117647,16798.929850369845,183,0.6502732240437159,0.23529411764705882,0.29411764705882354,0.058823529411764705,0.23529411764705882,0.17647058823529413,0.443450011578086,0,2
4,18,2009000.0,111611.11111111111,45468.33272779806,173,0.7283236994219653,0.0,0.2222222222222222,0.2777777777777778,0.1111111111111111,0.3888888888888889,0.407381776555682,0,1
9,20,943500.0,47175.0,21598.778596071243,172,0.813953488372093,0.05,0.25,0.25,0.25,0.2,0.4578437434249336,0,2
12,2,460000.0,230000.0,51618.79502661797,36,0.38888888888888884,0.0,1.0,0.0,0.0,0.0,0.22442954359399117,2,5
75,1,10000.0,10000.0,0.0,75,0.09333333333333334,0.0,1.0,0.0,0.0,0.0,0.0,2,6
16,9,1028500.0,114277.77777777778,55465.70511987065,179,0.3519553072625698,0.1111111111111111,0.2222222222222222,0.4444444444444444,0.1111111111111111,0.1111111111111111,0.48535862525895557,3,1
28,1,63500.0,63500.0,0.0,28,0.25,0.0,0.0,0.0,0.0,1.0,0.0,6,6
14,25,1200000.0,48000.0,28685.071611089512,174,1.0057471264367817,0.16,0.16,0.16,0.32,0.2,0.5976056585643649,0,2
2,16,805000.0,50312.5,26738.782694804937,154,0.7272727272727273,0.0,0.1875,0.1875,0.375,0.25,0.5314540659837006,0,2
167,2,23500.0,11750.0,3181.9805153394636,183,0.07650273224043716,0.0,0.0,0.0,0.5,0.5,0.27080685236931606,4,5
4,28,30822000.0,1100785.7142857143,1092966.0581339223,183,1.0710382513661203,0.07142857142857142,0.39285714285714285,0.17857142857142858,0.14285714285714285,0.21428571428571427,0.99289629575465,5,0
21,19,1876500.0,98763.15789473684,37864.2929204095,183,0.726775956284153,0.15789473684210525,0.10526315789473684,0.47368421052631576,0.15789473684210525,0.10526315789473684,0.3833847937584761,3,1
7,14,544000.0,38857.142857142855,17564.637301022856,182,0.5384615384615384,0.2857142857142857,0.2857142857142857,0.14285714285714285,0.07142857142857142,0.21428571428571427,0.45203110701161764,0,2
89,3,33000.0,11000.0,4769.696007084728,160,0.13125,0.0,0.3333333333333333,0.3333333333333333,0.0,0.3333333333333333,0.43360872791679345,2,3
27,10,5899000.0,589900.0,463649.70014488784,178,0.39325842696629215,0.1,0.5,0.0,0.2,0.2,0.7859801663754667,5,0
84,1,269500.0,269500.0,0.0,84,0.08333333333333333,0.0,0.0,0.0,0.0,1.0,0.0,6,6
33,3,45000.0,15000.0,6244.9979983983985,63,0.3333333333333333,0.3333333333333333,0.0,0.0,0.0,0.6666666666666666,0.4163331998932266,6,3
89,2,795000.0,397500.0,282135.60569343244,165,0.08484848484848484,0.0,0.5,0.0,0.0,0.5,0.7097751086627231,2,5
2,15,1548000.0,103200.0,41917.35065237646,170,0.6176470588235294,0.06666666666666667,0.0,0.8,0.06666666666666667,0.06666666666666667,0.4061758784145006,3,1
2,19,851000.0,44789.47368421053,34077.247129570555,168,0.7916666666666666,0.2631578947368421,0.15789473684210525,0.15789473684210525,0.21052631578947367,0.21052631578947367,0.760831604538003,0,2
114,3,44000.0,14666.666666666666,3253.2035493238554,180,0.11666666666666667,0.0,0.0,0.0,0.0,1.0,0.2218093329084447,6,5
52,2,21000.0,10500.0,4242.640687119285,119,0.11764705882352941,0.5,0.5,0.0,0.0,0.0,0.40406101782088427,1,3
33,2,18000.0,9000.0,3535.5339059327375,45,0.3111111111111111,0.0,0.0,0.0,0.0,1.0,0.3928371006591931,6,5
4,18,1700000.0,94444.44444444444,23350.833773304475,174,0.7241379310344828,0.0,0.0,0.6666666666666666,0.16666666666666666,0.16666666666666666,0.24724412230557682,3,1
71,1,23000.0,23000.0,0.0,71,0.09859154929577466,0.0,0.0,0.0,0.0,1.0,0.0,6,6
13,4,45000.0,11250.0,4699.290726623894,155,0.1806451612903226,0.25,0.25,0.0,0.25,0.25,0.41771473125545727,4,3
4,17,1852500.0,108970.58823529411,46276.50274040113,177,0.672316384180791,0.058823529411764705,0.23529411764705882,0.5882352941176471,0.058823529411764705,0.058823529411764705,0.4246696607756109,3,1
13,16,13309500.0,831843.75,548350.4572427503,173,0.6473988439306358,0.0625,0.625,0.0625,0.0625,0.1875,0.6591988666654649,5,0
1,8,2583500.0,322937.5,157310.98351899744,182,0.3076923076923077,0.0,0.75,0.0,0.0,0.25,0.4871251666932377,5,0
6,15,12455500.0,830366.6666666666,664479.8305728288,181,0.580110497237569,0.06666666666666667,0.6,0.13333333333333333,0.06666666666666667,0.13333333333333333,0.8002245962500447,5,0
148,1,16500.0,16500.0,0.0,148,0.0472972972972973,0.0,0.0,1.0,0.0,0.0,0.0,2,6
15,21,2586000.0,123142.85714285714,43505.78779229923,167,0.8802395209580838,0.0,0.047619047619047616,0.7619047619047619,0.09523809523809523,0.09523809523809523,0.35329526049430926,3,1
11,4,68000.0,17000.0,5492.419017761361,83,0.3373493975903614,0.5,0.0,0.0,0.25,0.25,0.32308347163302126,1,3
83,2,59000.0,29500.0,2121.3203435596424,116,0.12068965517241378,0.0,0.0,0.5,0.5,0.0,0.07190916418846245,4,5
5,12,594000.0,49500.0,19634.15391607186,144,0.5833333333333333,0.16666666666666666,0.4166666666666667,0.08333333333333333,0.16666666666666666,0.16666666666666666,0.3966495740620578,0,2
3,11,8856000.0,805090.9090909091,447539.76461214136,158,0.4873417721518987,0.09090909090909091,0.5454545454545454,0.0,0.09090909090909091,0.2727272727272727,0.5558872415010789,5,0
8,17,1801000.0,105941.17647058824,41893.79516741604,175,0.68,0.0,0.0,0.8235294117647058,0.058823529411764705,0.11764705882352941,0.3954439299533996,3,1
71,2,23500.0,11750.0,1060.6601717798212,136,0.10294117647058824,0.0,0.0,0.0,0.5,0.5,0.09026895078977201,4,5
9,2,1076000.0,538000.0,304763.022691402,83,0.1686746987951807,0.0,0.0,0.0,0.5,0.5,0.5664740198724945,4,5
42,1,113500.0,113500.0,0.0,42,0.16666666666666666,1.0,0.0,0.0,0.0,0.0,0.0,1,3
2,13,564500.0,43423.07692307692,23055.048393144967,167,0.5449101796407185,0.15384615384615385,0.38461538461538464,0.15384615384615385,0.23076923076923078,0.07692307692307693,0.5309399984249505,0,2
5,17,2102500.0,123676.4705882353,62292.64131311744,182,0.6538461538461539,0.0,0.17647058823529413,0.7058823529411765,0.058823529411764705,0.058823529411764705,0.5036741509265144,3,1
81,2,29000.0,14500.0,2828.42712474619,160,0.0875,0.0,0.5,0.5,0.0,0.0,0.1950639396376683,2,5
5,5,37500.0,7500.0,2474.8737341529163,163,0.2147239263803681,0.4,0.2,0.2,0.2,0.0,0.3299831645537222,1,3
119,3,55000.0,18333.333333333332,3403.429642777023,175,0.12,0.0,0.3333333333333333,0.0,0.0,0.6666666666666666,0.18564161687874672,6,5
59,2,59500.0,29750.0,10253.048327204939,166,0.08433734939759036,0.0,0.0,0.0,0.0,1.0,0.34464027990604834,6,5
9,3,50500.0,16833.333333333332,7488.880646220324,142,0.14788732394366197,0.0,0.0,0.0,0.6666666666666666,0.3333333333333333,0.4448839987853658,4,5
100,3,68500.0,22833.333333333332,12013.880860626732,171,0.12280701754385966,0.0,0.3333333333333333,0.0,0.0,0.6666666666666666,0.526155366158835,6,5
16,11,1211500.0,110136.36363636363,53922.6719057443,174,0.4425287356321839,0.2727272727272727,0.0,0.5454545454545454,0.09090909090909091,0.09090909090909091,0.4895991671177774,3,1
10,19,14797000.0,778789.4736842106,480806.0164334432,181,0.7348066298342542,0.2631578947368421,0.3157894736842105,0.10526315789473684,0.21052631578947367,0.10526315789473684,0.617376110849187,5,0
19,3,40000.0,13333.333333333334,2466.441431158124,120,0.17500000000000002,0.0,0.0,0.0,0.6666666666666666,0.3333333333333333,0.1849831073368593,4,5
4,12,6038500.0,503208.3333333333,486096.67287360434,157,0.535031847133758,0.0,0.6666666666666666,0.0,0.16666666666666666,0.16666666666666666,0.9659948786094646,5,0
40,1,154500.0,154500.0,0.0,40,0.175,0.0,0.0,0.0,0.0,1.0,0.0,6,6
146,1,83500.0,83500.0,0.0,146,0.04794520547945205,0.0,0.0,1.0,0.0,0.0,0.0,2,6
4,14,13412000.0,958000.0,680090.406886071,175,0.56,0.0,0.6428571428571429,0.07142857142857142,0.14285714285714285,0.14285714285714285,0.7099064790042494,5,0
169,1,11500.0,11500.0,0.0,169,0.04142011834319527,0.0,0.0,1.0,0.0,0.0,0.0,2,6
9,28,1057500.0,37767.857142857145,18862.80002724211,169,1.1597633136094674,0.14285714285714285,0.2857142857142857,0.21428571428571427,0.17857142857142858,0.17857142857142858,0.49944056809719056,0,2
88,1,159000.0,159000.0,0.0,88,0.07954545454545454,1.0,0.0,0.0,0.0,0.0,0.0,1,3
8,22,2533500.0,115159.09090909091,38285.0792655872,170,0.9058823529411765,0.18181818181818182,0.09090909090909091,0.6818181818181818,0.045454545454545456,0.0,0.33245381639744165,3,1
4,15,11905500.0,793700.0,490097.83279900934,165,0.6363636363636364,0.06666666666666667,0.4666666666666667,0.06666666666666667,0.26666666666666666,0.13333333333333333,0.6174849852576658,5,0
89,2,361000.0,180500.0,219203.10216782973,144,0.09722222222222221,0.0,1.0,0.0,0.0,0.0,1.2144216186583365,2,5
2,22,990000.0,45000.0,27477.696583298417,166,0.927710843373494,0.09090909090909091,0.2727272727272727,0.09090909090909091,0.22727272727272727,0.3181818181818182,0.6106154796288538,0,2
5,21,2012500.0,95833.33333333333,42183.33004082695,158,0.930379746835443,0.09523809523809523,0.0,0.7142857142857143,0.09523809523809523,0.09523809523809523,0.44017387868688995,3,1
117,4,282040.0253008141,70510.00632520352,105397.8956092511,160,0.175,0.5,0.0,0.0,0.0,0.5,1.4947934499273623,1,5
27,17,834500.0,49088.23529411765,25121.72571582566,176,0.6761363636363636,0.0,0.35294117647058826,0.11764705882352941,0.17647058823529413,0.35294117647058826,0.5117667311791926,0,2
5,23,17758000.0,772086.9565217391,543038.4561171837,167,0.9640718562874251,0.043478260869565216,0.5217391304347826,0.13043478260869565,0.2608695652173913,0.043478260869565216,0.7033384666457497,5,0
113,2,35000.0,17500.0,1414.213562373095,160,0.0875,0.0,0.5,0.0,0.0,0.5,0.08081220356417686,2,5
3,2,23500.0,11750.0,5303.300858899106,132,0.10606060606060606,0.5,0.0,0.0,0.0,0.5,0.4513447539488601,1,3
31,5,69500.0,13900.0,8065.358020571684,159,0.220125786163522,0.2,0.0,0.0,0.4,0.4,0.5802415842137902,4,3
60,2,491500.0,245750.0,264104.3827731755,160,0.0875,0.0,0.0,0.0,0.5,0.5,1.0746872137260448,4,5
5,17,1882500.0,110735.29411764706,35816.42327858252,173,0.6878612716763005,0.11764705882352941,0.058823529411764705,0.8235294117647058,0.0,0.0,0.3234418038437731,3,1
10,19,2028000.0,106736.84210526316,42427.83691197608,172,0.7732558139534883,0.10526315789473684,0.10526315789473684,0.631578947368421,0.05263157894736842,0.10526315789473684,0.39749945824829663,3,1
148,1,8500.0,8500.0,0.0,148,0.0472972972972973,1.0,0.0,0.0,0.0,0.0,0.0,1,3
85,2,24000.0,12000.0,3535.5339059327375,112,0.125,0.0,0.0,0.0,1.0,0.0,0.2946278254943948,4,4
70,2,25000.0,12500.0,7778.174593052023,102,0.13725490196078433,0.0,0.0,0.0,0.5,0.5,0.6222539674441618,4,5
3,16,576500.0,36031.25,17409.25879142092,174,0.6436781609195402,0.0625,0.4375,0.0,0.3125,0.1875,0.4831711026239978,0,2
45,2,42500.0,21250.0,1060.6601717798212,138,0.10144927536231883,0.0,0.0,0.0,1.0,0.0,0.049913419848462176,4,4
79,3,904000.0,301333.3333333333,173389.9747198013,177,0.11864406779661017,0.0,0.0,0.6666666666666666,0.0,0.3333333333333333,0.5754092081409335,2,5
1,17,16792000.0,987764.7058823529,734851.7094805391,179,0.6648044692737429,0.11764705882352941,0.47058823529411764,0.11764705882352941,0.17647058823529413,0.11764705882352941,0.7439542080257959,5,0
129,1,19000.0,19000.0,0.0,129,0.054263565891472874,0.0,0.0,1.0,0.0,0.0,0.0,2,6
79,2,16000.0,8000.0,1414.213562373095,147,0.09523809523809523,0.0,0.0,0.0,0.0,1.0,0.1767766952966369,6,5
6,24,15808500.0,658687.5,525137.6592297532,172,0.9767441860465116,0.08333333333333333,0.4583333333333333,0.16666666666666666,0.125,0.16666666666666666,0.7972485575174164,5,0
8,14,1334000.0,95285.71428571429,24739.966331139865,174,0.5632183908045977,0.07142857142857142,0.07142857142857142,0.7142857142857143,0.07142857142857142,0.07142857142857142,0.2596398265636867,3,1
6,1,24000.0,24000.0,0.0,6,1.1666666666666667,0.0,0.0,0.0,1.0,0.0,0.0,4,4
32,1,48500.0,48500.0,0.0,32,0.21875,0.0,0.0,0.0,1.0,0.0,0.0,4,4
5,22,2745000.0,124772.72727272728,39778.47206501074,178,0.8651685393258427,0.045454545454545456,0.13636363636363635,0.5454545454545454,0.18181818181818182,0.09090909090909091,0.3188074263862427,3,1
51,3,507500.0,169166.66666666666,75137.09691845522,134,0.15671641791044777,0.3333333333333333,0.3333333333333333,0.3333333333333333,0.0,0.0,0.4441601788283068,2,5
78,1,24000.0,24000.0,0.0,78,0.08974358974358974,0.0,0.0,0.0,1.0,0.0,0.0,4,4
29,14,1589000.0,113500.0,36633.3181680284,182,0.5384615384615384,0.07142857142857142,0.14285714285714285,0.42857142857142855,0.14285714285714285,0.21428571428571427,0.3227605124936423,3,1
1,13,465000.0,35769.230769230766,18526.574814546115,183,0.4972677595628415,0.07692307692307693,0.3076923076923077,0.0,0.3076923076923077,0.3076923076923077,0.5179472528797839,0,2
161,1,62500.0,62500.0,0.0,161,0.043478260869565216,0.0,0.0,0.0,0.0,1.0,0.0,6,6
6,8,774000.0,96750.0,35815.000847609736,177,0.3163841807909605,0.0,0.25,0.75,0.0,0.0,0.3701808873137957,3,1
25,20,2414000.0,120700.0,38496.5480338993,181,0.7734806629834254,0.2,0.05,0.6,0.1,0.05,0.31894405993288566,3,1
11,15,590500.0,39366.666666666664,27736.300779887377,169,0.6213017751479291,0.06666666666666667,0.4,0.06666666666666667,0.26666666666666666,0.2,0.7045631019446413,0,2
137,3,185000.0,61666.666666666664,19185.497995447848,166,0.12650602409638553,0.3333333333333333,0.0,0.0,0.3333333333333333,0.3333333333333333,0.31111618370996513,4,5
3,15,643000.0,42866.666666666664,22063.598549474675,174,0.603448275862069,0.06666666666666667,0.2,0.13333333333333333,0.2,0.4,0.51470292106084,0,2
11,13,10519500.0,809192.3076923077,983105.6347629,174,0.5229885057471264,0.07692307692307693,0.5384615384615384,0.15384615384615385,0.15384615384615385,0.07692307692307693,1.2149221210055325,5,0
30,3,26000.0,8666.666666666666,1258.3057392117917,178,0.11797752808988765,0.6666666666666666,0.0,0.0,0.3333333333333333,0.0,0.14518912375520673,1,3
4,20,13156500.0,657825.0,503152.93466091866,170,0.823529411764706,0.0,0.75,0.05,0.15,0.05,0.764873537279548,5,0
10,2,180500.0,90250.0,78135.2993211135,129,0.10852713178294575,0.0,0.5,0.0,0.5,0.0,0.8657650894306206,4,5
2,17,10400000.0,611764.7058823529,382597.500549168,172,0.6918604651162791,0.058823529411764705,0.47058823529411764,0.17647058823529413,0.058823529411764705,0.23529411764705882,0.6253997605130631,5,0
98,1,139000.0,139000.0,0.0,98,0.07142857142857142,0.0,0.0,0.0,0.0,1.0,0.0,6,6
15,19,3171517.161230716,166921.9558542482,243166.39996422807,183,0.726775956284153,0.0,0.21052631578947367,0.5789473684210527,0.15789473684210525,0.05263157894736842,1.4567670185733654,3,0
6,15,1539000.0,102600.0,36814.30234491558,181,0.580110497237569,0.0,0.0,0.8,0.0,0.2,0.3588138630108731,3,1
112,1,11500.0,11500.0,0.0,112,0.0625,0.0,1.0,0.0,0.0,0.0,0.0,2,6
6,13,1364000.0,104923.07692307692,55934.428185244346,157,0.5796178343949046,0.0,0.07692307692307693,0.6923076923076923,0.15384615384615385,0.07692307692307693,0.5330993888622995,3,1
28,3,59000.0,19666.666666666668,5131.601439446885,166,0.12650602409638553,0.0,0.0,0.0,0.0,1.0,0.2609288867515365,6,5
55,4,32000.0,8000.0,1080.1234497346436,141,0.19858156028368795,0.5,0.25,0.0,0.0,0.25,0.13501543121683046,1,3
26,1,20500.0,20500.0,0.0,26,0.2692307692307692,1.0,0.0,0.0,0.0,0.0,0.0,1,3
1,4,67500.0,16875.0,5793.315113128234,153,0.1830065359477124,0.25,0.0,0.0,0.25,0.5,0.3433075622594509,6,5
136,1,111000.0,111000.0,0.0,136,0.05147058823529412,0.0,0.0,0.0,0.0,1.0,0.0,6,6
56,2,29000.0,14500.0,3535.5339059327375,112,0.125,0.0,0.0,0.5,0.0,0.5,0.24382992454708535,6,5
88,3,67000.0,22333.333333333332,9673.847907287634,176,0.11931818181818182,0.6666666666666666,0.0,0.0,0.0,0.3333333333333333,0.4331573689830284,1,3
3,28,2897500.0,103482.14285714286,35356.77475624751,181,1.0828729281767955,0.07142857142857142,0.10714285714285714,0.6785714285714286,0.07142857142857142,0.07142857142857142,0.3416702996289665,3,1
4,24,1323500.0,55145.833333333336,37602.46267567275,180,0.9333333333333333,0.041666666666666664,0.125,0.25,0.2916666666666667,0.2916666666666667,0.6818731425887011,0,2
8,29,1272000.0,43862.06896551724,25715.09303604046,182,1.1153846153846154,0.20689655172413793,0.10344827586206896,0.06896551724137931,0.2413793103448276,0.3793103448275862,0.5862717751927463,0,2
2,8,5977500.0,747187.5,433322.04598394746,171,0.3274853801169591,0.0,0.75,0.0,0.125,0.125,0.5799374935795198,5,0
156,1,18000.0,18000.0,0.0,156,0.04487179487179487,0.0,0.0,0.0,1.0,0.0,0.0,4,4
36,2,60000.0,30000.0,23334.52377915607,180,0.07777777777777778,0.0,0.0,0.0,0.0,1.0,0.7778174593052023,6,5
1,15,500500.0,33366.666666666664,14621.982798252122,179,0.5865921787709497,0.06666666666666667,0.2,0.0,0.4666666666666667,0.26666666666666666,0.4382212626848788,0,2
15,2,32500.0,16250.0,6717.514421272202,25,0.5599999999999999,0.0,0.0,0.0,0.0,1.0,0.4133855028475201,6,5
55,2,15000.0,7500.0,2121.3203435596424,94,0.14893617021276595,0.5,0.0,0.0,0.5,0.0,0.282842712474619,4,3
18,16,574000.0,35875.0,23147.71407000412,177,0.632768361581921,0.0625,0.3125,0.125,0.1875,0.3125,0.6452324479443657,0,2
1,19,2127500.0,111973.68421052632,40930.65737867268,179,0.7430167597765363,0.0,0.15789473684210525,0.6842105263157895,0.05263157894736842,0.10526315789473684,0.3655381857554787,3,1
3,16,2279478.871747032,142467.4294841895,153763.73699942935,171,0.6549707602339182,0.0,0.0625,0.625,0.125,0.1875,1.0792904564653039,3,0
4,24,1163500.0,48479.166666666664,25791.16766860595,175,0.96,0.16666666666666666,0.08333333333333333,0.125,0.2916666666666667,0.3333333333333333,0.5320051775217386,0,2
40,4,85500.0,21375.0,16769.88868975184,103,0.27184466019417475,0.0,0.25,0.25,0.25,0.25,0.784556196011782,4,5
23,3,424000.0,141333.33333333334,82870.88350761884,62,0.3387096774193548,0.3333333333333333,0.0,0.6666666666666666,0.0,0.0,0.5863505908557937,3,5
5,15,8957000.0,597133.3333333334,350471.33909038774,168,0.625,0.06666666666666667,0.8,0.0,0.06666666666666667,0.06666666666666667,0.5869230865642309,5,0
96,2,37500.0,18750.0,11667.261889578034,146,0.0958904109589041,0.5,0.0,0.0,0.5,0.0,0.6222539674441618,4,3
4,19,14153500.0,744921.052631579,627030.5074794539,175,0.76,0.15789473684210525,0.42105263157894735,0.05263157894736842,0.10526315789473684,0.2631578947368421,0.8417408868555215,5,0
73,2,27000.0,13500.0,0.0,167,0.08383233532934131,0.0,0.5,0.5,0.0,0.0,0.0,2,5
61,2,716000.0,358000.0,362745.7787486989,83,0.1686746987951807,0.0,0.5,0.5,0.0,0.0,1.0132563652198292,2,5
13,8,69500.0,8687.5,2914.710228184907,161,0.34782608695652173,0.875,0.0,0.0,0.0,0.125,0.3355062133162483,1,3
32,4,35000.0,8750.0,2753.785273643051,107,0.2616822429906542,0.75,0.25,0.0,0.0,0.0,0.31471831698777725,1,3
5,4,50500.0,12625.0,5328.774092916055,130,0.21538461538461537,0.25,0.0,0.0,0.0,0.75,0.42208111627057865,6,5
46,4,61000.0,15250.0,5267.826876426369,141,0.19858156028368795,0.0,0.25,0.0,0.25,0.5,0.3454312705853357,6,5
17,18,1054000.0,58555.555555555555,50017.02324588185,153,0.8235294117647058,0.05555555555555555,0.3333333333333333,0.05555555555555555,0.4444444444444444,0.1111111111111111,0.8541806626431435,0,2
65,1,16000.0,16000.0,0.0,65,0.10769230769230768,0.0,0.0,1.0,0.0,0.0,0.0,2,6
55,3,57500.0,19166.666666666668,9751.06831754005,162,0.12962962962962962,0.0,0.0,0.0,0.3333333333333333,0.6666666666666666,0.5087513904803505,6,5
1,17,1890500.0,111205.88235294117,53777.04517947499,174,0.6839080459770115,0.11764705882352941,0.058823529411764705,0.7647058823529411,0.0,0.058823529411764705,0.48358094051894995,3,1
22,18,715500.0,39750.0,20073.577892636993,180,0.7,0.05555555555555555,0.2777777777777778,0.16666666666666666,0.2777777777777778,0.2222222222222222,0.5049956702550187,0,2
139,2,22000.0,11000.0,1414.213562373095,182,0.07692307692307693,0.5,0.5,0.0,0.0,0.0,0.128564869306645,1,3
22,14,663000.0,47357.142857142855,30433.04667085321,161,0.6086956521739131,0.21428571428571427,0.14285714285714285,0.07142857142857142,0.5,0.07142857142857142,0.6426284364886048,0,2
9,22,1155000.0,52500.0,43136.549523135305,174,0.8850574712643678,0.0,0.4090909090909091,0.09090909090909091,0.36363636363636365,0.13636363636363635,0.8216485623454344,0,2
126,1,260500.0,260500.0,0.0,126,0.05555555555555555,0.0,1.0,0.0,0.0,0.0,0.0,2,6
12,21,2304000.0,109714.28571428571,41111.303624602886,178,0.8258426966292135,0.0,0.09523809523809523,0.8095238095238095,0.047619047619047616,0.047619047619047616,0.37471240282841173,3,1
82,3,43500.0,14500.0,2291.28784747792,153,0.1372549019607843,0.0,0.0,0.0,0.6666666666666666,0.3333333333333333,0.15801985155020137,4,5
23,14,11001000.0,785785.7142857143,486683.7827538579,176,0.5568181818181819,0.07142857142857142,0.6428571428571429,0.07142857142857142,0.07142857142857142,0.14285714285714285,0.6193594181032642,5,0
136,1,28500.0,28500.0,0.0,136,0.05147058823529412,0.0,0.0,0.0,0.0,1.0,0.0,6,6
34,16,507000.0,31687.5,16351.223195834616,169,0.6627218934911243,0.125,0.375,0.0,0.1875,0.3125,0.5160149332018814,0,2
6,21,21371000.0,1017666.6666666666,898340.0710940893,165,0.8909090909090909,0.047619047619047616,0.5714285714285714,0.047619047619047616,0.14285714285714285,0.19047619047619047,0.8827449109997603,5,0
123,2,36000.0,18000.0,4949.747468305833,181,0.07734806629834254,0.0,0.0,0.0,0.5,0.5,0.27498597046143514,4,5
5,15,1551500.0,103433.33333333333,44583.73609074865,180,0.5833333333333333,0.06666666666666667,0.2,0.5333333333333333,0.13333333333333333,0.06666666666666667,0.431038376642752,3,1
